Stream,Physics,Chemistry,Biology,English,ComputerScience,Mathematics,Accountancy,BusinessStudies,Economics,History,Geography,PoliticalScience,Sociology,Interest_Tech,Interest_Entrepreneurship,Interest_Leadership,Interest_Innovation,Interest_CriticalThinking,Interest_Research,Interest_ComputerSkill,Interest_HardwareSkill,Interest_Food,Interest_Creativity,PositiveThinking,Participated_Hackathon,Participated_Olympiad,Participated_Kabaddi,Participated_KhoKho,Participated_Cricket,CareerOption
Science_PCB,82,56,58,77,78,,,,,,,,,0,1,0,1,0,1,1,0,1,0,1,1,1,1,0,1,Software Developer
Commerce,,,,85,,65,53,100,85,,,,,1,1,0,1,0,1,1,1,0,0,0,1,1,0,0,0,Software Developer
Science_PCM,65,57,,85,83,73,,,,,,,,0,0,1,1,1,1,1,0,1,0,0,1,0,1,0,1,Software Developer
Science_PCB,66,74,67,92,98,,,,,,,,,1,1,1,0,1,1,0,0,1,0,1,0,1,0,0,0,Entrepreneur
Science_PCM,84,54,,76,77,57,,,,,,,,1,1,1,1,1,1,0,0,1,1,1,1,0,1,1,1,Athlete
Commerce,,,,82,,57,75,57,85,,,,,1,1,1,1,0,1,0,0,0,1,1,0,1,1,0,0,Athlete
Arts,,,,57,,,,,,67,74,57,97,0,1,0,0,1,0,0,1,0,0,1,0,0,1,1,1,Doctor
Commerce,,,,50,,73,80,76,70,,,,,0,0,0,1,1,0,0,1,0,0,0,0,0,0,0,1,Scientist
Science_PCM,56,68,,83,97,61,,,,,,,,1,0,1,0,1,0,0,0,0,0,1,1,1,1,1,0,Artist
Commerce,,,,83,,50,92,64,87,,,,,0,1,1,1,0,1,0,0,1,0,1,1,1,1,0,1,Teacher
Arts,,,,63,,,,,,96,71,68,76,0,0,0,0,1,1,0,1,1,1,0,1,0,1,1,0,Software Developer
Commerce,,,,92,,84,81,82,65,,,,,1,0,0,0,0,0,1,0,0,0,1,0,0,1,1,1,Chartered Accountant
Commerce,,,,100,,50,55,95,84,,,,,0,1,0,1,1,1,0,0,0,1,0,1,0,0,0,0,Entrepreneur
Arts,,,,91,,,,,,68,50,94,88,0,0,1,1,0,1,0,1,1,0,0,0,0,1,1,1,Teacher
Science_PCB,85,57,68,60,85,,,,,,,,,1,0,0,0,0,0,0,0,1,0,0,1,0,1,0,1,Chartered Accountant
Commerce,,,,60,,99,83,62,50,,,,,1,1,1,1,1,0,0,0,0,1,1,1,1,0,0,0,Doctor
Commerce,,,,97,,58,94,93,96,,,,,1,0,1,0,0,0,1,1,0,0,1,1,1,1,1,1,Athlete
Arts,,,,97,,,,,,54,95,74,55,0,0,1,0,1,0,1,1,0,0,0,1,0,0,0,1,Doctor
Science_PCM,64,63,,71,56,53,,,,,,,,1,1,0,0,1,1,1,0,1,0,1,1,0,1,0,0,Teacher
Arts,,,,58,,,,,,71,75,77,87,1,0,1,0,1,1,0,1,1,0,1,0,1,0,0,1,Politician
Commerce,,,,94,,58,70,73,74,,,,,1,0,0,1,1,0,1,0,0,1,1,1,1,0,0,0,Engineer
Arts,,,,52,,,,,,87,85,85,66,1,1,1,1,1,1,0,1,1,0,1,1,0,1,1,1,Athlete
Commerce,,,,99,,62,71,89,83,,,,,0,0,1,0,1,0,0,1,1,1,0,0,0,0,1,1,Doctor
Arts,,,,66,,,,,,96,78,64,55,1,0,0,1,0,1,1,1,0,0,1,1,0,0,0,0,Athlete
Commerce,,,,95,,69,67,74,82,,,,,0,1,0,1,1,1,1,0,0,1,1,1,1,0,1,1,Engineer
Commerce,,,,71,,69,91,98,53,,,,,1,1,1,0,0,1,1,0,1,1,0,0,0,1,1,0,Scientist
Science_PCB,93,66,96,100,83,,,,,,,,,1,1,0,0,0,1,1,0,0,0,0,0,0,1,0,1,Athlete
Science_PCB,80,60,90,93,56,,,,,,,,,0,0,0,0,0,0,1,0,0,1,0,0,0,0,0,1,Software Developer
Arts,,,,60,,,,,,51,82,60,100,1,1,0,0,1,1,0,1,0,0,1,1,0,1,0,0,Software Developer
Science_PCM,87,100,,54,90,65,,,,,,,,0,1,1,0,1,0,1,0,1,1,1,0,1,1,0,1,Artist
Arts,,,,89,,,,,,83,70,100,99,1,0,0,0,0,1,1,0,0,1,1,1,0,0,1,0,Engineer
Arts,,,,55,,,,,,94,84,59,90,1,1,1,0,1,1,0,1,0,1,1,1,0,0,0,1,Software Developer
Science_PCM,53,80,,92,54,80,,,,,,,,0,1,1,0,0,0,0,0,0,1,1,0,1,1,0,1,Artist
Arts,,,,64,,,,,,58,72,87,71,1,1,0,0,0,1,0,0,0,0,1,1,0,0,1,1,Politician
Arts,,,,86,,,,,,97,52,61,77,0,0,0,0,0,0,0,0,0,0,0,1,0,0,1,0,Athlete
Science_PCM,67,95,,65,84,52,,,,,,,,1,0,1,1,1,0,1,0,0,0,1,1,1,0,0,0,Artist
Commerce,,,,96,,65,86,85,61,,,,,0,1,1,0,0,0,0,0,0,0,0,0,0,0,1,1,Doctor
Science_PCB,73,55,71,76,59,,,,,,,,,1,1,1,0,0,1,0,0,0,1,0,1,1,1,1,1,Doctor
Science_PCM,80,71,,68,66,86,,,,,,,,1,1,1,1,1,0,1,0,1,1,1,0,1,0,0,1,Teacher
Arts,,,,71,,,,,,58,80,65,82,0,0,1,1,1,0,0,1,1,1,1,1,1,0,1,0,Scientist
Commerce,,,,94,,66,57,81,70,,,,,0,0,1,0,1,1,0,0,1,0,0,0,1,0,0,1,Chartered Accountant
Arts,,,,63,,,,,,73,73,54,56,0,0,0,1,1,0,0,0,0,1,1,0,1,1,1,1,Doctor
Arts,,,,100,,,,,,64,65,54,74,0,0,1,1,1,0,0,0,1,0,0,0,1,1,1,0,Politician
Arts,,,,99,,,,,,90,64,73,57,0,0,1,0,0,0,1,1,1,1,1,1,1,0,0,1,Politician
Arts,,,,95,,,,,,91,62,86,71,0,1,1,1,1,1,0,0,0,0,0,0,1,0,1,0,Artist
Arts,,,,60,,,,,,69,86,83,68,1,0,1,0,0,1,0,0,1,0,1,1,0,1,0,1,Teacher
Arts,,,,98,,,,,,98,100,96,87,1,0,0,1,0,0,1,0,1,0,0,0,1,1,0,0,Artist
Science_PCB,95,95,67,64,59,,,,,,,,,0,0,0,0,1,0,0,1,0,1,1,1,1,1,1,0,Teacher
Science_PCB,71,65,60,97,85,,,,,,,,,0,1,0,0,0,0,0,1,0,1,0,0,0,0,1,0,Artist
Science_PCB,69,79,94,68,95,,,,,,,,,1,0,0,0,1,0,1,1,0,0,0,0,0,1,1,1,Scientist
Science_PCM,84,58,,71,51,80,,,,,,,,1,0,0,0,1,1,1,0,1,1,1,1,0,1,1,0,Artist
Commerce,,,,68,,55,77,90,64,,,,,1,1,1,0,0,0,0,1,0,1,0,0,0,0,1,0,Politician
Arts,,,,74,,,,,,60,87,81,86,1,1,1,0,1,1,0,0,0,0,0,0,0,1,0,1,Software Developer
Arts,,,,70,,,,,,65,58,95,64,1,1,1,0,1,1,1,0,1,0,1,1,0,1,0,1,Teacher
Arts,,,,56,,,,,,85,88,55,97,1,0,0,0,1,1,0,1,0,1,0,1,1,1,0,0,Software Developer
Science_PCB,87,67,56,83,57,,,,,,,,,0,0,0,1,1,1,0,1,0,1,1,1,1,0,0,1,Software Developer
Science_PCM,96,97,,52,96,74,,,,,,,,1,0,0,0,0,0,1,0,1,0,1,1,1,1,1,1,Artist
Arts,,,,90,,,,,,70,63,75,98,1,0,0,1,0,0,0,1,0,0,1,1,0,1,0,1,Software Developer
Commerce,,,,61,,60,77,56,85,,,,,1,1,0,0,1,0,0,0,0,0,1,0,1,1,0,0,Engineer
Science_PCB,84,85,65,89,69,,,,,,,,,0,0,1,1,0,1,0,0,1,1,1,0,0,0,0,0,Software Developer
Commerce,,,,83,,90,97,87,53,,,,,1,0,0,1,0,1,0,0,0,0,0,1,1,1,0,0,Scientist
Science_PCM,93,83,,97,54,66,,,,,,,,1,1,0,0,1,0,0,0,0,0,0,0,0,1,0,1,Software Developer
Science_PCM,69,55,,77,69,51,,,,,,,,0,1,0,1,0,1,1,1,1,1,0,0,1,1,1,0,Politician
Commerce,,,,51,,63,94,69,73,,,,,0,0,1,0,0,1,1,0,0,0,0,0,1,1,1,0,Scientist
Science_PCB,55,73,80,90,65,,,,,,,,,1,0,0,1,0,0,0,1,0,0,0,0,0,0,0,1,Scientist
Arts,,,,77,,,,,,60,59,57,93,0,1,0,1,1,0,1,1,1,1,1,0,1,0,1,0,Scientist
Science_PCB,66,75,99,78,54,,,,,,,,,0,0,1,1,1,0,0,1,0,1,1,1,0,1,0,1,Entrepreneur
Science_PCM,83,92,,70,73,67,,,,,,,,0,0,0,0,0,1,0,1,1,1,1,1,1,1,0,0,Doctor
Arts,,,,71,,,,,,87,75,81,52,1,0,0,0,0,0,0,1,0,1,1,1,0,1,0,1,Politician
Science_PCM,90,55,,82,55,79,,,,,,,,0,1,1,0,0,0,1,0,1,1,1,0,1,0,1,1,Teacher
Arts,,,,99,,,,,,88,82,91,100,1,1,0,0,1,1,1,1,0,1,0,0,0,0,0,0,Scientist
Science_PCM,98,51,,77,62,87,,,,,,,,1,1,0,0,1,0,1,0,1,0,0,1,0,0,0,1,Chartered Accountant
Arts,,,,74,,,,,,76,51,69,83,1,0,1,0,0,1,0,1,0,0,1,1,1,1,1,1,Entrepreneur
Arts,,,,79,,,,,,79,60,100,73,1,1,1,1,0,0,0,0,0,1,1,1,1,1,0,1,Doctor
Arts,,,,51,,,,,,93,64,66,99,1,1,1,0,1,1,0,0,1,1,0,0,0,1,0,0,Scientist
Commerce,,,,56,,61,56,97,75,,,,,0,1,1,0,0,0,1,0,0,1,1,0,0,1,1,1,Scientist
Science_PCB,68,90,92,76,65,,,,,,,,,0,0,1,1,0,0,0,1,1,1,1,0,0,1,1,1,Artist
Arts,,,,76,,,,,,55,64,64,82,0,0,0,1,0,0,1,1,1,1,0,1,0,0,1,0,Engineer
Commerce,,,,61,,85,79,89,92,,,,,1,1,0,1,1,0,1,0,0,1,0,0,1,1,0,0,Politician
Commerce,,,,76,,64,50,89,79,,,,,1,0,1,0,1,0,1,0,0,1,0,1,1,1,0,0,Politician
Commerce,,,,92,,66,51,55,64,,,,,0,0,1,0,0,0,1,1,1,1,0,1,1,0,1,1,Engineer
Arts,,,,51,,,,,,63,61,56,74,1,0,1,0,1,1,1,1,0,1,1,1,1,1,0,1,Software Developer
Science_PCM,80,71,,92,67,50,,,,,,,,1,0,1,1,0,1,0,1,0,1,1,1,1,0,0,0,Doctor
Science_PCM,65,92,,93,89,80,,,,,,,,1,1,1,0,1,1,0,0,1,1,1,1,0,1,1,0,Artist
Arts,,,,97,,,,,,92,99,74,57,1,0,1,0,1,1,1,0,1,1,0,0,1,1,1,1,Scientist
Commerce,,,,89,,50,72,56,91,,,,,1,0,1,1,1,1,1,0,1,0,0,1,0,1,1,0,Software Developer
Science_PCM,55,89,,93,71,74,,,,,,,,1,0,0,0,0,1,1,1,1,1,1,1,1,0,0,0,Artist
Commerce,,,,84,,73,51,92,52,,,,,1,1,0,1,0,1,0,1,1,0,0,1,0,1,0,0,Teacher
Science_PCM,68,89,,94,77,85,,,,,,,,1,1,0,0,0,1,0,1,0,1,0,1,1,1,1,0,Engineer
Commerce,,,,53,,54,53,78,58,,,,,1,1,0,1,0,1,1,0,0,1,1,0,0,1,0,0,Athlete
Arts,,,,61,,,,,,51,84,100,70,0,1,0,1,1,0,0,1,1,0,1,1,0,1,0,0,Teacher
Science_PCM,86,66,,99,65,83,,,,,,,,0,0,0,0,0,0,0,0,0,0,0,0,1,1,1,1,Engineer
Arts,,,,80,,,,,,69,83,62,82,0,1,1,0,0,1,1,1,1,0,1,0,1,1,0,1,Athlete
Science_PCB,56,69,64,78,97,,,,,,,,,1,1,0,1,1,1,0,1,1,0,0,1,1,0,0,1,Doctor
Science_PCM,52,59,,81,88,90,,,,,,,,1,1,1,1,1,0,0,0,0,1,0,0,1,0,0,1,Artist
Arts,,,,68,,,,,,93,91,96,89,0,1,1,1,1,1,0,1,1,1,1,0,1,0,0,0,Teacher
Commerce,,,,69,,64,83,53,70,,,,,0,0,1,0,0,1,1,0,0,0,0,1,1,1,0,1,Politician
Commerce,,,,55,,71,64,59,89,,,,,1,0,0,0,0,1,1,0,0,1,1,1,0,1,1,0,Doctor
Science_PCM,83,66,,89,62,96,,,,,,,,0,0,0,1,1,0,0,1,1,0,1,0,0,0,1,0,Artist
Science_PCM,68,87,,90,86,53,,,,,,,,0,0,1,1,0,0,1,0,0,0,0,1,0,1,0,1,Engineer
Arts,,,,68,,,,,,54,54,91,57,0,0,1,1,0,0,1,1,0,1,1,1,0,0,1,1,Engineer
Science_PCB,64,68,53,68,60,,,,,,,,,1,0,0,0,0,0,0,0,1,0,0,0,1,1,0,1,Doctor
Commerce,,,,80,,73,56,75,65,,,,,0,0,0,0,1,0,1,0,1,1,0,0,1,1,0,1,Engineer
Commerce,,,,73,,56,50,76,98,,,,,1,1,0,0,1,1,1,0,0,1,1,0,1,0,0,1,Scientist
Science_PCM,92,72,,65,58,100,,,,,,,,1,0,1,1,0,0,1,1,0,0,0,1,0,0,0,1,Artist
Science_PCM,86,85,,68,64,93,,,,,,,,0,1,0,0,1,1,0,1,0,0,0,0,1,0,0,0,Teacher
Arts,,,,76,,,,,,61,100,91,77,0,1,1,0,1,1,0,0,0,1,0,0,1,1,0,1,Engineer
Science_PCM,96,64,,97,95,78,,,,,,,,0,1,0,0,1,1,1,0,0,0,0,1,0,0,0,1,Teacher
Science_PCM,83,95,,76,56,68,,,,,,,,0,1,0,1,0,1,0,1,0,1,0,0,1,0,1,1,Politician
Commerce,,,,69,,76,87,51,90,,,,,1,0,1,1,0,1,1,0,1,1,0,0,0,1,0,1,Athlete
Commerce,,,,87,,52,57,74,89,,,,,0,1,1,1,1,0,1,0,0,1,0,0,1,1,1,1,Teacher
Science_PCM,86,63,,81,89,67,,,,,,,,1,0,0,1,0,1,0,0,0,1,0,1,0,0,1,0,Chartered Accountant
Science_PCM,71,68,,94,74,59,,,,,,,,1,1,0,1,0,0,0,1,1,1,1,1,0,1,0,1,Entrepreneur
Commerce,,,,78,,75,64,72,58,,,,,1,1,0,1,0,0,1,1,1,0,1,1,1,0,1,0,Artist
Science_PCM,55,58,,96,93,99,,,,,,,,1,0,0,1,0,1,1,1,1,0,0,1,1,0,0,0,Teacher
Science_PCB,92,85,56,50,64,,,,,,,,,0,0,1,0,0,1,1,1,0,0,1,0,1,0,1,0,Teacher
Commerce,,,,53,,74,88,79,90,,,,,1,1,0,0,0,1,1,1,1,1,0,1,1,0,1,0,Software Developer
Science_PCM,99,69,,53,51,53,,,,,,,,0,1,0,1,0,0,0,0,0,1,1,0,1,1,1,0,Engineer
Science_PCM,82,75,,99,79,74,,,,,,,,0,1,0,0,0,1,1,0,0,1,0,1,0,0,1,1,Scientist
Commerce,,,,74,,71,78,78,60,,,,,1,0,0,0,0,1,0,0,1,0,0,1,0,1,0,1,Artist
Science_PCM,70,55,,90,78,89,,,,,,,,1,1,1,1,0,1,0,1,0,0,1,0,0,0,1,0,Artist
Arts,,,,96,,,,,,54,96,84,85,1,0,1,1,1,0,1,0,1,0,1,1,0,1,0,1,Artist
Commerce,,,,76,,56,100,78,95,,,,,0,1,0,0,0,0,0,0,0,1,1,0,0,0,1,0,Chartered Accountant
Commerce,,,,63,,95,54,86,53,,,,,0,0,0,0,0,1,1,1,0,0,1,1,1,1,1,0,Teacher
Commerce,,,,83,,79,56,52,56,,,,,1,1,1,0,1,0,1,0,0,1,1,1,1,1,0,1,Engineer
Science_PCB,75,70,98,70,64,,,,,,,,,0,1,0,0,0,0,1,0,0,1,1,0,0,1,0,0,Doctor
Commerce,,,,58,,50,54,79,96,,,,,1,0,1,1,1,1,0,1,1,0,0,1,1,1,0,0,Engineer
Commerce,,,,96,,92,96,72,95,,,,,0,1,1,1,0,1,0,0,1,0,0,0,0,0,0,0,Athlete
Commerce,,,,61,,62,51,67,73,,,,,1,0,0,0,1,1,1,0,0,1,0,1,1,1,1,0,Software Developer
Commerce,,,,77,,80,81,70,60,,,,,1,1,1,1,0,0,1,0,0,1,1,0,1,1,1,1,Software Developer
Arts,,,,76,,,,,,69,87,94,50,0,1,0,0,1,0,0,0,0,1,0,1,0,0,1,1,Artist
Science_PCB,61,83,72,58,59,,,,,,,,,1,1,1,0,0,0,0,0,1,1,1,0,1,0,1,1,Scientist
Arts,,,,77,,,,,,75,62,86,87,1,1,1,0,1,0,1,0,1,0,0,1,0,1,0,0,Engineer
Science_PCB,51,71,100,70,93,,,,,,,,,1,1,0,1,1,1,0,1,1,1,1,0,1,1,1,1,Artist
Science_PCM,98,70,,53,99,62,,,,,,,,1,0,1,0,1,0,0,1,1,1,1,1,0,0,1,1,Scientist
Commerce,,,,69,,64,67,90,98,,,,,1,0,0,0,0,1,1,0,1,0,1,0,1,0,1,0,Teacher
Arts,,,,97,,,,,,69,51,71,71,1,1,0,1,1,1,0,0,0,1,1,0,0,0,0,0,Entrepreneur
Commerce,,,,100,,77,55,97,63,,,,,1,1,1,1,1,0,1,1,0,1,1,0,1,0,1,0,Scientist
Science_PCM,60,78,,70,77,69,,,,,,,,1,0,0,0,0,0,1,1,0,0,1,0,1,1,1,1,Teacher
Arts,,,,59,,,,,,59,64,77,66,1,0,0,1,1,0,1,1,0,1,0,1,0,0,0,0,Doctor
Science_PCB,64,79,96,76,92,,,,,,,,,1,0,1,1,0,1,1,0,1,0,0,0,0,1,1,0,Artist
Science_PCM,54,59,,60,61,90,,,,,,,,0,0,1,0,1,1,0,0,1,0,0,0,1,1,1,0,Athlete
Science_PCB,52,50,99,76,78,,,,,,,,,0,0,0,0,1,0,0,1,1,0,0,1,0,0,0,1,Scientist
Arts,,,,93,,,,,,53,51,87,66,0,1,1,0,1,0,1,1,1,1,1,1,0,1,1,1,Chartered Accountant
Commerce,,,,87,,88,78,75,84,,,,,1,0,0,1,1,0,1,1,1,1,0,0,1,1,0,0,Scientist
Arts,,,,99,,,,,,100,88,58,73,0,0,1,0,1,1,0,1,1,0,1,0,1,1,1,1,Artist
Science_PCB,88,57,56,54,70,,,,,,,,,1,1,1,0,0,1,0,0,1,1,1,0,0,0,1,0,Scientist
Arts,,,,60,,,,,,76,62,93,73,1,0,0,0,1,1,1,1,1,0,1,0,0,1,0,0,Artist
Commerce,,,,92,,87,85,87,60,,,,,1,0,0,0,0,1,0,1,1,1,0,1,0,0,1,0,Teacher
Arts,,,,67,,,,,,50,94,63,97,1,1,1,1,0,1,1,1,1,1,1,1,0,0,0,1,Engineer
Commerce,,,,62,,99,82,86,60,,,,,0,1,0,1,1,1,1,0,1,1,1,0,1,0,1,0,Engineer
Commerce,,,,71,,58,60,95,83,,,,,0,0,0,1,1,0,1,0,1,1,1,1,1,0,0,1,Artist
Science_PCM,77,59,,95,77,95,,,,,,,,1,1,1,1,0,1,1,1,0,0,1,1,0,0,1,1,Chartered Accountant
Arts,,,,78,,,,,,67,71,86,55,1,1,1,0,1,0,1,0,0,0,0,1,0,0,1,0,Politician
Science_PCB,50,90,63,76,51,,,,,,,,,1,1,1,1,1,1,0,0,1,0,1,0,0,1,0,1,Teacher
Commerce,,,,61,,87,60,55,87,,,,,0,0,0,1,1,0,0,0,0,1,0,0,1,0,1,1,Entrepreneur
Commerce,,,,70,,67,97,66,53,,,,,1,0,1,0,0,1,0,1,0,1,0,1,0,0,1,1,Artist
Arts,,,,87,,,,,,52,92,84,94,0,0,0,0,0,1,1,1,0,0,0,1,0,1,0,1,Engineer
Arts,,,,82,,,,,,53,72,90,89,0,1,1,1,1,0,1,1,1,1,0,0,0,1,0,1,Teacher
Arts,,,,80,,,,,,88,97,86,89,1,1,1,0,0,1,1,0,0,0,0,1,1,1,1,1,Athlete
Arts,,,,58,,,,,,65,52,98,69,0,0,1,0,0,0,0,0,1,0,0,0,0,0,1,1,Scientist
Commerce,,,,81,,68,68,52,59,,,,,1,0,1,1,0,0,0,1,0,1,0,1,1,0,1,0,Engineer
Arts,,,,93,,,,,,90,99,91,60,1,0,0,1,0,0,1,1,1,0,0,1,1,1,0,0,Teacher
Science_PCM,94,64,,83,89,100,,,,,,,,1,0,0,1,0,0,0,1,0,1,0,0,0,0,1,0,Teacher
Science_PCM,67,65,,63,95,63,,,,,,,,1,1,1,0,0,0,1,0,1,0,1,1,1,0,1,1,Entrepreneur
Arts,,,,70,,,,,,74,84,84,64,0,1,1,1,0,0,1,1,0,1,1,0,1,0,0,1,Artist
Arts,,,,81,,,,,,65,70,97,75,0,0,0,0,0,0,0,0,0,0,0,1,0,1,0,0,Athlete
Science_PCM,50,71,,85,99,81,,,,,,,,0,0,1,0,0,0,1,0,1,0,1,1,0,0,1,1,Doctor
Science_PCB,86,56,79,80,83,,,,,,,,,0,1,0,1,1,0,0,0,1,1,1,1,1,1,0,0,Artist
Commerce,,,,85,,90,51,87,85,,,,,0,0,1,0,0,0,1,0,0,1,0,0,1,1,0,1,Artist
Commerce,,,,89,,56,71,71,81,,,,,1,0,0,1,1,1,1,0,0,0,0,1,0,0,0,1,Engineer
Commerce,,,,56,,92,62,64,97,,,,,1,0,0,1,1,0,1,1,1,1,1,0,1,0,1,1,Entrepreneur
Science_PCM,87,60,,62,52,77,,,,,,,,0,0,1,0,1,0,0,0,1,0,1,1,0,0,0,1,Chartered Accountant
Science_PCB,67,92,63,53,79,,,,,,,,,1,0,0,0,1,0,1,1,0,1,0,1,0,0,1,0,Politician
Science_PCB,66,93,54,55,69,,,,,,,,,1,1,1,0,0,0,1,1,1,1,0,1,1,1,1,1,Entrepreneur
Arts,,,,92,,,,,,76,66,74,81,0,0,0,0,1,1,0,1,0,0,1,0,1,1,1,0,Athlete
Commerce,,,,75,,82,96,69,65,,,,,1,1,1,0,1,0,0,0,1,0,1,0,0,0,0,0,Doctor
Science_PCB,64,85,56,94,98,,,,,,,,,0,0,1,0,1,0,0,0,0,0,0,0,1,0,0,0,Athlete
Commerce,,,,87,,64,70,95,66,,,,,1,1,1,0,0,0,0,0,0,0,0,1,0,0,1,0,Software Developer
Commerce,,,,77,,80,52,53,54,,,,,0,1,1,1,0,1,0,1,1,1,0,0,0,1,1,1,Athlete
Arts,,,,98,,,,,,69,54,97,76,0,0,0,0,1,1,0,1,0,1,1,1,1,0,1,1,Engineer
Science_PCB,96,100,52,54,99,,,,,,,,,0,0,0,0,0,0,0,0,0,0,1,0,0,0,1,0,Scientist
Science_PCM,63,72,,99,81,89,,,,,,,,1,1,1,0,0,1,0,1,1,0,1,1,1,1,1,1,Entrepreneur
Science_PCM,75,82,,92,96,67,,,,,,,,1,1,1,1,0,0,1,1,1,1,1,0,0,0,1,0,Politician
Commerce,,,,87,,70,73,81,100,,,,,1,0,1,1,1,0,0,1,1,1,1,0,1,1,0,1,Entrepreneur
Science_PCB,70,70,80,89,80,,,,,,,,,1,1,0,0,1,0,1,1,0,1,1,1,1,0,0,0,Athlete
Commerce,,,,90,,58,54,55,50,,,,,1,0,0,0,0,1,1,0,1,1,1,0,1,1,1,0,Athlete
Science_PCM,63,66,,80,51,70,,,,,,,,1,1,1,0,0,0,1,1,0,0,0,0,1,1,0,1,Teacher
Science_PCB,93,74,66,81,63,,,,,,,,,1,1,0,0,0,1,0,0,0,1,1,1,0,0,1,0,Entrepreneur
Commerce,,,,82,,83,79,68,74,,,,,1,0,1,1,1,1,1,1,0,0,0,0,0,1,0,1,Engineer
Science_PCB,77,95,65,60,52,,,,,,,,,1,0,0,1,1,1,1,1,0,1,0,0,1,0,0,0,Teacher
Commerce,,,,89,,50,67,83,81,,,,,1,1,0,1,0,0,1,1,0,0,0,1,0,0,1,0,Teacher
Arts,,,,77,,,,,,57,75,91,58,0,1,0,1,1,0,0,1,1,1,0,0,0,0,1,0,Athlete
Science_PCB,63,77,75,64,53,,,,,,,,,1,1,1,0,1,0,0,0,1,1,1,1,1,1,1,1,Doctor
Commerce,,,,65,,64,98,62,65,,,,,0,1,0,0,0,1,0,0,1,1,0,0,1,0,0,1,Athlete
Arts,,,,64,,,,,,56,67,59,76,1,0,1,0,1,1,1,1,0,0,1,0,0,0,0,0,Engineer
Science_PCB,84,53,83,98,85,,,,,,,,,0,1,0,0,0,1,1,1,1,1,1,0,1,0,0,1,Athlete
Commerce,,,,57,,51,76,82,80,,,,,1,0,1,1,0,0,0,1,1,1,1,1,0,0,1,1,Politician
Science_PCM,99,66,,71,65,66,,,,,,,,1,0,0,0,1,0,0,0,0,1,1,0,1,1,1,1,Artist
Science_PCB,96,100,85,97,73,,,,,,,,,1,1,0,0,1,0,1,0,1,1,0,1,1,1,0,0,Athlete
Commerce,,,,67,,97,95,79,94,,,,,0,1,0,1,1,1,1,1,1,0,0,0,1,0,1,0,Doctor
Arts,,,,85,,,,,,82,54,75,90,0,0,1,1,1,1,0,0,1,0,0,1,0,1,1,1,Artist
Commerce,,,,96,,82,62,68,56,,,,,1,0,1,1,1,0,0,1,1,0,0,0,0,0,1,1,Doctor
Science_PCM,78,72,,85,71,67,,,,,,,,0,1,1,1,1,0,1,1,1,0,1,0,1,0,1,0,Engineer
Commerce,,,,93,,76,65,79,86,,,,,1,0,0,1,0,1,1,0,1,1,1,1,0,0,1,1,Athlete
Science_PCB,72,76,84,67,56,,,,,,,,,0,1,0,0,1,0,1,0,1,0,1,1,0,0,1,1,Scientist
Science_PCM,77,90,,92,53,97,,,,,,,,1,1,1,0,0,1,1,0,1,1,0,0,0,0,1,0,Scientist
Arts,,,,51,,,,,,53,52,84,75,0,1,1,0,1,0,0,0,0,1,1,1,1,0,1,1,Entrepreneur
Science_PCM,59,67,,73,90,92,,,,,,,,1,0,1,1,0,0,1,1,1,1,1,1,1,0,0,1,Teacher
Commerce,,,,75,,59,58,95,64,,,,,0,1,0,1,1,0,1,1,0,0,1,0,0,0,0,0,Artist
Commerce,,,,92,,50,52,74,79,,,,,0,0,1,0,1,1,0,1,0,0,1,0,0,1,0,1,Chartered Accountant
Science_PCM,65,55,,78,68,61,,,,,,,,1,1,1,1,1,0,1,0,1,0,0,1,0,0,0,1,Chartered Accountant
Commerce,,,,66,,53,76,60,80,,,,,0,1,0,1,0,0,0,0,0,0,0,0,0,1,1,0,Teacher
Science_PCB,78,55,86,66,71,,,,,,,,,1,1,1,1,0,1,1,0,1,1,0,0,0,1,0,1,Entrepreneur
Arts,,,,59,,,,,,95,68,85,62,1,0,0,0,1,1,0,1,1,1,0,0,1,0,0,1,Chartered Accountant
Science_PCB,63,86,87,59,85,,,,,,,,,1,1,0,0,0,0,0,0,1,0,0,1,1,0,0,0,Scientist
Science_PCB,53,85,55,94,55,,,,,,,,,1,1,0,1,1,1,1,0,0,1,1,1,0,1,0,0,Doctor
Commerce,,,,59,,75,88,74,53,,,,,1,1,0,0,0,0,1,0,1,0,0,1,1,1,1,0,Politician
Science_PCB,88,60,93,58,67,,,,,,,,,0,0,0,0,1,0,0,1,1,0,0,0,1,0,0,0,Artist
Science_PCB,91,69,100,50,86,,,,,,,,,1,0,1,0,1,1,0,1,0,1,0,0,1,0,1,1,Politician
Commerce,,,,72,,53,88,84,94,,,,,0,1,1,1,1,0,0,0,0,1,0,1,1,0,0,0,Doctor
Science_PCB,65,72,51,50,76,,,,,,,,,1,1,1,1,0,1,0,0,1,0,0,0,1,1,1,1,Engineer
Arts,,,,63,,,,,,51,83,79,68,1,1,1,1,0,0,0,0,1,0,1,1,0,0,1,1,Doctor
Science_PCM,58,96,,90,70,51,,,,,,,,1,1,0,0,0,0,0,0,1,1,1,0,0,1,0,0,Engineer
Commerce,,,,87,,85,67,67,56,,,,,0,1,1,0,1,1,0,1,1,1,1,1,0,0,0,1,Teacher
Science_PCB,93,70,68,82,91,,,,,,,,,1,0,1,1,1,1,0,1,0,0,0,1,1,0,0,0,Engineer
Commerce,,,,100,,71,82,67,60,,,,,0,0,0,0,1,0,0,0,0,0,0,0,1,0,0,1,Teacher
Science_PCM,72,80,,99,57,80,,,,,,,,1,1,1,1,1,0,0,1,0,1,1,1,0,1,1,0,Athlete
Science_PCM,55,84,,97,82,81,,,,,,,,0,1,1,0,0,0,0,0,0,1,0,1,1,1,0,0,Teacher
Arts,,,,61,,,,,,83,85,55,73,0,0,1,1,1,1,0,1,1,0,1,0,0,1,0,0,Chartered Accountant
Commerce,,,,86,,90,74,62,86,,,,,0,0,0,1,0,0,1,0,1,0,1,1,0,1,1,0,Politician
Science_PCB,65,80,59,97,53,,,,,,,,,0,1,1,0,1,1,1,0,0,0,0,0,0,0,1,1,Artist
Arts,,,,63,,,,,,52,94,97,52,0,1,0,0,0,0,0,0,0,1,1,0,0,0,1,0,Artist
Commerce,,,,51,,76,70,78,97,,,,,0,1,1,0,0,0,1,1,0,1,1,0,1,1,0,0,Politician
Commerce,,,,56,,73,97,67,67,,,,,1,1,1,1,0,0,0,0,1,1,0,0,0,0,1,1,Engineer
Commerce,,,,90,,51,85,62,60,,,,,0,1,1,1,0,1,0,0,0,0,0,1,1,0,1,1,Artist
Science_PCB,61,92,79,69,90,,,,,,,,,1,1,1,1,0,1,0,1,1,1,1,0,1,0,0,0,Scientist
Science_PCB,52,91,93,88,60,,,,,,,,,0,1,1,0,1,1,0,1,0,1,0,1,1,1,1,0,Athlete
Commerce,,,,84,,76,53,75,97,,,,,0,0,1,0,0,0,0,1,0,1,0,1,1,0,1,0,Scientist
Science_PCB,91,69,69,53,97,,,,,,,,,0,1,0,0,1,0,1,1,1,1,1,1,1,1,0,0,Artist
Science_PCB,80,77,54,85,66,,,,,,,,,1,1,1,0,0,0,1,0,0,1,0,0,0,0,0,0,Engineer
Commerce,,,,81,,84,60,92,93,,,,,1,1,1,1,1,1,1,0,0,0,1,1,1,0,1,0,Entrepreneur
Science_PCM,53,76,,69,61,84,,,,,,,,0,0,1,1,0,1,1,0,0,1,1,1,1,0,0,0,Teacher
Arts,,,,52,,,,,,52,80,90,60,0,1,0,0,1,1,0,1,0,0,1,1,0,0,0,1,Engineer
Science_PCM,53,58,,91,89,94,,,,,,,,0,0,1,1,0,1,0,1,1,0,0,1,1,0,1,0,Artist
Science_PCB,76,66,74,78,83,,,,,,,,,0,0,1,0,0,1,1,0,0,0,0,1,0,1,0,1,Software Developer
Commerce,,,,80,,65,67,76,85,,,,,1,1,0,0,0,1,1,0,0,1,1,1,1,0,1,1,Doctor
Science_PCM,54,70,,100,84,60,,,,,,,,1,0,0,1,1,1,1,1,0,0,0,1,0,1,0,1,Artist
Commerce,,,,69,,83,76,97,91,,,,,0,0,0,0,1,0,1,0,1,1,1,1,0,1,0,0,Scientist
Science_PCB,61,77,86,76,89,,,,,,,,,1,0,1,0,1,1,0,0,1,1,1,0,1,1,0,1,Chartered Accountant
Arts,,,,84,,,,,,76,78,71,71,1,1,0,1,0,1,1,0,0,1,1,1,0,1,0,1,Athlete
Science_PCM,62,54,,62,91,74,,,,,,,,0,1,0,1,1,1,0,1,0,0,1,0,1,1,1,0,Entrepreneur
Arts,,,,97,,,,,,88,97,80,81,0,1,0,1,0,1,0,1,0,1,0,0,1,0,0,1,Doctor
Science_PCB,57,63,89,65,60,,,,,,,,,1,0,0,0,0,0,0,1,0,0,0,0,1,1,1,0,Entrepreneur
Arts,,,,80,,,,,,96,53,53,64,0,0,1,0,0,1,1,1,0,1,0,1,0,1,0,0,Scientist
Science_PCM,64,50,,70,96,65,,,,,,,,0,0,1,1,1,0,1,1,0,1,0,0,0,1,0,0,Entrepreneur
Science_PCM,53,88,,69,82,84,,,,,,,,1,1,0,0,0,0,1,1,1,0,1,1,0,1,0,1,Entrepreneur
Commerce,,,,57,,68,80,74,93,,,,,0,1,0,0,1,0,0,0,1,1,1,1,0,0,1,0,Politician
Commerce,,,,94,,73,98,71,80,,,,,1,0,0,1,1,1,0,1,1,0,1,1,0,0,0,1,Chartered Accountant
Science_PCM,52,71,,94,83,64,,,,,,,,1,0,1,0,1,0,0,0,1,0,1,0,1,0,1,1,Entrepreneur
Science_PCM,87,79,,85,76,86,,,,,,,,1,1,1,0,0,1,1,1,1,0,1,0,0,1,1,0,Politician
Science_PCB,96,82,100,86,65,,,,,,,,,1,0,1,1,1,0,0,1,0,1,0,1,1,0,0,1,Doctor
Science_PCB,72,82,98,66,87,,,,,,,,,1,0,1,0,0,1,0,1,0,1,1,0,1,1,0,0,Software Developer
Arts,,,,56,,,,,,81,62,52,52,1,1,1,0,1,1,0,1,1,1,0,1,0,1,0,0,Artist
Commerce,,,,71,,77,59,56,88,,,,,1,1,1,0,0,1,0,0,1,0,0,1,1,0,0,1,Politician
Science_PCB,80,62,93,98,77,,,,,,,,,1,0,1,1,1,1,1,0,0,1,0,0,1,1,0,1,Artist
Arts,,,,63,,,,,,59,57,73,74,1,1,1,1,0,0,0,0,1,0,1,0,0,1,1,0,Doctor
Science_PCB,99,61,72,78,80,,,,,,,,,0,0,1,1,1,1,0,1,0,1,0,1,1,1,0,0,Scientist
Science_PCB,84,64,51,66,61,,,,,,,,,0,1,1,0,1,1,1,0,1,1,0,0,1,1,1,0,Software Developer
Arts,,,,62,,,,,,50,79,81,72,0,0,0,0,0,0,1,0,0,1,0,1,1,1,0,0,Doctor
Arts,,,,88,,,,,,54,89,97,80,0,0,0,0,1,1,0,1,1,1,0,0,1,1,0,0,Chartered Accountant
Arts,,,,90,,,,,,84,75,83,87,1,1,0,0,0,0,0,1,0,1,0,0,0,0,1,1,Artist
Science_PCM,52,74,,97,56,58,,,,,,,,0,0,1,1,0,0,0,0,0,1,1,0,0,0,0,1,Athlete
Science_PCM,92,96,,65,68,96,,,,,,,,1,1,0,1,0,1,1,0,1,0,0,1,1,0,0,1,Chartered Accountant
Arts,,,,68,,,,,,91,90,54,82,1,0,0,0,1,1,0,0,1,1,1,0,1,0,1,1,Politician
Arts,,,,66,,,,,,58,72,79,77,1,0,0,0,1,1,0,0,0,0,0,1,0,0,0,1,Athlete
Arts,,,,72,,,,,,52,95,76,60,0,1,1,0,0,1,1,1,0,1,1,1,0,1,0,0,Doctor
Arts,,,,56,,,,,,58,64,64,53,1,0,1,0,1,1,1,0,1,0,1,1,0,0,0,1,Politician
Commerce,,,,100,,55,73,95,99,,,,,1,0,1,1,0,1,1,1,0,1,1,0,1,1,1,1,Politician
Arts,,,,54,,,,,,69,74,79,100,1,0,1,1,1,1,0,1,0,1,1,0,1,1,1,1,Scientist
Arts,,,,64,,,,,,90,77,50,56,1,0,1,0,1,1,0,1,0,0,0,1,1,0,1,0,Teacher
Arts,,,,78,,,,,,89,86,69,89,0,1,0,0,1,0,1,0,1,0,1,1,0,0,0,1,Engineer
Commerce,,,,64,,90,98,79,61,,,,,0,1,0,0,1,1,0,1,0,1,0,1,1,1,1,0,Politician
Commerce,,,,56,,58,88,54,70,,,,,0,1,0,0,0,1,1,1,1,1,1,1,1,1,1,1,Scientist
Commerce,,,,56,,66,82,99,66,,,,,1,0,1,1,0,1,0,1,1,1,1,0,1,1,1,1,Teacher
Commerce,,,,100,,58,94,71,57,,,,,0,1,1,1,1,0,0,0,1,1,0,0,0,0,1,1,Scientist
Commerce,,,,66,,94,56,57,64,,,,,0,0,1,1,1,0,1,0,0,1,1,1,0,1,0,0,Artist
Science_PCB,82,92,88,96,79,,,,,,,,,1,1,0,1,0,1,1,1,1,0,0,1,1,0,1,0,Chartered Accountant
Science_PCM,79,52,,99,62,56,,,,,,,,1,1,1,1,1,0,0,0,0,0,0,1,1,0,0,1,Chartered Accountant
Arts,,,,94,,,,,,68,71,84,74,0,0,1,0,0,0,0,0,1,0,0,0,0,1,0,1,Entrepreneur
Commerce,,,,79,,62,94,65,83,,,,,1,1,0,1,1,1,1,0,0,1,0,1,0,1,1,0,Athlete
Science_PCM,85,86,,94,92,98,,,,,,,,1,1,1,0,0,1,1,1,1,0,0,1,0,1,1,0,Software Developer
Commerce,,,,88,,64,67,81,78,,,,,0,1,0,1,0,1,1,0,1,1,0,1,0,1,1,0,Politician
Commerce,,,,50,,57,64,96,82,,,,,1,1,1,0,1,0,0,0,1,1,1,1,0,1,1,1,Teacher
Science_PCB,85,50,96,59,69,,,,,,,,,0,0,1,0,0,1,0,0,1,1,1,0,0,1,0,1,Teacher
Arts,,,,63,,,,,,98,73,70,65,0,1,0,0,0,1,0,0,0,0,1,0,0,1,1,0,Entrepreneur
Science_PCB,77,69,68,56,64,,,,,,,,,0,0,1,0,0,0,1,1,1,0,1,0,0,0,0,1,Teacher
Commerce,,,,70,,80,59,72,90,,,,,1,0,1,1,0,1,1,1,1,1,0,0,0,1,0,0,Teacher
Science_PCB,93,60,79,92,67,,,,,,,,,1,0,1,0,0,0,0,1,1,0,0,1,0,0,0,1,Engineer
Science_PCM,94,55,,90,59,52,,,,,,,,0,1,1,1,1,0,1,0,1,1,0,0,1,0,1,1,Athlete
Science_PCM,84,95,,93,50,90,,,,,,,,1,0,1,0,0,0,0,1,0,0,0,1,1,1,0,0,Artist
Arts,,,,63,,,,,,89,50,86,82,0,1,0,1,0,1,1,1,0,0,0,0,0,1,0,1,Athlete
Science_PCM,64,55,,61,55,87,,,,,,,,1,0,0,0,0,0,1,1,0,0,1,0,1,0,1,1,Software Developer
Commerce,,,,96,,65,67,87,57,,,,,0,0,1,0,0,0,0,0,0,1,0,1,0,1,1,0,Politician
Arts,,,,85,,,,,,72,90,82,88,0,0,1,1,0,0,0,1,1,1,0,1,1,0,1,0,Doctor
Arts,,,,93,,,,,,90,76,93,94,1,0,1,1,0,1,0,1,0,0,1,0,0,1,0,1,Chartered Accountant
Science_PCM,92,54,,90,68,92,,,,,,,,0,0,0,1,1,0,1,0,1,1,0,1,1,0,1,1,Scientist
Commerce,,,,70,,69,95,73,67,,,,,0,0,0,0,1,0,0,1,1,1,0,1,1,0,1,1,Athlete
Arts,,,,58,,,,,,93,98,73,53,1,0,1,1,1,0,0,1,0,0,1,0,0,0,0,0,Software Developer
Science_PCB,80,50,100,94,63,,,,,,,,,1,0,1,0,1,0,0,1,0,1,0,1,0,1,1,0,Engineer
Arts,,,,99,,,,,,67,99,69,71,1,0,0,1,0,0,0,1,0,1,0,1,0,0,1,0,Artist
Science_PCB,98,70,58,85,80,,,,,,,,,0,0,0,0,1,0,0,0,1,0,0,0,1,1,1,0,Engineer
Commerce,,,,68,,67,95,92,69,,,,,0,0,0,1,0,0,0,0,0,0,0,0,1,0,0,1,Software Developer
Arts,,,,59,,,,,,98,53,51,77,1,1,0,1,1,1,1,0,0,1,0,1,0,1,0,0,Entrepreneur
Science_PCB,99,72,81,74,60,,,,,,,,,1,1,0,0,1,1,0,0,0,1,1,1,0,1,1,0,Software Developer
Science_PCB,66,60,55,62,59,,,,,,,,,0,1,0,1,1,1,1,0,1,0,0,1,1,0,0,1,Teacher
Science_PCB,91,60,97,87,82,,,,,,,,,0,0,0,1,0,0,1,1,0,1,0,0,1,1,1,0,Athlete
Science_PCB,79,94,91,52,89,,,,,,,,,0,0,0,0,0,0,1,1,0,1,1,1,0,0,1,1,Scientist
Arts,,,,96,,,,,,74,89,97,74,0,0,0,1,0,1,0,0,0,1,1,1,1,1,1,0,Chartered Accountant
Arts,,,,89,,,,,,58,93,51,51,0,0,1,0,1,0,1,0,1,0,1,1,1,0,1,0,Software Developer
Science_PCM,94,99,,98,65,88,,,,,,,,1,1,0,0,0,0,1,0,1,0,1,1,0,0,1,0,Scientist
Commerce,,,,94,,96,86,71,90,,,,,1,1,0,0,0,0,0,0,1,1,1,0,1,1,0,0,Politician
Commerce,,,,88,,59,70,70,94,,,,,1,0,0,0,1,0,1,0,0,0,1,1,0,0,0,1,Engineer
Science_PCM,65,60,,65,65,73,,,,,,,,0,0,0,1,0,0,0,1,1,1,0,1,0,1,1,1,Chartered Accountant
Arts,,,,89,,,,,,100,81,70,51,1,0,0,1,0,0,0,1,1,0,0,0,1,1,1,0,Athlete
Commerce,,,,73,,62,95,85,71,,,,,1,1,0,0,1,0,1,1,0,1,0,1,1,1,1,0,Doctor
Science_PCM,73,70,,53,94,50,,,,,,,,1,0,1,0,1,1,0,0,0,1,1,1,1,1,0,0,Entrepreneur
Commerce,,,,74,,86,58,94,97,,,,,1,1,0,1,1,0,1,0,1,0,1,0,0,0,0,1,Politician
Commerce,,,,68,,51,55,66,100,,,,,1,0,0,1,1,0,1,1,0,0,0,1,1,0,1,1,Teacher
Science_PCM,91,92,,91,75,59,,,,,,,,1,0,1,1,1,0,1,1,1,1,1,1,1,1,0,0,Scientist
Commerce,,,,78,,78,83,79,69,,,,,0,1,0,0,0,0,0,0,1,1,1,0,1,0,0,1,Doctor
Arts,,,,89,,,,,,68,69,67,84,1,1,1,1,0,0,0,1,1,1,1,0,0,1,0,0,Entrepreneur
Science_PCB,60,91,73,92,98,,,,,,,,,0,1,0,0,0,0,0,0,1,0,0,1,1,1,1,1,Software Developer
Science_PCB,93,59,64,84,70,,,,,,,,,0,1,0,0,1,0,0,1,0,0,0,0,1,1,0,0,Chartered Accountant
Science_PCB,68,59,67,55,74,,,,,,,,,1,0,0,1,1,1,0,0,1,0,1,1,0,1,0,1,Athlete
Science_PCB,83,75,94,100,66,,,,,,,,,0,1,1,0,0,0,1,1,0,1,0,1,1,0,0,1,Artist
Commerce,,,,59,,69,90,91,80,,,,,1,0,1,1,0,1,0,0,1,0,1,0,0,0,1,0,Software Developer
Science_PCB,51,89,75,80,85,,,,,,,,,1,0,0,1,1,0,0,0,0,0,0,0,0,1,0,1,Chartered Accountant
Science_PCB,70,54,85,61,62,,,,,,,,,0,1,0,0,0,1,0,1,1,1,0,0,0,1,1,0,Doctor
Arts,,,,58,,,,,,61,100,100,78,0,0,1,1,1,0,1,0,1,0,1,0,0,1,1,0,Teacher
Science_PCM,55,69,,69,72,93,,,,,,,,0,0,1,0,0,1,0,1,0,1,0,1,1,1,0,1,Chartered Accountant
Science_PCB,72,98,69,81,89,,,,,,,,,0,1,0,0,1,1,0,0,1,0,1,1,0,0,1,0,Doctor
Commerce,,,,66,,81,76,66,80,,,,,0,1,0,1,1,1,1,0,1,1,0,1,0,0,0,1,Teacher
Science_PCB,73,75,90,75,70,,,,,,,,,1,1,1,0,1,0,1,1,0,0,1,1,1,0,0,0,Athlete
Science_PCB,99,56,91,72,68,,,,,,,,,0,1,0,0,0,1,1,1,0,1,0,1,1,1,1,0,Artist
Science_PCB,78,75,81,99,59,,,,,,,,,1,0,0,1,1,0,0,1,0,0,0,0,0,0,0,1,Software Developer
Science_PCM,87,64,,88,95,82,,,,,,,,1,1,1,1,0,1,1,0,1,1,0,1,0,1,1,1,Doctor
Science_PCB,95,76,77,75,54,,,,,,,,,1,1,1,0,1,1,1,0,1,0,1,1,1,1,0,1,Software Developer
Science_PCM,58,50,,77,64,51,,,,,,,,0,1,1,0,0,1,0,0,0,0,1,1,0,0,0,0,Entrepreneur
Science_PCB,73,53,70,50,55,,,,,,,,,0,1,0,0,1,0,1,1,1,1,1,1,1,1,0,0,Artist
Arts,,,,98,,,,,,97,55,97,68,0,0,1,0,1,0,0,0,1,1,1,1,0,1,1,0,Software Developer
Science_PCM,84,58,,74,65,86,,,,,,,,1,1,0,0,0,0,0,0,1,1,1,0,1,1,0,0,Chartered Accountant
Science_PCM,96,88,,99,95,90,,,,,,,,1,1,0,1,1,0,1,0,0,1,0,0,1,1,1,0,Scientist
Science_PCM,63,68,,55,98,59,,,,,,,,1,0,1,0,0,0,1,0,0,0,1,1,0,0,1,0,Engineer
Science_PCM,85,77,,54,85,100,,,,,,,,1,1,1,0,1,0,1,1,1,1,1,0,1,0,0,1,Chartered Accountant
Science_PCB,60,63,69,97,70,,,,,,,,,1,1,1,0,1,0,1,1,1,1,1,0,0,0,1,1,Athlete
Science_PCB,78,71,91,72,81,,,,,,,,,0,0,0,1,1,0,1,0,1,0,1,0,0,1,0,1,Entrepreneur
Arts,,,,98,,,,,,64,71,99,79,1,1,1,1,1,1,1,0,1,0,1,1,0,0,0,1,Politician
Science_PCB,77,62,50,52,62,,,,,,,,,1,0,1,1,1,0,1,1,0,0,1,1,0,0,1,1,Software Developer
Arts,,,,74,,,,,,85,83,60,92,0,1,1,0,1,1,1,0,0,1,1,1,0,1,1,0,Chartered Accountant
Commerce,,,,87,,81,62,59,56,,,,,1,1,0,1,0,0,0,0,1,0,0,0,0,1,1,1,Scientist
Commerce,,,,68,,92,98,77,82,,,,,1,0,1,0,1,1,1,0,1,0,0,1,0,1,1,1,Entrepreneur
Science_PCB,56,86,63,93,61,,,,,,,,,1,0,1,0,0,1,1,1,1,1,0,1,1,0,1,1,Doctor
Science_PCB,54,75,67,56,74,,,,,,,,,1,0,0,1,0,0,0,1,1,1,0,0,1,0,1,1,Software Developer
Commerce,,,,72,,95,54,97,53,,,,,1,0,0,0,1,0,1,1,1,1,1,1,0,0,1,0,Software Developer
Science_PCM,61,50,,51,58,53,,,,,,,,0,1,0,0,1,0,1,1,1,1,1,1,1,0,0,1,Politician
Arts,,,,59,,,,,,95,93,85,60,0,0,1,0,1,0,1,0,1,0,0,1,0,0,1,1,Engineer
Science_PCM,72,51,,85,90,61,,,,,,,,0,1,1,0,0,0,0,1,0,1,0,1,0,1,1,0,Software Developer
Arts,,,,59,,,,,,91,54,86,97,1,1,0,0,0,1,0,0,0,1,0,0,0,1,0,0,Politician
Arts,,,,67,,,,,,87,55,96,95,0,1,0,0,0,1,1,0,1,1,1,0,1,1,1,1,Entrepreneur
Arts,,,,67,,,,,,80,97,93,73,0,1,0,1,1,1,1,0,0,0,0,1,0,1,1,1,Artist
Science_PCM,50,51,,59,50,82,,,,,,,,1,1,0,1,0,0,1,0,0,1,0,1,1,0,0,0,Teacher
Science_PCB,84,50,74,68,98,,,,,,,,,0,1,1,1,1,0,1,1,1,0,1,0,1,1,1,1,Entrepreneur
Arts,,,,64,,,,,,87,73,70,65,1,0,0,0,1,1,0,1,1,0,1,1,0,1,0,1,Athlete
Science_PCM,60,96,,56,67,62,,,,,,,,1,0,0,0,1,1,0,1,1,0,0,0,1,1,1,0,Chartered Accountant
Science_PCM,99,77,,56,89,93,,,,,,,,1,0,1,1,0,0,1,0,1,0,1,0,0,1,0,0,Software Developer
Commerce,,,,56,,80,75,65,96,,,,,0,1,0,0,0,0,0,1,0,1,1,1,1,1,1,1,Politician
Commerce,,,,89,,70,58,54,86,,,,,0,0,1,1,1,1,1,1,0,0,1,1,1,1,1,1,Athlete
Commerce,,,,67,,87,74,56,70,,,,,1,0,0,1,0,1,1,1,0,1,1,0,0,1,0,0,Entrepreneur
Commerce,,,,74,,72,52,89,94,,,,,0,1,0,1,0,1,1,0,1,1,1,0,1,0,1,1,Software Developer
Commerce,,,,95,,75,81,86,78,,,,,0,1,0,0,0,1,1,0,1,1,0,1,1,0,0,1,Athlete
Commerce,,,,83,,61,76,60,98,,,,,0,1,1,0,0,1,0,1,0,1,1,0,0,0,1,0,Politician
Arts,,,,70,,,,,,83,64,82,98,0,1,0,0,1,0,0,0,1,1,1,1,0,1,1,1,Doctor
Science_PCB,98,95,96,77,57,,,,,,,,,0,0,1,0,1,1,1,0,1,1,1,0,1,1,1,0,Artist
Science_PCB,66,64,76,76,97,,,,,,,,,0,0,0,1,1,1,1,0,1,0,1,1,0,1,1,1,Engineer
Science_PCB,64,57,77,55,66,,,,,,,,,0,1,0,1,0,0,1,1,1,0,0,0,0,0,0,0,Athlete
Science_PCM,80,53,,93,58,82,,,,,,,,1,0,0,0,1,0,1,1,1,0,0,0,1,1,1,0,Software Developer
Science_PCM,72,70,,53,86,95,,,,,,,,0,0,1,1,0,1,1,1,0,0,1,1,1,1,1,1,Engineer
Science_PCM,69,65,,73,74,72,,,,,,,,1,0,1,1,1,0,1,1,0,0,1,0,1,0,1,0,Engineer
Science_PCM,98,87,,81,92,79,,,,,,,,0,0,0,0,1,1,1,1,0,1,1,0,1,1,0,0,Artist
Commerce,,,,97,,60,68,90,79,,,,,0,1,0,1,1,0,0,0,0,1,1,0,1,1,0,1,Artist
Commerce,,,,66,,75,50,94,63,,,,,0,0,1,1,0,0,1,0,0,0,0,0,1,0,0,1,Entrepreneur
Arts,,,,79,,,,,,64,87,96,63,0,1,1,1,0,1,0,1,1,1,0,0,1,1,1,1,Artist
Science_PCB,87,52,91,97,59,,,,,,,,,0,1,1,0,0,1,1,1,1,1,0,0,0,1,0,1,Athlete
Science_PCM,51,59,,74,70,62,,,,,,,,0,1,0,1,1,0,1,0,1,1,0,0,0,1,0,0,Doctor
Science_PCB,95,76,85,88,86,,,,,,,,,0,0,1,0,1,1,1,1,0,1,0,0,0,0,0,1,Engineer
Science_PCB,86,58,71,84,61,,,,,,,,,1,0,1,0,0,1,0,1,1,1,1,1,0,1,1,1,Athlete
Science_PCB,57,85,100,91,93,,,,,,,,,1,0,1,0,0,0,0,1,0,0,1,0,1,1,1,0,Scientist
Science_PCM,79,52,,67,75,64,,,,,,,,1,1,0,0,1,0,1,1,0,0,1,1,1,1,1,1,Software Developer
Arts,,,,76,,,,,,80,91,94,86,1,1,0,1,0,1,0,0,0,0,0,0,0,0,0,0,Politician
Science_PCM,58,70,,100,59,83,,,,,,,,1,0,0,0,0,1,1,0,0,0,1,0,0,0,1,0,Chartered Accountant
Science_PCB,96,78,64,92,52,,,,,,,,,1,0,0,0,0,1,1,0,1,0,0,0,0,1,0,0,Politician
Science_PCB,50,66,56,79,70,,,,,,,,,0,0,1,1,1,0,1,1,1,1,1,1,1,1,1,1,Politician
Commerce,,,,70,,83,75,95,73,,,,,0,1,0,1,0,1,1,1,0,0,0,1,0,0,1,1,Artist
Science_PCM,83,60,,76,91,66,,,,,,,,0,1,1,0,1,0,0,1,1,1,1,1,0,0,1,0,Entrepreneur
Commerce,,,,93,,52,93,65,69,,,,,0,1,0,1,1,0,0,1,0,1,0,1,0,0,1,0,Scientist
Science_PCB,78,64,97,100,87,,,,,,,,,0,1,1,1,1,1,1,1,0,1,0,0,0,1,0,1,Doctor
Science_PCB,54,56,63,91,70,,,,,,,,,1,0,1,1,1,0,1,1,1,1,0,0,1,1,1,1,Politician
Science_PCM,51,76,,100,86,72,,,,,,,,0,1,1,1,0,0,0,1,1,1,0,1,0,0,0,1,Chartered Accountant
Arts,,,,100,,,,,,81,94,53,68,0,0,1,1,1,0,1,0,1,1,0,0,0,1,0,0,Scientist
Science_PCB,77,80,75,69,88,,,,,,,,,0,1,0,0,1,1,1,0,1,0,1,0,0,1,1,1,Engineer
Science_PCM,80,56,,54,69,51,,,,,,,,1,1,0,0,1,1,0,1,1,0,1,0,1,0,0,0,Doctor
Science_PCB,67,50,100,79,52,,,,,,,,,0,0,0,0,0,1,1,0,1,0,1,1,1,1,1,0,Scientist
Science_PCB,63,63,63,71,99,,,,,,,,,0,0,1,0,1,0,1,0,0,1,1,0,0,1,0,1,Artist
Arts,,,,58,,,,,,96,92,53,75,1,0,0,1,0,1,0,1,1,1,1,1,0,0,1,0,Athlete
Commerce,,,,77,,80,51,90,99,,,,,0,0,0,1,1,0,1,0,1,1,1,1,1,0,1,1,Artist
Commerce,,,,66,,76,78,78,86,,,,,1,1,0,0,1,0,0,0,0,1,0,1,0,0,0,1,Artist
Commerce,,,,65,,64,86,96,76,,,,,0,1,1,0,0,0,0,1,1,0,1,1,0,0,0,0,Chartered Accountant
Science_PCB,74,73,80,88,81,,,,,,,,,0,0,1,1,1,0,0,1,0,0,1,0,1,0,0,0,Athlete
Arts,,,,66,,,,,,51,57,55,69,1,0,1,0,0,1,1,1,0,0,0,1,0,1,0,1,Engineer
Science_PCB,78,90,71,66,78,,,,,,,,,0,1,1,1,0,0,0,1,1,1,1,1,1,0,1,1,Doctor
Arts,,,,87,,,,,,71,61,72,92,0,1,0,0,0,1,1,1,1,1,0,1,1,0,0,0,Entrepreneur
Science_PCM,96,60,,63,57,77,,,,,,,,0,0,0,0,1,1,1,0,1,1,1,1,1,0,1,1,Software Developer
Science_PCB,78,100,74,76,93,,,,,,,,,1,1,0,0,0,0,0,0,1,0,1,0,1,1,1,0,Software Developer
Arts,,,,52,,,,,,81,80,78,51,1,1,0,0,0,1,0,1,1,0,0,1,0,1,0,0,Scientist
Science_PCM,51,92,,92,88,98,,,,,,,,1,0,1,0,1,0,0,1,0,1,0,0,1,0,0,1,Software Developer
Commerce,,,,64,,94,98,99,85,,,,,0,1,0,1,0,0,0,0,0,1,0,1,1,0,0,1,Teacher
Science_PCM,78,78,,76,96,99,,,,,,,,0,0,1,0,1,0,1,1,1,1,1,0,1,0,1,1,Engineer
Commerce,,,,97,,73,87,96,91,,,,,0,0,0,0,0,0,1,0,0,1,0,1,0,1,1,0,Engineer
Commerce,,,,66,,94,78,98,58,,,,,1,0,0,0,0,1,1,0,1,1,0,0,0,0,0,0,Scientist
Science_PCM,89,94,,52,83,61,,,,,,,,0,1,1,1,0,0,1,0,0,0,0,1,0,0,0,1,Doctor
Science_PCM,99,79,,61,84,93,,,,,,,,0,0,0,0,0,1,1,1,0,0,1,0,0,1,0,0,Entrepreneur
Commerce,,,,91,,92,100,82,57,,,,,0,1,1,1,0,1,0,0,1,1,0,1,1,0,0,1,Scientist
Science_PCB,73,65,80,74,67,,,,,,,,,1,0,0,0,1,1,1,0,1,0,0,1,1,1,0,1,Politician
Commerce,,,,60,,91,92,82,95,,,,,1,1,1,1,1,1,1,1,1,1,1,1,1,1,0,0,Entrepreneur
Science_PCB,75,98,57,72,77,,,,,,,,,1,1,1,0,0,1,0,0,0,1,1,1,0,1,0,0,Engineer
Commerce,,,,54,,76,94,95,57,,,,,0,1,1,1,0,1,1,0,1,1,0,1,0,1,1,1,Athlete
Arts,,,,70,,,,,,86,93,51,99,0,1,0,0,0,0,1,0,1,0,1,0,1,1,0,0,Doctor
Science_PCM,53,99,,50,85,74,,,,,,,,1,0,0,0,0,1,0,1,1,1,1,0,1,0,0,1,Software Developer
Arts,,,,77,,,,,,95,57,78,94,1,0,0,0,1,0,1,1,0,0,1,0,0,0,1,1,Scientist
Science_PCM,86,50,,71,83,85,,,,,,,,0,0,1,0,1,0,0,0,0,1,1,0,0,1,1,0,Entrepreneur
Science_PCB,55,52,86,93,87,,,,,,,,,0,0,1,0,0,0,1,1,1,0,0,0,1,1,0,0,Entrepreneur
Science_PCB,93,99,97,85,76,,,,,,,,,1,0,0,0,0,1,0,0,1,1,1,0,1,1,1,0,Engineer
Science_PCM,90,65,,87,51,70,,,,,,,,0,0,1,0,1,1,1,1,0,1,0,1,0,0,0,0,Chartered Accountant
Commerce,,,,76,,66,75,67,77,,,,,1,1,0,0,1,0,1,0,0,0,0,0,1,1,1,1,Doctor
Science_PCM,77,88,,69,90,88,,,,,,,,0,1,1,1,1,0,1,1,0,1,0,1,1,1,1,0,Artist
Commerce,,,,97,,99,51,84,78,,,,,1,0,0,0,1,1,0,1,0,1,0,1,0,0,0,0,Teacher
Commerce,,,,70,,65,62,88,58,,,,,0,1,1,1,1,0,0,1,0,0,1,0,1,1,0,0,Doctor
Science_PCM,87,79,,53,68,82,,,,,,,,0,1,1,0,1,0,1,1,0,1,0,0,0,1,0,0,Athlete
Science_PCM,57,51,,63,64,94,,,,,,,,1,0,0,0,1,1,1,0,1,0,0,1,0,0,1,1,Chartered Accountant
Science_PCM,89,70,,84,65,86,,,,,,,,1,0,1,0,0,0,0,1,1,1,1,0,1,0,0,0,Artist
Science_PCM,70,91,,51,73,100,,,,,,,,1,1,1,1,0,0,1,1,0,1,0,0,1,0,0,0,Doctor
Science_PCB,51,58,85,96,94,,,,,,,,,1,0,1,0,0,1,0,0,0,0,1,0,0,0,1,0,Politician
Science_PCB,95,84,86,57,64,,,,,,,,,1,1,1,0,0,1,1,0,1,1,1,1,1,0,0,1,Chartered Accountant
Science_PCM,72,88,,66,99,83,,,,,,,,1,0,0,0,1,1,0,1,0,0,1,0,1,0,1,1,Teacher
Science_PCB,53,83,77,86,79,,,,,,,,,1,0,1,0,0,0,1,1,1,1,1,0,1,0,0,0,Politician
Science_PCB,60,99,52,89,73,,,,,,,,,1,1,1,1,0,1,0,0,0,1,0,0,0,1,1,1,Teacher
Arts,,,,76,,,,,,68,52,70,54,1,0,0,1,0,1,1,0,0,0,1,0,0,0,0,0,Artist
Science_PCB,73,66,51,58,75,,,,,,,,,1,0,0,1,1,1,1,0,1,1,0,0,0,0,0,0,Politician
Commerce,,,,67,,90,66,72,76,,,,,0,0,1,1,0,0,0,0,0,1,1,0,1,0,1,0,Scientist
Commerce,,,,62,,75,83,79,73,,,,,0,1,1,1,1,1,0,0,0,0,1,0,1,1,1,1,Teacher
Arts,,,,54,,,,,,76,57,63,84,1,0,1,0,1,1,1,1,0,0,1,0,1,0,1,0,Software Developer
Science_PCM,63,56,,91,75,51,,,,,,,,0,0,0,0,0,1,0,0,0,1,1,0,1,0,0,0,Artist
Science_PCB,59,100,55,68,74,,,,,,,,,1,1,0,1,1,1,0,1,1,1,0,0,0,1,1,1,Athlete
Science_PCM,75,63,,89,78,91,,,,,,,,0,1,1,1,0,1,0,0,0,1,0,0,1,1,0,0,Scientist
Science_PCM,75,57,,79,85,77,,,,,,,,1,1,1,1,1,1,0,1,1,1,0,0,1,0,0,1,Teacher
Science_PCM,64,62,,99,51,99,,,,,,,,0,0,0,0,1,1,1,1,0,1,0,0,1,0,1,1,Engineer
Commerce,,,,71,,84,97,53,74,,,,,1,1,0,1,1,0,0,0,1,1,1,1,1,1,0,1,Entrepreneur
Arts,,,,65,,,,,,86,86,92,88,0,1,1,1,0,0,0,1,0,0,0,1,0,0,0,0,Software Developer
Science_PCB,76,61,66,96,82,,,,,,,,,0,0,0,0,1,1,1,0,1,0,0,1,0,1,1,1,Athlete
Science_PCB,63,50,70,58,95,,,,,,,,,1,1,0,1,1,1,1,0,1,0,0,1,0,1,0,1,Entrepreneur
Arts,,,,65,,,,,,90,92,59,79,0,1,1,1,0,1,1,0,1,1,0,0,0,1,1,1,Teacher
Science_PCM,61,52,,69,64,98,,,,,,,,1,0,0,0,0,1,0,1,1,0,0,1,1,0,1,1,Politician
Commerce,,,,60,,59,57,81,93,,,,,0,1,1,1,0,1,1,0,0,0,1,0,0,1,1,0,Teacher
Commerce,,,,66,,52,78,84,99,,,,,0,1,0,1,1,0,1,0,1,1,1,0,1,1,0,0,Athlete
Science_PCB,69,78,86,54,84,,,,,,,,,0,1,0,1,0,0,1,1,0,0,1,0,1,1,0,0,Doctor
Science_PCB,91,80,56,60,50,,,,,,,,,1,0,0,0,1,1,0,0,0,0,1,0,0,0,1,0,Engineer
Arts,,,,94,,,,,,59,70,63,95,0,1,1,1,1,1,1,1,1,1,1,1,1,1,0,1,Politician
Science_PCM,67,100,,61,81,62,,,,,,,,0,0,0,0,0,0,1,1,1,1,1,0,0,0,1,0,Doctor
Science_PCM,99,65,,55,78,68,,,,,,,,1,0,1,1,0,1,0,1,1,1,1,0,1,1,0,0,Politician
Arts,,,,92,,,,,,58,94,74,60,0,0,0,0,1,1,1,1,0,1,1,1,1,1,0,0,Chartered Accountant
Science_PCB,54,51,86,84,89,,,,,,,,,1,0,0,1,1,0,0,0,1,0,1,1,1,0,1,0,Politician
Commerce,,,,98,,83,78,100,76,,,,,1,1,0,1,1,0,0,0,1,0,1,1,1,0,0,0,Chartered Accountant
Science_PCB,69,51,59,77,97,,,,,,,,,0,1,0,0,1,0,1,1,1,0,1,1,0,0,0,0,Teacher
Arts,,,,59,,,,,,95,83,52,50,1,0,1,0,0,1,1,0,0,0,0,0,0,0,0,1,Engineer
Arts,,,,62,,,,,,71,78,50,73,0,0,1,1,0,0,1,1,1,1,0,1,0,0,1,0,Athlete
Commerce,,,,78,,56,75,52,57,,,,,0,1,0,0,0,0,0,1,0,0,1,1,1,1,0,0,Athlete
Commerce,,,,55,,92,58,99,60,,,,,0,1,1,0,0,1,0,1,1,1,1,0,1,1,1,1,Politician
Commerce,,,,63,,99,95,59,61,,,,,1,1,1,0,0,0,0,1,1,0,1,1,1,0,0,1,Athlete
Science_PCB,62,72,56,55,71,,,,,,,,,1,1,1,1,1,1,1,1,0,1,0,1,1,1,0,1,Software Developer
Commerce,,,,88,,64,73,94,55,,,,,0,0,0,1,1,0,1,0,1,1,1,0,1,1,1,0,Scientist
Commerce,,,,51,,66,58,77,50,,,,,1,0,1,1,1,1,0,1,1,1,0,0,0,1,1,0,Engineer
Commerce,,,,99,,78,68,96,84,,,,,0,0,0,1,1,0,0,1,0,1,0,0,0,0,0,0,Software Developer
Science_PCB,71,72,87,51,78,,,,,,,,,0,0,1,1,0,1,1,0,1,1,1,1,1,1,1,1,Scientist
Science_PCM,94,100,,83,84,74,,,,,,,,1,1,1,1,0,1,0,1,1,0,0,0,0,1,0,1,Artist
Arts,,,,83,,,,,,79,79,77,87,1,0,1,1,1,1,0,0,0,1,0,0,1,0,1,1,Politician
Arts,,,,85,,,,,,77,73,81,73,0,1,1,0,0,1,1,1,1,0,0,1,0,0,1,1,Artist
Science_PCM,81,75,,60,83,99,,,,,,,,1,0,1,1,0,0,1,0,1,1,1,1,0,0,1,1,Software Developer
Science_PCM,75,50,,82,66,70,,,,,,,,0,1,1,1,0,0,1,1,0,1,0,0,0,1,1,1,Doctor
Arts,,,,100,,,,,,70,95,60,67,1,0,1,0,1,1,0,0,0,0,0,1,0,1,0,1,Engineer
Arts,,,,84,,,,,,66,67,72,93,1,1,0,0,1,1,1,1,1,1,1,1,1,0,1,1,Chartered Accountant
Arts,,,,95,,,,,,65,65,100,59,0,0,1,1,0,0,1,1,1,1,0,0,1,1,1,0,Scientist
Science_PCM,85,60,,75,53,64,,,,,,,,1,1,0,0,0,1,0,1,1,0,1,1,1,1,1,1,Politician
Science_PCB,58,72,75,99,81,,,,,,,,,1,0,1,1,1,0,0,0,0,1,1,1,1,1,0,1,Athlete
Commerce,,,,90,,58,62,78,91,,,,,0,1,0,0,1,1,1,1,1,0,1,1,1,1,0,0,Politician
Arts,,,,78,,,,,,96,64,80,75,0,0,0,0,0,0,1,1,0,1,1,1,0,0,1,0,Entrepreneur
Commerce,,,,58,,60,77,92,77,,,,,0,0,1,0,0,1,1,0,1,0,1,1,1,1,0,0,Teacher
Commerce,,,,50,,51,72,65,68,,,,,1,0,0,1,1,1,1,1,0,1,1,1,0,1,1,0,Athlete
Science_PCB,87,71,50,84,95,,,,,,,,,1,0,1,1,1,0,0,1,0,0,1,1,0,1,0,0,Politician
Science_PCB,76,88,99,93,52,,,,,,,,,0,0,0,1,1,0,0,1,0,1,1,1,0,1,0,0,Athlete
Commerce,,,,55,,83,90,54,81,,,,,0,1,0,1,1,0,0,0,0,1,1,0,0,0,0,0,Software Developer
Arts,,,,78,,,,,,80,98,65,57,0,0,0,1,1,1,0,0,1,0,1,0,0,1,1,0,Artist
Science_PCM,73,54,,56,81,50,,,,,,,,0,0,1,0,1,0,1,1,0,1,1,1,0,0,1,1,Engineer
Commerce,,,,59,,50,96,59,52,,,,,1,0,1,0,0,0,1,0,1,0,1,0,1,0,0,1,Chartered Accountant
Arts,,,,98,,,,,,54,52,53,91,1,1,1,0,0,0,1,1,1,1,0,1,1,0,0,1,Entrepreneur
Commerce,,,,92,,75,77,55,59,,,,,1,1,1,0,0,1,1,0,0,1,1,1,1,0,0,0,Software Developer
Science_PCB,61,52,94,99,54,,,,,,,,,1,0,1,1,0,0,1,0,1,1,1,1,1,1,0,1,Engineer
Commerce,,,,72,,53,72,66,60,,,,,1,0,1,1,0,1,1,0,1,1,1,1,1,1,1,0,Engineer
Commerce,,,,96,,69,93,56,97,,,,,0,1,1,1,1,0,1,1,0,1,0,1,1,0,1,0,Doctor
Commerce,,,,60,,81,98,85,92,,,,,0,0,1,0,0,0,0,1,0,1,0,0,0,0,0,1,Chartered Accountant
Science_PCB,84,94,100,52,84,,,,,,,,,0,1,1,0,0,1,1,0,0,1,0,0,0,0,1,1,Software Developer
Commerce,,,,92,,56,56,91,56,,,,,0,1,1,0,1,0,1,1,0,1,0,0,0,1,0,0,Engineer
Science_PCB,91,82,98,73,64,,,,,,,,,0,1,1,1,0,0,0,0,1,1,1,0,0,0,0,1,Artist
Science_PCM,53,58,,88,84,72,,,,,,,,1,1,1,0,0,1,0,1,1,1,1,1,1,1,1,1,Artist
Science_PCB,71,84,85,83,93,,,,,,,,,0,1,0,0,1,0,1,0,1,1,0,0,0,0,0,0,Teacher
Science_PCB,58,52,89,59,71,,,,,,,,,1,0,0,1,0,1,0,0,1,1,1,0,0,1,0,1,Doctor
Science_PCM,58,76,,98,59,85,,,,,,,,1,1,0,0,0,1,1,0,0,0,0,0,1,1,0,1,Athlete
Science_PCB,54,76,75,87,53,,,,,,,,,0,0,0,1,1,1,1,1,1,1,1,0,1,0,0,0,Entrepreneur
Commerce,,,,67,,60,66,66,90,,,,,0,1,1,0,0,1,1,1,0,1,0,0,1,1,0,0,Politician
Science_PCM,71,77,,57,93,74,,,,,,,,1,0,1,1,1,1,1,0,0,1,1,1,0,1,0,1,Chartered Accountant
Science_PCM,83,53,,97,98,100,,,,,,,,0,1,0,1,0,1,0,1,0,0,1,0,0,0,0,1,Chartered Accountant
Science_PCM,51,59,,75,50,52,,,,,,,,0,0,0,1,0,0,1,0,0,0,1,1,1,0,1,0,Chartered Accountant
Commerce,,,,73,,54,61,71,85,,,,,0,1,1,0,1,1,0,1,0,1,0,0,0,0,0,1,Athlete
Arts,,,,88,,,,,,70,98,58,85,1,1,1,1,0,0,1,0,0,1,1,1,1,1,0,1,Politician
Science_PCB,79,57,81,80,87,,,,,,,,,1,1,0,1,0,0,0,0,0,1,0,1,0,0,1,1,Software Developer
Commerce,,,,63,,82,84,79,60,,,,,0,0,1,1,1,1,1,0,1,1,1,0,1,1,0,1,Scientist
Science_PCM,54,97,,70,92,78,,,,,,,,1,0,0,1,0,0,1,1,0,1,0,1,1,1,0,0,Doctor
Arts,,,,79,,,,,,91,75,74,100,0,0,0,0,1,1,0,1,1,0,1,0,0,1,1,0,Politician
Arts,,,,59,,,,,,86,97,69,64,0,0,1,1,1,1,0,1,1,0,0,1,0,1,1,0,Politician
Commerce,,,,91,,60,72,81,63,,,,,0,0,1,0,1,1,0,0,0,0,1,0,1,1,0,0,Chartered Accountant
Science_PCB,71,96,73,95,92,,,,,,,,,0,1,0,1,0,1,1,0,0,1,1,1,1,1,1,1,Engineer
Science_PCB,76,74,83,58,77,,,,,,,,,1,0,0,1,1,1,1,0,0,0,0,1,1,0,1,0,Athlete
Commerce,,,,97,,55,77,54,81,,,,,0,1,0,0,0,1,1,1,1,1,1,0,0,0,1,0,Artist
Science_PCM,74,72,,69,63,69,,,,,,,,1,1,1,1,0,1,0,0,0,1,0,0,1,0,0,1,Doctor
Commerce,,,,98,,93,72,93,73,,,,,0,0,0,0,0,0,0,0,1,1,0,1,0,0,0,1,Engineer
Science_PCM,73,55,,88,94,67,,,,,,,,0,0,0,1,0,0,1,0,1,1,1,0,0,1,1,0,Politician
Arts,,,,63,,,,,,77,81,54,53,0,1,0,1,0,1,0,0,0,1,0,1,1,0,0,0,Engineer
Science_PCM,94,76,,90,66,72,,,,,,,,1,0,0,0,1,1,1,0,1,1,0,0,0,1,1,0,Doctor
Arts,,,,54,,,,,,50,50,74,68,0,1,1,0,0,0,1,1,0,1,0,1,0,0,0,0,Scientist
Science_PCM,76,93,,93,90,62,,,,,,,,0,1,0,1,0,1,1,1,0,1,0,1,0,1,0,0,Entrepreneur
Arts,,,,76,,,,,,98,95,68,52,0,1,0,0,1,1,1,1,1,1,0,1,1,0,1,1,Athlete
Science_PCM,55,77,,85,96,50,,,,,,,,1,1,1,1,0,1,1,0,1,1,1,1,0,1,0,1,Entrepreneur
Commerce,,,,82,,94,98,55,78,,,,,1,0,1,0,0,0,0,1,1,0,1,1,0,0,1,0,Artist
Science_PCB,54,97,99,86,87,,,,,,,,,0,0,0,1,1,1,1,1,0,1,0,0,1,0,1,1,Chartered Accountant
Science_PCM,68,69,,88,74,70,,,,,,,,1,1,1,1,1,1,1,0,1,0,1,0,0,0,1,1,Chartered Accountant
Arts,,,,78,,,,,,66,80,82,55,1,1,0,0,0,1,0,0,1,0,0,1,1,0,1,1,Artist
Science_PCB,93,55,88,61,52,,,,,,,,,1,0,1,0,0,0,1,1,0,1,0,1,1,1,1,1,Entrepreneur
Science_PCM,69,83,,82,86,50,,,,,,,,1,1,0,1,0,0,1,0,1,1,1,0,0,1,0,0,Doctor
Commerce,,,,89,,81,84,52,96,,,,,0,1,0,0,1,1,1,1,1,1,0,1,1,0,1,0,Software Developer
Science_PCB,58,75,89,56,81,,,,,,,,,0,1,0,0,0,1,1,0,1,1,1,1,0,1,0,1,Artist
Science_PCB,76,72,55,74,70,,,,,,,,,1,0,1,1,1,0,1,1,1,0,1,0,1,0,0,1,Scientist
Commerce,,,,51,,81,100,68,66,,,,,1,0,1,0,0,1,1,1,0,0,1,1,1,0,0,1,Scientist
Science_PCM,91,91,,83,72,52,,,,,,,,1,0,0,1,1,1,1,0,1,0,0,0,1,0,1,0,Entrepreneur
Commerce,,,,85,,57,83,53,95,,,,,1,1,1,1,0,0,0,1,0,0,1,1,1,0,0,1,Scientist
Arts,,,,79,,,,,,64,93,68,53,1,1,1,1,0,0,1,0,0,1,0,1,1,0,1,0,Chartered Accountant
Arts,,,,84,,,,,,67,55,62,66,1,1,0,1,0,0,0,1,0,1,1,1,0,1,1,0,Entrepreneur
Arts,,,,69,,,,,,79,84,98,79,0,1,0,0,1,1,0,1,0,0,0,0,1,0,0,1,Doctor
Commerce,,,,60,,96,67,76,78,,,,,1,1,0,1,0,1,1,1,1,0,1,1,0,1,0,1,Scientist
Commerce,,,,88,,77,96,81,78,,,,,0,0,1,0,0,1,1,1,0,0,0,0,0,0,1,1,Athlete
Commerce,,,,78,,53,71,81,58,,,,,0,0,0,0,1,1,0,0,0,0,0,1,0,0,1,0,Athlete
Science_PCM,61,94,,91,84,100,,,,,,,,0,1,1,1,1,0,0,1,1,0,0,0,1,1,1,1,Chartered Accountant
Commerce,,,,76,,82,55,86,100,,,,,1,0,1,1,1,0,1,1,1,0,1,0,1,1,0,1,Engineer
Science_PCM,71,78,,95,95,60,,,,,,,,0,0,0,1,1,0,1,0,0,1,1,1,1,0,1,1,Engineer
Arts,,,,61,,,,,,77,99,95,75,0,0,1,1,0,1,1,1,1,1,0,1,1,1,1,0,Engineer
Science_PCM,78,97,,50,98,93,,,,,,,,0,0,0,1,0,1,1,1,0,0,1,0,0,0,0,0,Doctor
Commerce,,,,52,,53,70,56,82,,,,,0,0,1,0,1,0,1,1,1,0,0,1,0,0,1,1,Athlete
Commerce,,,,82,,96,83,92,66,,,,,0,1,1,1,1,1,1,1,1,1,0,1,0,0,0,1,Politician
Science_PCB,59,59,61,86,96,,,,,,,,,0,1,1,1,1,1,1,1,1,0,0,1,1,1,1,0,Artist
Science_PCB,92,66,57,85,56,,,,,,,,,0,1,0,0,0,1,1,1,1,0,1,1,1,1,1,1,Politician
Arts,,,,77,,,,,,94,93,95,69,1,1,1,1,0,0,1,0,1,1,0,0,0,1,0,1,Athlete
Science_PCM,78,88,,73,97,79,,,,,,,,1,0,0,1,1,1,0,1,1,1,1,0,0,0,0,1,Entrepreneur
Science_PCM,97,100,,92,95,100,,,,,,,,1,0,1,0,1,0,1,1,0,1,1,1,0,0,1,1,Entrepreneur
Commerce,,,,75,,53,77,81,86,,,,,1,1,1,1,0,1,0,0,1,1,0,0,1,1,0,0,Engineer
Science_PCM,60,82,,100,84,53,,,,,,,,0,0,0,1,1,1,0,0,1,1,0,1,0,1,1,1,Entrepreneur
Science_PCM,90,90,,57,57,86,,,,,,,,0,0,1,0,1,1,1,0,1,1,1,1,1,0,1,0,Scientist
Science_PCM,55,85,,90,79,52,,,,,,,,1,1,1,1,0,1,0,1,1,0,0,0,0,1,1,1,Politician
Commerce,,,,75,,71,54,80,65,,,,,1,1,0,0,0,0,0,1,1,1,0,1,0,0,0,1,Athlete
Arts,,,,86,,,,,,81,94,82,51,1,1,0,1,1,0,1,0,1,1,0,0,0,1,0,0,Software Developer
Commerce,,,,83,,81,76,99,66,,,,,1,0,0,0,1,1,1,0,1,1,0,1,0,0,1,1,Scientist
Science_PCB,79,50,57,58,95,,,,,,,,,0,0,0,1,1,0,1,0,0,0,1,0,1,1,1,0,Chartered Accountant
Science_PCM,51,96,,61,58,94,,,,,,,,1,0,0,0,1,1,1,1,0,0,0,0,1,1,1,1,Politician
Arts,,,,70,,,,,,65,78,71,66,0,0,0,1,0,1,1,0,1,0,1,1,1,0,0,1,Chartered Accountant
Commerce,,,,81,,84,100,85,55,,,,,1,0,1,1,0,1,1,0,1,1,1,1,1,1,1,0,Doctor
Science_PCM,66,88,,76,52,51,,,,,,,,1,0,0,1,0,1,0,0,1,0,1,1,0,1,0,0,Teacher
Science_PCB,88,82,58,57,78,,,,,,,,,0,0,1,0,0,0,0,1,0,1,1,1,0,0,1,0,Entrepreneur
Commerce,,,,50,,100,89,100,55,,,,,1,1,0,1,1,1,0,0,0,0,1,1,1,1,1,0,Artist
Arts,,,,80,,,,,,56,66,53,72,1,0,0,0,1,0,0,1,0,1,1,1,0,0,0,0,Athlete
Arts,,,,94,,,,,,91,67,100,77,0,1,1,0,0,0,1,0,0,1,0,0,1,0,1,0,Engineer
Science_PCM,56,100,,97,85,73,,,,,,,,0,0,0,0,1,1,1,1,0,1,0,0,0,0,1,1,Artist
Science_PCB,85,95,78,84,58,,,,,,,,,0,0,0,1,1,1,0,1,0,0,1,1,1,1,1,1,Engineer
Science_PCB,57,79,84,100,99,,,,,,,,,0,0,1,1,1,1,1,0,1,1,0,0,1,0,1,0,Politician
Science_PCM,73,84,,99,97,71,,,,,,,,1,0,1,0,1,0,0,1,0,0,1,0,1,1,1,0,Chartered Accountant
Science_PCB,82,79,94,63,61,,,,,,,,,0,1,1,1,1,0,0,1,1,1,1,1,1,0,0,0,Athlete
Commerce,,,,99,,65,90,97,53,,,,,1,1,1,1,0,1,1,0,1,0,1,0,1,0,1,1,Doctor
Commerce,,,,52,,69,82,100,83,,,,,0,1,0,0,1,0,0,1,1,1,0,1,0,1,0,0,Teacher
Commerce,,,,90,,93,59,71,98,,,,,1,0,1,1,1,1,1,0,0,1,1,1,0,0,0,0,Athlete
Commerce,,,,82,,63,93,62,57,,,,,0,1,0,1,1,1,1,1,1,1,0,0,0,1,0,0,Artist
Science_PCB,71,60,97,81,68,,,,,,,,,1,1,0,0,1,0,1,1,0,0,0,1,1,0,1,0,Entrepreneur
Commerce,,,,71,,65,70,81,87,,,,,0,0,0,0,1,1,0,0,1,0,0,1,0,1,0,0,Engineer
Science_PCB,58,100,59,69,76,,,,,,,,,0,0,1,1,0,0,1,0,0,1,0,1,1,1,0,1,Software Developer
Commerce,,,,51,,50,92,79,58,,,,,1,0,0,1,1,0,0,0,0,0,1,1,1,1,1,0,Teacher
Science_PCB,80,69,82,52,92,,,,,,,,,0,1,1,1,0,0,1,0,0,1,0,0,0,1,1,1,Artist
Science_PCB,54,80,76,56,98,,,,,,,,,0,0,1,1,1,0,0,0,1,0,1,0,0,0,0,1,Athlete
Science_PCM,64,79,,86,89,84,,,,,,,,0,0,0,0,0,1,1,1,1,0,1,1,1,0,1,1,Doctor
Science_PCM,97,83,,72,98,85,,,,,,,,1,1,0,1,1,0,1,1,1,0,0,1,0,1,1,0,Software Developer
Arts,,,,51,,,,,,96,53,53,90,0,0,0,1,0,0,1,0,0,1,1,0,0,1,1,1,Entrepreneur
Science_PCB,61,89,68,77,56,,,,,,,,,1,1,0,0,0,1,1,0,1,1,1,0,1,0,0,1,Politician
Science_PCB,81,52,73,86,50,,,,,,,,,0,0,1,1,0,1,1,1,1,0,0,1,0,1,1,1,Entrepreneur
Science_PCM,95,53,,59,61,72,,,,,,,,0,0,0,0,0,1,1,1,0,0,0,1,1,0,0,0,Politician
Commerce,,,,50,,92,73,58,82,,,,,1,1,0,1,1,0,0,0,1,0,1,0,1,1,1,1,Politician
Arts,,,,72,,,,,,88,92,79,54,0,1,0,1,0,0,1,0,1,1,0,0,1,0,1,0,Teacher
Science_PCB,99,81,75,85,52,,,,,,,,,1,1,0,0,0,1,0,0,1,1,1,1,0,1,1,0,Athlete
Arts,,,,84,,,,,,53,68,63,69,0,0,0,0,1,0,0,1,0,1,0,0,1,0,1,1,Politician
Arts,,,,100,,,,,,61,74,81,66,0,1,0,0,1,0,0,0,0,0,0,0,0,1,0,1,Entrepreneur
Arts,,,,60,,,,,,95,58,70,90,1,0,0,0,0,0,0,1,0,0,1,0,1,0,0,1,Artist
Commerce,,,,64,,55,54,78,56,,,,,0,1,1,0,0,1,0,0,1,1,0,1,1,1,0,0,Doctor
Arts,,,,94,,,,,,70,65,76,63,1,0,0,1,0,0,1,0,1,1,0,1,0,0,1,0,Teacher
Science_PCM,83,72,,68,83,69,,,,,,,,0,1,1,0,0,0,1,0,1,0,1,0,0,1,0,0,Software Developer
Science_PCM,52,76,,82,66,83,,,,,,,,1,1,1,1,0,1,0,0,0,1,0,0,1,0,0,0,Software Developer
Commerce,,,,73,,71,81,57,96,,,,,1,0,0,1,1,1,0,0,1,0,0,0,0,1,1,0,Teacher
Commerce,,,,72,,67,72,82,86,,,,,0,1,0,1,1,0,1,1,1,1,0,1,1,1,0,1,Politician
Science_PCM,85,67,,92,88,66,,,,,,,,0,1,0,0,1,0,0,1,1,0,1,1,1,0,1,0,Software Developer
Arts,,,,80,,,,,,64,92,54,96,1,0,0,1,0,1,1,1,1,0,1,1,0,1,1,1,Athlete
Commerce,,,,96,,99,67,89,68,,,,,0,0,0,1,1,1,0,1,1,1,0,0,0,1,1,0,Teacher
Commerce,,,,100,,54,64,94,55,,,,,0,1,1,1,0,1,1,1,1,1,0,0,0,0,1,0,Chartered Accountant
Science_PCM,93,97,,78,99,75,,,,,,,,0,0,0,0,1,1,1,0,0,0,0,1,1,1,1,1,Teacher
Science_PCM,73,72,,70,73,97,,,,,,,,0,0,0,0,1,0,0,1,1,0,0,1,1,0,1,1,Teacher
Arts,,,,81,,,,,,89,85,75,85,1,1,0,1,0,0,1,1,0,0,1,0,1,1,1,1,Chartered Accountant
Science_PCM,96,80,,76,89,94,,,,,,,,0,1,0,1,1,1,0,0,1,1,0,1,0,0,0,0,Entrepreneur
Science_PCM,63,93,,55,97,73,,,,,,,,0,1,1,0,1,0,1,0,0,1,0,1,1,1,0,1,Teacher
Commerce,,,,72,,75,67,51,92,,,,,0,0,0,0,1,1,1,1,1,1,1,0,1,0,0,0,Entrepreneur
Arts,,,,79,,,,,,67,85,59,63,0,0,1,0,0,0,1,1,1,1,0,1,0,1,0,1,Engineer
Science_PCB,70,63,79,51,57,,,,,,,,,1,1,0,1,0,1,0,0,1,1,0,0,0,1,1,1,Engineer
Science_PCB,93,67,51,80,99,,,,,,,,,0,1,0,1,1,0,1,0,1,0,0,0,0,1,0,1,Scientist
Science_PCB,60,54,89,73,59,,,,,,,,,1,0,0,0,0,0,0,1,0,0,0,1,0,0,0,0,Software Developer
Science_PCM,91,65,,94,98,67,,,,,,,,0,1,0,0,1,0,0,1,0,0,1,0,1,1,1,0,Engineer
Arts,,,,56,,,,,,80,57,75,60,0,1,1,1,0,0,0,0,0,1,1,0,0,0,0,0,Politician
Arts,,,,81,,,,,,96,62,72,82,1,0,1,1,0,0,1,0,0,1,1,0,1,1,1,1,Chartered Accountant
Science_PCB,75,69,61,71,65,,,,,,,,,1,1,1,0,1,1,0,0,1,1,0,0,1,0,0,0,Chartered Accountant
Arts,,,,52,,,,,,73,65,98,53,0,0,0,1,1,0,0,1,0,0,0,0,1,1,1,0,Doctor
Science_PCB,93,60,51,89,90,,,,,,,,,0,0,1,0,0,1,0,1,0,0,1,1,0,0,1,1,Engineer
Science_PCM,83,61,,54,81,79,,,,,,,,0,0,1,0,1,0,0,1,0,1,1,1,0,0,0,0,Chartered Accountant
Science_PCB,66,86,77,84,99,,,,,,,,,1,1,1,1,0,1,1,0,0,1,1,0,0,0,0,1,Chartered Accountant
Commerce,,,,75,,87,73,55,70,,,,,0,1,0,1,1,0,0,1,1,1,0,1,1,0,0,1,Artist
Arts,,,,62,,,,,,58,99,98,70,1,0,0,0,1,0,0,1,0,0,0,1,1,0,1,1,Artist
Commerce,,,,87,,62,52,69,59,,,,,0,0,1,1,0,0,0,1,1,0,1,1,0,1,1,0,Software Developer
Science_PCM,80,92,,81,89,92,,,,,,,,1,1,1,0,1,1,1,0,0,1,1,0,0,0,0,0,Artist
Science_PCB,76,55,50,82,78,,,,,,,,,0,1,1,0,1,1,1,1,0,1,1,1,1,0,0,0,Entrepreneur
Science_PCB,80,61,86,65,67,,,,,,,,,0,0,0,1,0,1,0,0,0,1,0,0,0,1,0,1,Engineer
Science_PCB,52,52,91,90,97,,,,,,,,,1,0,0,0,1,1,0,0,1,0,1,1,0,0,0,1,Politician
Arts,,,,87,,,,,,72,81,67,55,1,1,0,0,0,1,0,1,1,1,0,0,0,0,0,1,Entrepreneur
Arts,,,,94,,,,,,88,84,95,95,1,1,1,1,1,0,0,0,0,0,1,1,0,0,1,1,Software Developer
Commerce,,,,62,,96,78,50,75,,,,,1,0,0,0,1,0,1,0,0,1,1,1,1,0,1,1,Scientist
Science_PCB,52,97,99,85,65,,,,,,,,,0,1,0,0,0,0,0,0,0,1,1,0,0,0,1,1,Entrepreneur
Commerce,,,,68,,99,54,70,68,,,,,0,0,1,1,0,0,1,0,0,1,1,1,1,1,1,0,Doctor
Commerce,,,,82,,70,59,64,51,,,,,1,0,0,0,0,1,0,1,0,0,0,0,1,1,0,0,Athlete
Arts,,,,99,,,,,,54,85,75,62,0,0,1,1,1,0,0,1,0,0,0,1,0,0,0,1,Politician
Commerce,,,,53,,86,67,96,60,,,,,0,1,0,0,0,0,0,0,0,0,1,1,1,1,1,1,Doctor
Arts,,,,77,,,,,,95,77,54,81,1,0,0,0,0,1,0,0,0,0,0,0,0,1,1,1,Chartered Accountant
Commerce,,,,94,,67,74,54,64,,,,,0,0,0,0,0,1,1,0,0,1,0,0,1,0,0,0,Software Developer
Science_PCM,84,53,,91,76,53,,,,,,,,1,1,0,0,0,1,0,1,1,1,1,1,1,0,0,0,Scientist
Science_PCB,76,96,83,98,98,,,,,,,,,0,0,1,0,1,1,1,0,0,0,1,0,0,0,1,1,Politician
Science_PCM,70,73,,61,100,60,,,,,,,,1,0,0,0,0,0,1,0,0,1,1,1,0,0,0,0,Athlete
Arts,,,,63,,,,,,54,65,50,52,1,0,1,0,1,1,1,1,0,0,1,1,0,1,1,0,Teacher
Commerce,,,,65,,95,91,95,59,,,,,0,1,1,1,0,1,0,0,1,0,0,1,0,0,1,0,Software Developer
Arts,,,,69,,,,,,51,78,52,86,1,0,1,0,1,1,0,0,0,0,0,0,0,0,1,0,Artist
Science_PCM,86,88,,92,71,87,,,,,,,,1,0,0,1,0,1,0,1,0,1,1,1,0,1,1,1,Software Developer
Science_PCM,65,97,,79,56,69,,,,,,,,1,1,0,0,0,0,1,1,0,0,0,0,0,0,0,1,Software Developer
Arts,,,,53,,,,,,58,70,75,76,1,0,0,0,1,0,0,1,1,0,0,0,1,0,1,0,Artist
Science_PCM,60,53,,56,52,78,,,,,,,,0,0,0,1,1,1,1,1,0,0,1,1,1,0,0,1,Chartered Accountant
Arts,,,,96,,,,,,82,80,89,64,1,1,0,0,0,1,0,1,0,0,0,0,0,1,1,0,Teacher
Commerce,,,,97,,87,70,72,91,,,,,0,0,0,0,0,0,0,1,0,0,0,0,1,1,0,1,Politician
Commerce,,,,76,,68,62,57,98,,,,,0,1,1,1,1,0,1,1,1,0,1,0,0,1,1,1,Athlete
Science_PCM,60,62,,64,83,65,,,,,,,,1,1,1,1,0,0,0,0,0,1,0,1,0,1,1,1,Scientist
Commerce,,,,68,,56,53,67,58,,,,,0,0,0,1,1,0,1,0,1,0,1,1,1,1,1,0,Artist
Science_PCM,88,50,,93,56,86,,,,,,,,0,1,0,0,0,0,0,0,1,0,1,1,0,0,0,1,Teacher
Science_PCM,58,60,,61,53,93,,,,,,,,0,0,1,0,1,0,1,0,0,0,0,0,0,0,1,1,Doctor
Science_PCM,77,98,,62,58,67,,,,,,,,0,1,1,1,1,0,0,1,0,0,0,1,0,1,1,1,Chartered Accountant
Science_PCB,63,81,72,90,56,,,,,,,,,0,1,1,1,1,0,0,1,1,1,1,1,1,0,0,0,Doctor
Arts,,,,68,,,,,,53,90,55,98,0,0,0,1,0,0,0,0,0,0,1,0,0,0,1,0,Doctor
Commerce,,,,51,,89,64,51,74,,,,,1,1,1,1,1,0,0,0,1,1,0,1,1,1,0,0,Doctor
Science_PCB,95,50,94,74,69,,,,,,,,,0,1,1,1,1,0,1,0,1,0,0,1,1,0,0,0,Teacher
Arts,,,,74,,,,,,93,72,75,53,0,0,1,1,0,0,1,0,0,1,1,1,1,1,1,0,Entrepreneur
Commerce,,,,57,,75,89,66,55,,,,,1,1,1,0,0,0,1,0,0,1,1,1,1,1,1,1,Chartered Accountant
Science_PCB,95,73,73,79,54,,,,,,,,,1,1,1,0,1,0,0,1,1,0,1,1,1,0,0,1,Artist
Arts,,,,67,,,,,,98,90,74,94,1,1,0,0,1,1,0,0,0,1,1,0,0,0,1,1,Software Developer
Science_PCB,69,72,54,82,96,,,,,,,,,1,0,0,1,0,0,1,0,1,0,1,0,0,0,1,1,Politician
Commerce,,,,88,,50,98,66,100,,,,,1,1,0,0,1,0,1,0,1,0,0,0,1,1,1,0,Chartered Accountant
Commerce,,,,92,,98,53,84,54,,,,,0,1,0,0,0,0,1,0,0,1,1,0,1,1,1,1,Doctor
Science_PCM,60,60,,85,78,50,,,,,,,,0,1,1,0,1,1,0,0,0,1,0,1,1,1,1,0,Chartered Accountant
Science_PCB,84,96,98,63,96,,,,,,,,,1,1,0,1,0,1,0,0,1,1,0,1,1,1,1,1,Entrepreneur
Science_PCM,79,72,,53,53,72,,,,,,,,0,1,0,0,1,1,1,0,1,1,1,0,0,0,0,1,Engineer
Science_PCM,59,84,,86,72,91,,,,,,,,1,0,1,0,1,1,1,0,0,1,1,1,0,1,1,0,Athlete
Science_PCM,95,91,,52,77,99,,,,,,,,0,1,0,0,0,1,0,1,1,0,1,0,1,1,0,0,Scientist
Science_PCB,61,88,89,54,82,,,,,,,,,1,0,1,1,1,0,1,1,1,0,1,0,0,1,0,1,Politician
Commerce,,,,91,,94,55,62,99,,,,,0,0,0,1,1,0,1,1,1,1,0,0,0,1,0,0,Athlete
Commerce,,,,81,,65,52,93,94,,,,,0,0,0,0,1,0,0,0,0,0,0,0,1,0,0,1,Scientist
Science_PCM,70,74,,58,53,52,,,,,,,,1,0,1,1,1,1,0,1,0,1,0,0,0,0,1,1,Engineer
Commerce,,,,68,,70,58,58,63,,,,,0,0,1,1,0,0,0,1,1,1,0,0,0,0,1,0,Chartered Accountant
Arts,,,,90,,,,,,100,99,92,73,1,1,0,0,0,0,1,0,0,1,1,0,0,0,0,0,Entrepreneur
Science_PCM,56,87,,78,69,74,,,,,,,,1,1,0,0,0,1,1,1,0,0,1,0,0,1,0,1,Software Developer
Science_PCM,84,55,,97,56,62,,,,,,,,1,1,1,1,1,1,0,0,1,1,0,0,1,0,1,1,Software Developer
Commerce,,,,53,,56,91,62,86,,,,,0,1,1,0,1,0,1,1,0,1,0,1,1,1,0,0,Chartered Accountant
Commerce,,,,58,,82,70,63,60,,,,,1,1,0,0,1,0,0,0,1,1,0,0,1,0,1,1,Chartered Accountant
Science_PCB,86,96,55,91,71,,,,,,,,,0,1,0,0,0,0,0,0,1,1,0,1,0,1,0,1,Doctor
Science_PCM,73,71,,51,97,70,,,,,,,,1,0,1,0,1,0,0,1,0,1,1,0,1,1,0,0,Software Developer
Science_PCM,96,67,,58,53,83,,,,,,,,0,0,1,1,1,0,0,0,0,1,0,1,1,0,1,0,Teacher
Commerce,,,,57,,92,97,53,96,,,,,0,0,1,0,1,0,0,1,0,1,0,0,0,1,0,1,Teacher
Commerce,,,,79,,72,77,68,64,,,,,0,1,0,1,0,1,0,1,1,1,1,0,1,0,0,1,Software Developer
Science_PCB,81,71,94,92,73,,,,,,,,,1,1,0,0,0,0,1,0,1,0,1,0,0,0,1,1,Software Developer
Science_PCB,86,89,67,93,83,,,,,,,,,0,1,1,0,1,1,1,1,0,1,1,0,0,1,0,1,Artist
Science_PCB,91,70,98,92,73,,,,,,,,,0,0,1,0,1,1,0,1,0,1,1,0,0,1,0,1,Athlete
Science_PCB,55,53,86,74,80,,,,,,,,,1,0,1,0,1,1,1,0,0,0,0,0,0,1,1,1,Scientist
Science_PCM,75,72,,67,59,68,,,,,,,,1,1,0,0,1,1,0,1,0,1,1,0,0,1,1,0,Artist
Commerce,,,,50,,64,76,100,89,,,,,0,0,0,0,1,0,1,1,1,0,1,1,1,1,0,1,Teacher
Commerce,,,,59,,96,68,84,60,,,,,0,0,1,1,1,1,0,0,0,1,0,1,0,1,0,1,Scientist
Science_PCM,57,99,,62,75,77,,,,,,,,0,1,1,0,1,0,0,0,1,0,1,1,0,0,1,1,Entrepreneur
Commerce,,,,68,,79,55,83,78,,,,,0,1,1,0,0,1,0,0,1,0,0,0,1,1,1,0,Software Developer
Arts,,,,82,,,,,,65,100,50,70,1,0,1,0,0,1,0,0,0,1,0,1,1,1,0,0,Scientist
Science_PCM,69,77,,50,98,89,,,,,,,,1,1,1,1,1,0,0,0,0,0,0,1,1,0,0,1,Teacher
Arts,,,,73,,,,,,82,80,75,84,0,1,0,1,1,1,1,0,0,0,1,1,1,0,0,0,Athlete
Science_PCM,100,71,,99,79,100,,,,,,,,0,1,0,1,1,0,0,1,0,1,0,1,1,1,1,0,Software Developer
Commerce,,,,60,,82,57,98,88,,,,,1,1,0,1,1,0,1,1,0,0,1,1,1,0,0,1,Engineer
Commerce,,,,54,,69,57,69,81,,,,,1,1,0,1,0,1,0,0,0,0,1,0,1,1,1,1,Chartered Accountant
Arts,,,,53,,,,,,72,50,52,78,1,1,0,0,1,1,0,0,0,1,0,0,1,0,1,0,Teacher
Science_PCM,78,50,,93,66,50,,,,,,,,0,0,0,0,0,0,1,0,1,1,0,1,1,0,0,0,Software Developer
Science_PCB,98,81,95,75,84,,,,,,,,,1,0,0,1,0,0,1,1,1,1,0,1,1,0,0,0,Doctor
Commerce,,,,90,,80,57,66,60,,,,,0,1,1,0,1,1,0,1,1,1,1,1,0,0,1,1,Doctor
Science_PCM,90,79,,92,52,73,,,,,,,,0,1,1,1,1,0,1,0,1,1,1,1,0,1,1,1,Doctor
Science_PCB,84,90,50,58,81,,,,,,,,,0,0,0,1,1,1,0,1,0,1,0,1,0,0,1,1,Doctor
Science_PCB,99,60,90,67,98,,,,,,,,,1,0,0,0,1,1,1,0,1,0,0,0,1,1,1,0,Chartered Accountant
Commerce,,,,76,,91,74,67,71,,,,,1,1,0,0,0,1,0,0,0,1,0,1,0,1,1,0,Scientist
Science_PCB,94,69,52,69,88,,,,,,,,,1,1,0,0,0,0,1,1,1,0,1,0,1,1,0,0,Teacher
Arts,,,,99,,,,,,62,100,62,94,1,0,1,0,1,0,0,1,1,1,1,0,1,1,1,1,Politician
Science_PCM,95,89,,69,79,73,,,,,,,,0,1,0,1,1,1,1,1,1,1,0,0,0,1,1,0,Scientist
Commerce,,,,52,,75,62,91,65,,,,,0,0,1,1,0,0,1,0,1,0,0,1,0,0,1,0,Entrepreneur
Science_PCB,88,72,63,83,53,,,,,,,,,0,1,1,1,1,1,1,1,0,1,0,1,1,1,1,1,Politician
Arts,,,,93,,,,,,51,99,57,78,0,0,1,1,1,0,1,0,1,1,1,1,1,0,0,1,Teacher
Science_PCB,59,82,88,85,99,,,,,,,,,1,0,0,0,0,0,1,0,1,1,0,0,0,1,0,1,Chartered Accountant
Science_PCB,56,97,66,100,88,,,,,,,,,1,0,0,0,0,1,1,1,0,1,0,0,0,1,1,0,Politician
Science_PCB,68,70,83,69,79,,,,,,,,,0,0,1,1,0,0,1,1,1,0,0,1,1,0,1,1,Politician
Science_PCB,85,83,74,82,74,,,,,,,,,1,1,1,1,0,0,1,1,1,1,0,0,0,1,0,0,Artist
Arts,,,,82,,,,,,78,87,53,85,0,0,1,0,0,1,1,0,1,0,1,1,1,1,1,0,Engineer
Commerce,,,,61,,90,94,75,60,,,,,0,0,0,1,1,1,0,0,0,1,1,1,0,0,1,1,Entrepreneur
Arts,,,,67,,,,,,75,63,69,78,1,0,1,0,1,1,1,0,0,0,0,0,0,1,0,0,Teacher
Arts,,,,81,,,,,,67,83,72,57,1,1,1,1,1,0,0,1,1,0,0,0,1,1,0,0,Chartered Accountant
Science_PCB,56,59,62,59,62,,,,,,,,,0,0,0,1,1,1,0,0,0,1,0,1,0,0,0,0,Doctor
Commerce,,,,80,,60,75,74,59,,,,,1,0,1,1,0,1,0,1,0,1,1,0,0,0,1,0,Athlete
Science_PCB,90,93,86,63,60,,,,,,,,,1,0,1,0,0,0,1,1,1,0,0,0,0,0,0,0,Chartered Accountant
Commerce,,,,96,,59,63,75,87,,,,,1,1,0,0,0,0,0,0,0,0,1,0,0,1,1,0,Chartered Accountant
Arts,,,,61,,,,,,69,69,92,74,1,1,0,1,0,0,1,1,0,0,0,1,1,0,0,1,Politician
Science_PCM,77,89,,89,65,97,,,,,,,,0,0,0,0,1,1,0,1,0,1,1,0,0,1,1,0,Entrepreneur
Science_PCB,71,78,89,75,78,,,,,,,,,1,0,1,0,0,1,1,1,0,1,0,1,1,0,1,0,Entrepreneur
Commerce,,,,68,,85,77,57,50,,,,,0,1,0,1,1,0,1,0,0,0,1,1,1,0,0,0,Software Developer
Arts,,,,55,,,,,,55,93,78,98,0,0,0,1,1,1,1,1,0,1,0,1,0,0,1,0,Athlete
Science_PCM,62,56,,84,92,95,,,,,,,,1,1,0,0,1,1,0,0,0,0,1,0,0,0,0,1,Engineer
Arts,,,,62,,,,,,56,68,67,79,0,1,0,0,0,1,0,1,1,0,1,0,0,1,0,0,Engineer
Science_PCB,93,70,84,94,63,,,,,,,,,0,1,1,0,1,1,1,0,0,1,0,0,0,1,0,1,Engineer
Science_PCB,80,79,88,99,82,,,,,,,,,1,1,0,1,0,0,1,0,0,0,1,1,1,1,0,0,Software Developer
Science_PCB,86,99,99,58,89,,,,,,,,,0,0,0,1,1,0,0,0,1,0,0,1,0,1,1,1,Athlete
Arts,,,,85,,,,,,68,74,72,71,1,1,0,1,1,1,1,0,0,0,1,0,0,1,0,0,Doctor
Science_PCM,73,57,,70,54,83,,,,,,,,0,0,1,0,0,1,1,0,0,0,1,0,1,1,1,0,Engineer
Science_PCM,60,75,,66,59,81,,,,,,,,0,0,0,1,1,1,1,1,0,1,0,1,1,1,1,0,Scientist
Science_PCB,57,82,80,93,67,,,,,,,,,1,0,1,1,1,1,0,0,0,0,1,1,0,1,0,0,Engineer
Commerce,,,,72,,54,55,80,80,,,,,1,1,1,0,0,0,0,0,1,0,0,1,0,1,0,1,Doctor
Science_PCM,63,63,,53,93,66,,,,,,,,1,1,1,0,0,1,0,0,0,0,0,1,0,0,0,1,Entrepreneur
Commerce,,,,81,,69,96,64,91,,,,,0,0,1,0,0,1,0,1,0,0,0,0,0,1,1,1,Politician
Science_PCB,72,58,51,72,64,,,,,,,,,1,1,1,1,0,0,1,1,0,0,1,1,0,0,0,0,Chartered Accountant
Arts,,,,86,,,,,,88,86,89,78,0,1,1,1,0,1,0,1,0,1,1,1,0,1,1,0,Doctor
Science_PCB,61,86,74,97,88,,,,,,,,,0,0,1,1,1,0,0,1,1,1,1,0,0,1,1,1,Scientist
Commerce,,,,67,,79,84,56,73,,,,,0,1,1,0,0,0,0,0,0,0,1,0,1,1,0,0,Software Developer
Science_PCM,97,63,,99,97,82,,,,,,,,0,0,0,1,0,0,0,1,0,0,0,0,1,1,0,1,Teacher
Arts,,,,95,,,,,,60,75,57,51,1,1,0,1,1,0,1,1,1,1,0,1,0,1,1,1,Scientist
Science_PCM,53,72,,76,71,97,,,,,,,,1,0,1,1,0,1,0,1,1,0,1,0,1,0,1,1,Artist
Science_PCB,91,79,90,67,72,,,,,,,,,0,1,0,1,0,1,1,1,1,1,0,0,0,1,1,0,Teacher
Science_PCM,98,55,,73,64,60,,,,,,,,1,1,1,0,1,1,1,0,1,1,1,1,1,1,1,0,Software Developer
Commerce,,,,69,,91,96,91,56,,,,,0,1,0,1,1,1,1,0,0,0,1,1,1,0,0,0,Teacher
Arts,,,,64,,,,,,56,67,67,87,1,0,1,0,0,1,1,1,1,0,1,0,0,0,0,0,Entrepreneur
Science_PCB,76,59,62,87,53,,,,,,,,,1,1,0,1,1,1,0,1,1,0,1,0,0,0,0,1,Entrepreneur
Arts,,,,89,,,,,,86,92,67,60,1,1,1,1,1,0,0,1,1,1,0,1,0,1,1,1,Politician
Arts,,,,73,,,,,,51,91,76,96,1,1,1,0,0,0,1,1,0,0,0,0,1,0,0,1,Software Developer
Commerce,,,,68,,62,93,52,97,,,,,1,1,0,1,0,0,0,1,0,0,1,1,1,0,1,1,Scientist
Arts,,,,98,,,,,,71,53,52,68,0,0,1,1,1,1,1,0,0,0,1,0,0,0,1,0,Doctor
Science_PCM,80,84,,79,100,91,,,,,,,,1,1,0,0,1,0,0,1,0,0,0,1,1,0,1,1,Doctor
Science_PCM,64,73,,95,83,88,,,,,,,,0,0,0,0,0,1,1,1,0,0,0,1,0,1,1,0,Politician
Science_PCB,71,69,66,51,92,,,,,,,,,0,1,1,0,1,1,0,1,1,0,1,0,0,1,1,0,Entrepreneur
Science_PCB,86,58,99,54,63,,,,,,,,,0,1,1,1,1,0,0,0,0,0,1,1,1,1,0,1,Athlete
Arts,,,,84,,,,,,53,87,62,50,1,1,0,0,1,1,1,1,1,0,1,0,1,1,0,1,Doctor
Arts,,,,75,,,,,,93,71,66,94,0,1,0,0,1,1,1,0,1,0,1,1,1,1,0,1,Engineer
Commerce,,,,68,,88,73,65,86,,,,,0,1,1,0,0,1,1,1,0,0,0,0,0,0,0,0,Chartered Accountant
Science_PCM,99,66,,71,82,85,,,,,,,,1,1,1,0,0,1,0,1,0,1,1,0,1,0,1,1,Entrepreneur
Science_PCB,69,71,67,77,51,,,,,,,,,1,1,0,0,1,0,1,0,1,0,0,1,1,1,1,1,Teacher
Arts,,,,79,,,,,,79,57,67,63,1,1,0,0,1,0,0,1,0,0,1,0,1,1,0,0,Scientist
Commerce,,,,75,,57,91,84,64,,,,,1,0,1,1,1,0,0,1,1,0,0,0,1,1,0,1,Chartered Accountant
Commerce,,,,79,,79,61,58,89,,,,,0,1,1,0,0,1,0,1,1,1,0,1,0,0,1,1,Athlete
Science_PCM,71,59,,97,97,76,,,,,,,,0,0,1,0,0,0,1,0,1,0,0,1,1,0,1,1,Athlete
Commerce,,,,67,,51,58,100,98,,,,,0,0,0,0,0,1,0,1,0,1,1,1,0,0,0,1,Chartered Accountant
Science_PCM,96,85,,83,53,90,,,,,,,,1,1,1,1,0,0,1,0,0,1,0,0,1,0,0,0,Teacher
Science_PCB,55,93,72,83,55,,,,,,,,,1,0,1,1,0,1,0,0,0,1,0,0,1,0,0,0,Scientist
Science_PCM,52,91,,72,66,60,,,,,,,,0,1,0,0,1,1,1,0,0,0,0,0,1,1,0,1,Teacher
Science_PCB,51,80,93,85,89,,,,,,,,,0,1,0,0,1,1,1,1,1,0,0,0,0,1,1,1,Doctor
Arts,,,,85,,,,,,80,55,74,71,0,1,0,0,0,0,0,0,0,0,1,0,0,0,0,1,Chartered Accountant
Science_PCM,96,63,,77,73,60,,,,,,,,0,0,0,1,0,0,0,0,1,0,1,0,0,0,1,0,Software Developer
Science_PCB,78,54,98,50,59,,,,,,,,,1,0,0,0,1,1,0,1,0,0,0,1,1,1,0,0,Chartered Accountant
Science_PCM,95,79,,62,52,72,,,,,,,,0,1,0,0,1,1,0,1,1,1,0,1,0,0,1,0,Teacher
Commerce,,,,71,,87,60,93,69,,,,,0,0,0,0,0,0,0,0,1,0,1,0,1,0,0,1,Athlete
Commerce,,,,70,,57,70,88,54,,,,,1,1,0,0,1,0,0,0,1,1,0,1,0,1,0,0,Entrepreneur
Science_PCB,90,63,84,84,92,,,,,,,,,1,0,1,1,1,0,1,0,1,1,1,0,0,1,0,0,Athlete
Commerce,,,,64,,65,99,75,51,,,,,1,1,1,0,1,1,1,1,0,1,0,1,0,1,0,0,Chartered Accountant
Arts,,,,65,,,,,,54,53,52,65,1,1,0,0,1,1,1,0,1,1,1,0,1,1,0,0,Artist
Arts,,,,51,,,,,,82,87,92,95,0,1,0,0,1,1,1,1,0,0,1,1,1,1,1,1,Artist
Science_PCB,96,53,90,86,86,,,,,,,,,1,1,1,0,1,0,0,1,0,0,1,1,0,1,1,1,Teacher
Commerce,,,,71,,64,63,61,65,,,,,0,0,1,1,0,1,1,1,0,0,1,0,1,0,0,1,Politician
Science_PCB,52,85,72,94,82,,,,,,,,,1,1,1,1,0,1,0,1,0,1,1,0,0,1,1,1,Politician
Arts,,,,72,,,,,,81,63,53,91,0,0,1,1,1,0,0,1,1,0,0,1,0,0,0,0,Doctor
Arts,,,,69,,,,,,95,84,66,51,1,1,0,1,0,0,0,1,1,1,0,1,1,0,0,1,Artist
Arts,,,,54,,,,,,97,64,70,77,0,1,0,1,0,1,1,0,0,0,0,1,0,1,0,1,Artist
Science_PCB,53,69,50,54,57,,,,,,,,,1,0,1,1,1,0,1,1,0,0,1,1,1,1,0,0,Athlete
Commerce,,,,100,,67,55,55,80,,,,,0,0,1,1,0,0,0,0,1,0,1,0,1,1,0,1,Chartered Accountant
Arts,,,,92,,,,,,95,63,81,62,1,0,0,0,0,1,1,1,1,0,1,1,1,0,0,1,Chartered Accountant
Commerce,,,,59,,59,73,65,76,,,,,1,0,0,1,0,0,1,1,1,0,1,1,0,0,0,0,Chartered Accountant
Arts,,,,50,,,,,,88,70,73,59,0,0,1,1,1,1,1,0,1,0,0,0,0,0,0,1,Engineer
Science_PCB,93,80,54,51,90,,,,,,,,,1,0,0,0,0,1,1,0,0,0,1,1,1,0,0,1,Entrepreneur
Arts,,,,88,,,,,,62,86,76,77,0,1,0,0,1,0,1,0,1,1,1,1,1,0,0,1,Scientist
Commerce,,,,75,,64,72,54,63,,,,,1,0,0,1,1,1,1,1,0,1,1,1,1,1,0,0,Politician
Commerce,,,,70,,93,95,76,69,,,,,0,1,1,0,0,1,0,1,0,0,0,0,0,1,0,0,Software Developer
Science_PCM,61,99,,72,63,84,,,,,,,,0,1,0,0,0,1,1,1,1,1,1,0,1,0,1,0,Athlete
Science_PCB,63,63,96,50,85,,,,,,,,,1,0,0,1,1,1,1,0,1,1,1,0,1,0,0,0,Chartered Accountant
Commerce,,,,83,,78,62,67,99,,,,,1,1,0,0,0,1,1,1,0,0,1,1,1,1,0,0,Politician
Arts,,,,65,,,,,,71,81,97,93,0,1,0,0,0,0,0,0,0,0,1,1,1,0,0,1,Doctor
Arts,,,,66,,,,,,89,72,98,60,0,1,0,1,1,0,0,1,1,1,1,0,1,1,1,0,Chartered Accountant
Science_PCB,99,98,52,57,94,,,,,,,,,1,1,1,0,0,1,1,0,0,1,1,1,1,1,0,0,Scientist
Arts,,,,54,,,,,,87,84,93,54,1,0,0,0,0,1,1,0,0,1,0,1,0,1,1,1,Engineer
Science_PCM,67,85,,59,91,86,,,,,,,,0,1,0,0,0,1,1,1,1,1,0,1,0,1,1,1,Doctor
Arts,,,,71,,,,,,81,53,66,59,0,0,0,0,1,0,1,1,0,0,1,1,1,1,1,1,Entrepreneur
Science_PCB,68,79,83,60,89,,,,,,,,,1,1,0,0,0,0,0,1,0,1,0,1,0,0,0,0,Teacher
Science_PCB,50,59,100,94,79,,,,,,,,,0,0,0,0,0,1,1,0,0,1,0,1,0,1,1,1,Scientist
Science_PCM,53,52,,63,81,78,,,,,,,,0,0,1,1,1,1,1,0,1,0,1,1,0,1,0,1,Teacher
Commerce,,,,80,,74,71,58,81,,,,,1,1,0,0,0,0,1,1,0,0,1,0,0,0,0,1,Artist
Arts,,,,54,,,,,,93,98,86,56,0,1,1,0,1,0,0,0,1,0,1,1,1,1,1,0,Athlete
Science_PCB,98,96,91,63,81,,,,,,,,,0,1,0,1,1,1,0,0,0,1,1,1,1,0,0,0,Doctor
Science_PCB,99,70,76,58,70,,,,,,,,,0,1,0,1,1,1,0,0,0,1,0,1,0,1,0,0,Politician
Science_PCM,92,62,,62,85,64,,,,,,,,0,1,0,1,1,0,0,1,0,1,1,0,1,0,0,0,Doctor
Arts,,,,58,,,,,,68,69,84,68,1,1,0,1,1,1,0,1,1,0,0,0,0,1,1,1,Engineer
Science_PCB,65,60,85,52,76,,,,,,,,,1,1,1,1,1,0,1,1,0,0,0,1,1,1,0,1,Chartered Accountant
Commerce,,,,70,,51,83,94,72,,,,,0,0,1,1,0,0,0,1,1,1,1,1,0,0,1,0,Engineer
Science_PCM,84,90,,98,61,98,,,,,,,,0,1,0,1,1,0,0,1,0,0,0,0,1,0,1,0,Athlete
Science_PCM,57,55,,100,74,72,,,,,,,,1,0,1,1,0,1,1,1,0,0,1,0,1,0,1,1,Scientist
Science_PCM,63,52,,80,85,50,,,,,,,,0,1,1,1,0,1,1,0,0,1,0,0,1,0,0,0,Entrepreneur
Commerce,,,,90,,90,70,55,96,,,,,1,1,1,1,1,0,0,0,1,0,0,0,1,0,1,0,Politician
Commerce,,,,52,,100,79,61,57,,,,,1,1,0,0,1,1,0,1,0,1,1,0,0,1,0,1,Entrepreneur
Commerce,,,,59,,55,99,95,58,,,,,0,0,0,1,1,1,1,0,0,1,0,0,1,0,1,0,Engineer
Science_PCB,94,77,58,54,60,,,,,,,,,0,1,1,0,0,1,0,1,1,0,1,0,0,0,1,1,Artist
Arts,,,,94,,,,,,84,59,56,51,1,0,1,1,1,1,1,1,0,0,1,0,0,1,0,1,Athlete
Science_PCB,58,56,80,97,80,,,,,,,,,0,0,1,0,0,0,1,0,0,0,1,1,1,1,0,1,Politician
Science_PCM,96,92,,68,57,85,,,,,,,,0,0,1,0,0,0,1,1,1,0,0,1,0,1,0,1,Artist
Science_PCB,74,84,90,89,93,,,,,,,,,1,0,1,0,1,0,1,1,0,1,1,0,1,0,0,0,Politician
Arts,,,,79,,,,,,54,93,51,52,0,0,1,1,0,0,0,0,0,1,1,1,1,1,0,0,Athlete
Commerce,,,,74,,57,66,88,97,,,,,0,1,0,0,0,1,0,1,0,1,0,0,1,0,0,1,Scientist
Commerce,,,,72,,50,92,92,68,,,,,0,0,1,1,1,0,1,1,0,0,0,0,0,1,1,1,Chartered Accountant
Science_PCB,78,96,89,63,66,,,,,,,,,0,0,0,1,1,1,0,1,0,1,1,0,1,1,1,1,Scientist
Commerce,,,,54,,81,72,77,57,,,,,0,0,1,1,0,1,0,0,0,0,0,1,1,1,0,0,Athlete
Science_PCB,67,86,98,66,95,,,,,,,,,0,0,0,0,1,0,1,1,0,0,1,1,1,1,1,0,Politician
Arts,,,,100,,,,,,77,64,99,68,0,1,1,1,1,1,0,0,0,1,1,0,1,0,1,0,Artist
Science_PCM,76,71,,81,68,55,,,,,,,,0,0,0,1,1,0,0,0,0,1,1,1,1,0,1,1,Entrepreneur
Arts,,,,89,,,,,,81,51,86,61,0,0,0,0,1,0,1,1,0,0,0,0,0,1,1,0,Scientist
Science_PCM,99,66,,57,63,85,,,,,,,,1,0,1,0,1,0,0,0,1,0,1,0,0,0,0,1,Politician
Commerce,,,,91,,93,99,70,57,,,,,0,1,0,0,0,1,0,1,0,0,1,1,1,1,0,1,Athlete
Science_PCM,62,51,,90,93,89,,,,,,,,0,1,1,1,1,1,1,1,1,0,0,0,0,0,1,1,Politician
Science_PCM,67,76,,59,74,77,,,,,,,,0,1,0,1,0,1,1,0,1,0,0,1,0,0,0,1,Entrepreneur
Science_PCB,59,99,94,59,91,,,,,,,,,1,0,0,0,1,1,0,0,1,0,0,1,1,1,0,1,Scientist
Commerce,,,,55,,57,64,68,59,,,,,0,0,1,1,0,0,0,0,0,0,1,0,1,1,0,0,Chartered Accountant
Science_PCM,76,55,,95,68,79,,,,,,,,1,1,0,1,1,1,0,0,0,0,1,1,0,1,1,0,Chartered Accountant
Arts,,,,63,,,,,,93,73,63,81,0,1,0,0,1,0,1,1,0,1,0,0,0,0,1,0,Scientist
Science_PCM,57,73,,92,83,67,,,,,,,,1,0,1,0,1,1,1,1,1,0,1,0,0,0,1,0,Teacher
Science_PCM,57,87,,66,95,99,,,,,,,,1,1,1,1,1,0,1,0,0,1,1,0,0,1,0,1,Artist
Arts,,,,90,,,,,,55,71,84,68,1,0,1,1,1,0,1,0,0,1,1,1,1,1,1,1,Scientist
Arts,,,,75,,,,,,71,84,55,80,0,1,1,0,0,1,1,0,0,0,1,1,0,1,1,0,Chartered Accountant
Science_PCB,78,53,94,58,81,,,,,,,,,0,1,0,0,0,0,1,1,0,1,0,1,0,0,1,1,Software Developer
Arts,,,,82,,,,,,98,61,63,87,1,1,1,0,1,1,1,0,0,0,1,0,0,0,0,1,Engineer
Arts,,,,94,,,,,,61,81,55,95,0,0,1,1,1,0,0,1,1,1,1,1,1,1,1,0,Software Developer
Science_PCB,93,73,81,62,77,,,,,,,,,0,0,1,1,1,1,1,0,0,1,1,1,0,0,1,0,Chartered Accountant
Science_PCM,62,67,,97,94,66,,,,,,,,0,1,0,1,0,1,0,0,0,1,0,1,1,0,1,1,Politician
Arts,,,,55,,,,,,55,64,60,91,0,1,0,1,1,0,1,0,0,0,1,0,1,1,0,1,Politician
Commerce,,,,81,,92,93,68,89,,,,,0,1,0,1,0,1,1,1,0,1,0,0,0,0,0,1,Entrepreneur
Science_PCB,77,95,57,100,71,,,,,,,,,1,0,1,1,1,1,1,1,0,1,0,1,1,1,1,0,Athlete
Science_PCM,66,74,,86,91,94,,,,,,,,0,1,1,0,1,0,0,0,1,1,1,0,0,1,0,0,Artist
Arts,,,,72,,,,,,52,80,58,89,1,1,0,1,1,0,0,1,1,1,1,0,0,0,1,0,Teacher
Science_PCM,50,93,,82,55,97,,,,,,,,1,1,0,0,0,1,1,1,1,0,0,0,0,1,0,0,Doctor
Science_PCB,72,69,58,100,60,,,,,,,,,1,0,1,1,1,1,0,1,1,0,0,0,0,0,0,1,Teacher
Science_PCB,61,97,97,93,90,,,,,,,,,0,0,1,1,1,0,1,0,0,1,0,0,0,1,0,0,Artist
Arts,,,,77,,,,,,64,80,60,95,0,1,1,1,1,0,1,0,0,0,1,1,1,0,1,0,Politician
Science_PCM,51,51,,58,97,60,,,,,,,,1,1,0,1,0,1,1,1,1,1,1,1,0,1,0,0,Entrepreneur
Science_PCB,89,68,83,56,52,,,,,,,,,0,1,1,0,1,1,1,0,1,1,1,1,0,1,0,0,Politician
Science_PCM,84,82,,54,60,76,,,,,,,,0,1,0,1,1,1,0,1,1,0,0,0,1,1,0,0,Politician
Arts,,,,69,,,,,,56,84,75,60,1,0,1,0,0,0,0,0,0,1,1,1,1,1,1,1,Athlete
Arts,,,,96,,,,,,57,100,97,78,1,0,1,1,0,0,1,0,1,1,1,0,1,1,0,0,Teacher
Science_PCM,99,69,,86,84,56,,,,,,,,1,0,0,1,1,0,1,0,1,0,1,1,0,0,1,0,Teacher
Arts,,,,76,,,,,,61,64,68,73,1,1,0,1,0,1,0,1,0,0,0,0,1,1,1,0,Scientist
Science_PCM,72,55,,97,94,70,,,,,,,,0,1,0,0,0,1,0,1,1,1,1,1,1,1,0,1,Engineer
Commerce,,,,95,,69,73,57,99,,,,,0,0,0,0,1,0,1,1,0,0,1,1,1,0,0,0,Doctor
Science_PCB,93,87,62,64,81,,,,,,,,,0,0,0,1,1,0,0,0,0,1,0,0,1,0,1,1,Teacher
Science_PCM,72,51,,93,50,66,,,,,,,,0,0,0,0,1,1,0,0,0,1,1,1,1,1,0,0,Artist
Science_PCB,60,85,96,83,97,,,,,,,,,1,1,0,1,0,0,1,1,1,1,0,0,0,0,0,0,Teacher
Commerce,,,,75,,58,78,59,55,,,,,1,1,0,1,1,0,1,1,1,0,1,1,0,1,1,0,Doctor
Arts,,,,57,,,,,,54,60,67,55,0,1,0,0,0,0,0,1,1,1,1,1,1,1,0,1,Artist
Commerce,,,,77,,57,68,97,53,,,,,1,0,1,1,0,1,1,1,0,0,1,0,0,1,1,0,Politician
Science_PCM,65,78,,90,83,76,,,,,,,,1,0,0,0,1,1,0,0,0,1,0,0,1,1,1,1,Engineer
Science_PCB,71,78,75,66,97,,,,,,,,,0,0,0,1,1,1,1,0,1,0,1,0,0,0,0,0,Teacher
Science_PCM,90,61,,56,79,50,,,,,,,,0,0,1,1,1,1,1,0,0,1,1,0,1,1,1,0,Chartered Accountant
Science_PCM,76,61,,74,67,94,,,,,,,,0,1,1,1,0,1,0,0,0,0,1,1,1,0,1,1,Politician
Commerce,,,,97,,62,70,59,53,,,,,1,1,1,0,0,1,1,1,1,0,1,1,0,0,1,0,Politician
Science_PCB,74,65,62,68,62,,,,,,,,,1,1,0,0,1,0,0,1,1,0,0,0,1,0,1,1,Software Developer
Science_PCM,98,58,,78,99,50,,,,,,,,0,1,1,0,0,0,1,0,1,0,0,0,1,0,1,1,Engineer
Commerce,,,,86,,88,59,99,87,,,,,1,0,1,1,1,1,1,1,1,1,1,0,1,0,1,1,Engineer
Arts,,,,80,,,,,,73,71,59,61,1,1,0,0,1,0,0,1,0,0,1,1,0,1,0,0,Chartered Accountant
Arts,,,,96,,,,,,88,58,54,60,0,0,1,0,1,0,0,1,1,0,1,1,0,1,1,1,Engineer
Arts,,,,71,,,,,,82,89,88,51,1,0,0,1,1,1,0,1,0,1,1,1,1,0,1,0,Teacher
Commerce,,,,97,,81,92,63,88,,,,,1,1,1,1,0,1,0,0,0,0,1,0,0,1,1,0,Athlete
Science_PCB,68,61,77,59,81,,,,,,,,,1,1,1,0,0,1,1,0,0,0,1,0,0,0,0,0,Scientist
Science_PCM,84,52,,59,97,69,,,,,,,,1,0,0,0,0,0,0,0,1,0,1,1,1,0,0,1,Engineer
Science_PCM,58,56,,83,51,91,,,,,,,,0,0,0,1,1,1,1,1,1,1,0,0,0,0,1,0,Engineer
Commerce,,,,73,,97,77,88,75,,,,,1,1,1,0,1,1,1,1,1,0,1,1,1,1,1,0,Athlete
Science_PCB,95,72,75,58,94,,,,,,,,,1,0,0,0,1,1,1,0,1,1,0,0,1,1,1,1,Chartered Accountant
Commerce,,,,98,,71,60,81,68,,,,,0,0,1,1,0,1,1,0,0,1,0,0,0,0,1,0,Artist
Science_PCM,93,57,,93,92,86,,,,,,,,0,1,1,1,1,0,0,1,0,1,1,0,0,1,0,1,Doctor
Science_PCB,93,65,100,66,85,,,,,,,,,1,1,0,0,1,1,0,0,0,1,1,1,1,1,1,1,Artist
Science_PCB,96,100,57,97,96,,,,,,,,,0,1,0,1,1,1,0,0,0,0,0,0,0,1,1,1,Scientist
Science_PCB,63,81,87,93,58,,,,,,,,,0,0,1,0,0,0,1,0,0,1,0,0,0,1,1,0,Teacher
Commerce,,,,65,,51,61,94,97,,,,,1,0,0,0,1,0,0,1,0,0,1,1,1,0,1,1,Teacher
Science_PCM,84,56,,78,72,92,,,,,,,,1,0,0,0,1,1,0,0,1,0,0,0,0,0,1,1,Entrepreneur
Science_PCB,98,90,71,55,99,,,,,,,,,0,0,0,0,0,1,0,1,1,1,0,0,1,1,1,0,Scientist
Arts,,,,80,,,,,,66,55,59,91,1,0,1,0,1,0,1,1,0,0,1,1,1,1,1,0,Doctor
Arts,,,,84,,,,,,58,75,73,90,1,0,0,1,1,1,1,0,0,0,1,0,1,0,1,1,Software Developer
Science_PCB,56,54,64,90,90,,,,,,,,,1,1,1,0,1,1,1,0,1,1,1,1,0,0,0,0,Artist
Science_PCB,97,93,51,93,86,,,,,,,,,0,1,1,0,0,1,0,0,0,0,0,1,1,0,0,1,Politician
Arts,,,,76,,,,,,98,51,90,81,1,1,1,1,1,1,1,1,1,1,0,0,1,0,1,1,Scientist
Science_PCB,85,58,100,54,56,,,,,,,,,0,0,1,0,0,1,1,1,1,0,1,0,0,0,0,1,Engineer
Science_PCB,83,80,62,87,75,,,,,,,,,1,1,0,1,1,1,1,1,0,0,0,1,0,0,0,0,Athlete
Science_PCB,100,59,57,53,61,,,,,,,,,1,0,1,1,0,0,1,0,0,0,1,0,0,0,1,0,Scientist
Commerce,,,,66,,84,54,52,88,,,,,1,1,1,1,1,1,1,0,0,0,0,0,1,0,1,1,Software Developer
Science_PCM,98,68,,51,86,56,,,,,,,,0,1,1,1,0,1,0,0,1,1,1,1,1,1,1,1,Entrepreneur
Arts,,,,71,,,,,,79,79,87,53,1,0,0,0,0,0,0,0,1,0,1,0,1,0,0,0,Engineer
Arts,,,,68,,,,,,74,61,79,54,1,1,1,0,0,0,1,1,0,1,0,0,0,0,1,0,Entrepreneur
Science_PCB,69,82,96,78,54,,,,,,,,,0,0,1,1,1,1,1,1,1,0,1,1,0,1,1,0,Athlete
Commerce,,,,52,,55,95,87,93,,,,,1,0,0,0,0,0,0,0,1,0,1,0,1,0,1,1,Entrepreneur
Science_PCM,50,74,,58,97,83,,,,,,,,1,0,1,1,1,1,1,1,1,1,1,1,1,0,0,0,Engineer
Science_PCM,77,55,,50,97,100,,,,,,,,0,1,1,1,0,0,0,1,0,1,1,0,0,1,0,1,Entrepreneur
Science_PCB,92,66,62,87,98,,,,,,,,,0,1,1,1,0,1,1,0,0,0,0,0,0,0,1,0,Doctor
Science_PCM,97,83,,61,82,99,,,,,,,,1,0,1,1,1,1,0,0,0,1,1,0,1,0,0,0,Artist
Commerce,,,,63,,99,96,84,63,,,,,1,1,0,0,0,0,1,0,0,1,0,1,1,0,1,1,Entrepreneur
Arts,,,,66,,,,,,58,99,89,92,1,1,0,1,0,1,0,1,1,1,0,0,0,1,0,1,Artist
Commerce,,,,94,,88,56,99,79,,,,,1,1,1,0,1,1,1,0,0,0,0,0,1,1,1,0,Artist
Commerce,,,,68,,50,71,83,76,,,,,1,0,0,0,0,0,1,1,1,1,0,0,0,1,1,1,Artist
Commerce,,,,74,,70,71,95,74,,,,,0,0,0,1,0,0,0,1,0,1,0,0,1,1,1,0,Entrepreneur
Science_PCB,73,83,84,63,96,,,,,,,,,1,1,0,1,1,0,0,1,0,0,1,1,0,1,0,0,Politician
Science_PCB,51,79,99,59,58,,,,,,,,,1,0,0,0,0,1,1,0,1,0,0,1,0,1,0,1,Artist
Arts,,,,77,,,,,,62,100,76,93,0,1,0,0,0,1,0,1,1,0,1,1,0,0,0,1,Athlete
Arts,,,,77,,,,,,55,55,86,59,0,0,1,1,0,1,1,1,0,1,1,0,1,0,0,0,Athlete
Commerce,,,,60,,74,59,57,78,,,,,1,0,0,1,1,1,1,0,0,0,1,0,1,0,1,0,Chartered Accountant
Science_PCM,59,62,,58,56,81,,,,,,,,0,1,0,1,1,0,1,1,0,1,1,1,1,0,1,1,Doctor
Arts,,,,73,,,,,,88,75,79,89,1,0,1,1,1,1,0,0,1,0,0,1,0,0,1,0,Athlete
Commerce,,,,71,,75,66,59,71,,,,,0,0,0,0,0,1,1,0,0,0,1,1,1,0,1,0,Entrepreneur
Science_PCB,54,67,95,81,77,,,,,,,,,0,1,0,1,1,1,0,0,0,1,0,0,1,1,0,0,Doctor
Arts,,,,57,,,,,,52,58,82,85,1,1,1,0,0,0,1,0,1,0,0,1,1,0,1,1,Scientist
Arts,,,,84,,,,,,93,73,67,91,1,0,0,1,0,1,1,0,0,0,0,1,1,1,1,0,Scientist
Science_PCB,73,78,87,69,58,,,,,,,,,0,1,1,1,1,1,0,1,0,0,1,1,0,1,0,1,Entrepreneur
Science_PCB,56,66,76,94,91,,,,,,,,,1,1,1,1,0,1,1,0,1,1,1,1,0,1,1,0,Athlete
Commerce,,,,66,,89,95,78,72,,,,,0,1,0,1,0,1,0,0,0,1,0,1,0,1,1,1,Politician
Arts,,,,59,,,,,,63,87,53,75,0,1,0,1,0,1,0,1,1,1,0,1,1,1,0,1,Teacher
Arts,,,,79,,,,,,90,51,68,71,1,1,0,0,1,1,1,1,1,0,1,0,0,0,1,0,Politician
Commerce,,,,80,,89,99,67,71,,,,,1,0,1,0,1,0,1,0,1,0,0,0,0,0,1,1,Politician
Science_PCM,82,60,,80,82,56,,,,,,,,1,1,1,0,1,0,0,1,1,1,0,1,1,1,0,0,Software Developer
Science_PCB,78,66,90,59,81,,,,,,,,,1,1,1,1,1,0,0,0,1,1,1,1,0,0,0,1,Teacher
Science_PCB,99,99,94,52,98,,,,,,,,,0,0,0,1,0,0,1,1,0,1,1,1,1,0,1,1,Politician
Arts,,,,55,,,,,,81,83,96,91,0,0,1,1,1,0,1,1,1,0,1,0,1,1,0,1,Artist
Science_PCB,59,91,55,83,71,,,,,,,,,1,0,0,1,0,0,0,0,1,1,1,0,1,1,1,1,Athlete
Science_PCM,88,60,,93,66,100,,,,,,,,1,1,1,0,0,0,0,0,1,1,0,1,0,0,1,0,Engineer
Science_PCB,100,79,84,59,97,,,,,,,,,1,1,0,1,0,0,0,1,1,0,1,1,0,0,1,1,Scientist
Arts,,,,89,,,,,,80,54,78,94,1,1,1,1,0,0,1,1,1,0,0,0,0,0,1,0,Engineer
Science_PCM,55,90,,80,89,86,,,,,,,,0,1,0,0,1,1,0,0,0,1,1,1,0,0,0,1,Engineer
Commerce,,,,56,,68,71,54,84,,,,,1,1,0,0,1,1,0,1,0,0,1,1,1,0,1,1,Chartered Accountant
Science_PCM,58,84,,58,67,96,,,,,,,,1,1,1,1,0,1,0,1,0,0,1,1,0,1,0,0,Scientist
Science_PCB,88,100,51,56,53,,,,,,,,,0,1,1,0,1,1,0,1,1,0,1,0,0,1,1,0,Engineer
Arts,,,,78,,,,,,74,68,81,86,0,1,0,0,0,1,1,0,1,0,0,1,0,0,0,1,Engineer
Commerce,,,,89,,67,66,52,78,,,,,1,1,1,1,1,0,0,0,1,1,0,0,0,1,1,1,Engineer
Arts,,,,75,,,,,,50,98,55,53,0,1,0,1,1,1,1,1,0,0,0,1,0,0,1,1,Chartered Accountant
Science_PCB,95,70,86,86,62,,,,,,,,,0,0,0,0,0,1,1,1,0,1,0,0,1,0,0,0,Entrepreneur
Commerce,,,,73,,71,100,91,67,,,,,0,1,0,0,1,0,1,1,1,1,1,1,0,0,0,1,Politician
Science_PCM,50,81,,61,67,78,,,,,,,,0,1,1,0,0,0,1,1,0,0,1,0,1,1,0,0,Artist
Commerce,,,,55,,74,57,63,64,,,,,1,1,1,1,1,1,1,1,1,1,1,0,1,0,1,1,Athlete
Commerce,,,,94,,88,100,54,69,,,,,1,1,0,1,0,0,0,1,0,0,1,0,1,1,0,0,Engineer
Science_PCB,89,87,52,79,75,,,,,,,,,1,1,1,1,0,0,1,0,1,0,1,0,1,1,1,0,Software Developer
Science_PCM,59,68,,50,52,92,,,,,,,,0,1,1,0,1,1,1,0,1,1,0,1,0,1,0,1,Chartered Accountant
Arts,,,,73,,,,,,86,65,76,56,0,1,0,1,0,1,0,1,0,0,0,1,0,1,0,0,Scientist
Science_PCM,95,59,,63,66,59,,,,,,,,1,1,0,0,0,0,0,0,0,1,1,0,0,1,1,1,Engineer
Arts,,,,92,,,,,,56,87,55,75,0,0,1,1,1,1,1,0,1,0,0,0,0,1,1,0,Chartered Accountant
Arts,,,,68,,,,,,63,53,71,85,1,0,1,1,0,1,0,1,0,0,1,0,1,0,0,1,Teacher
Science_PCB,81,96,99,99,61,,,,,,,,,1,0,1,0,0,0,1,0,1,0,0,0,1,0,0,0,Artist
Arts,,,,68,,,,,,60,98,57,62,0,1,1,1,0,1,0,1,0,0,0,1,1,0,1,0,Software Developer
Commerce,,,,69,,65,52,82,64,,,,,1,1,0,1,0,1,0,0,1,1,1,0,0,1,0,0,Entrepreneur
Arts,,,,78,,,,,,51,58,75,99,1,1,0,1,1,0,1,0,0,1,1,1,1,1,0,0,Chartered Accountant
Arts,,,,63,,,,,,84,94,64,100,0,1,1,1,0,1,0,1,0,1,0,0,1,1,1,0,Athlete
Science_PCB,60,63,67,98,85,,,,,,,,,0,1,0,1,0,1,0,0,1,0,0,0,0,1,1,0,Teacher
Science_PCB,80,50,85,77,84,,,,,,,,,1,1,1,1,0,1,0,1,1,0,1,0,0,0,1,1,Teacher
Arts,,,,86,,,,,,82,58,70,63,0,1,1,0,1,0,1,1,1,0,1,0,1,1,0,0,Chartered Accountant
Science_PCB,95,53,75,70,96,,,,,,,,,1,0,1,0,0,0,1,0,1,1,1,1,1,1,1,0,Artist
Arts,,,,86,,,,,,84,52,69,83,0,1,0,0,0,1,1,0,1,1,0,1,1,1,1,1,Entrepreneur
Science_PCB,88,54,99,87,68,,,,,,,,,1,1,1,0,1,0,0,0,1,0,0,1,1,0,1,0,Athlete
Science_PCM,85,76,,60,70,54,,,,,,,,0,0,0,1,0,0,0,0,1,0,1,0,1,1,0,1,Teacher
Commerce,,,,75,,52,93,61,58,,,,,0,1,1,0,0,1,1,0,0,0,0,1,0,0,1,1,Chartered Accountant
Science_PCB,93,85,52,50,100,,,,,,,,,0,1,0,0,0,0,0,1,0,1,1,0,1,0,1,1,Teacher
Commerce,,,,99,,90,83,58,54,,,,,1,1,0,1,0,1,0,0,0,0,0,0,1,0,1,1,Athlete
Commerce,,,,86,,76,77,89,63,,,,,1,1,1,0,0,1,1,1,0,0,1,1,1,0,1,0,Chartered Accountant
Arts,,,,57,,,,,,97,74,89,68,1,1,0,0,0,0,1,0,1,1,0,0,0,1,0,0,Engineer
Science_PCB,55,97,82,93,56,,,,,,,,,1,0,1,0,1,1,1,0,1,0,1,0,1,1,1,0,Teacher
Arts,,,,72,,,,,,63,82,90,89,1,1,0,0,1,1,0,1,0,0,1,0,1,0,1,1,Athlete
Science_PCB,76,93,65,71,72,,,,,,,,,0,0,1,1,0,1,1,0,1,0,0,0,0,1,1,0,Chartered Accountant
Arts,,,,81,,,,,,86,67,53,88,0,0,1,0,0,0,1,1,0,0,1,0,0,1,0,0,Politician
Science_PCM,74,81,,92,75,75,,,,,,,,1,1,1,0,0,0,1,1,1,0,1,0,1,1,0,0,Teacher
Science_PCM,67,86,,80,59,100,,,,,,,,1,1,1,1,1,1,1,1,1,1,1,0,0,1,1,1,Teacher
Science_PCB,96,99,99,98,50,,,,,,,,,0,1,1,1,1,0,1,1,1,1,1,0,0,0,0,0,Scientist
Science_PCM,65,75,,60,79,95,,,,,,,,1,1,0,1,1,0,1,0,0,1,1,0,1,1,1,0,Engineer
Commerce,,,,89,,77,82,91,84,,,,,0,0,1,0,0,1,1,0,1,1,1,0,1,0,0,0,Chartered Accountant
Arts,,,,62,,,,,,87,68,69,77,1,0,0,1,0,1,0,0,1,1,1,0,1,1,1,1,Athlete
Commerce,,,,51,,85,74,62,68,,,,,0,0,1,0,1,1,1,1,1,0,0,1,1,0,0,1,Scientist
Arts,,,,53,,,,,,89,58,71,76,0,0,1,1,0,0,1,1,0,0,1,1,1,0,1,1,Scientist
Arts,,,,54,,,,,,72,87,68,88,0,0,1,0,1,0,0,0,0,1,0,1,1,0,1,0,Entrepreneur
Commerce,,,,74,,76,65,58,83,,,,,1,1,0,0,0,0,1,1,0,0,1,1,0,0,0,1,Software Developer
Commerce,,,,72,,64,51,79,98,,,,,0,0,0,0,1,0,1,0,0,1,1,0,1,1,1,1,Scientist
Science_PCM,68,98,,63,88,66,,,,,,,,1,0,1,0,0,0,0,1,0,0,1,1,0,0,0,0,Scientist
Science_PCB,89,71,93,61,57,,,,,,,,,1,1,1,0,1,0,0,0,0,1,0,1,0,1,0,0,Politician
Science_PCB,99,93,64,82,93,,,,,,,,,1,1,1,0,1,0,0,0,0,1,0,1,1,1,0,0,Politician
Science_PCB,79,77,80,54,68,,,,,,,,,1,0,0,1,0,0,0,0,1,1,0,0,0,0,1,1,Scientist
Commerce,,,,52,,59,72,55,85,,,,,1,1,1,0,0,1,1,0,0,0,1,1,0,1,1,0,Scientist
Science_PCM,88,55,,57,97,96,,,,,,,,1,1,0,1,0,1,1,1,0,1,1,0,1,0,1,0,Athlete
Science_PCB,85,79,62,92,60,,,,,,,,,1,1,0,1,1,0,0,1,0,1,0,1,0,1,0,1,Politician
Science_PCB,81,71,73,86,99,,,,,,,,,0,0,1,0,0,1,1,0,1,1,0,1,0,0,1,1,Doctor
Science_PCM,100,69,,69,81,91,,,,,,,,0,0,1,1,1,0,1,1,1,0,0,1,1,0,1,1,Teacher
Commerce,,,,53,,100,65,92,74,,,,,0,0,1,0,1,0,0,1,1,1,0,1,0,1,0,0,Engineer
Commerce,,,,96,,85,99,89,56,,,,,0,0,0,1,1,1,0,1,1,1,1,1,0,1,0,1,Artist
Science_PCM,66,63,,70,61,90,,,,,,,,1,0,1,1,0,0,1,0,1,0,1,0,1,0,1,1,Artist
Science_PCB,99,79,57,61,66,,,,,,,,,0,0,1,1,0,0,1,1,1,1,0,1,1,0,1,1,Engineer
Science_PCB,91,59,96,89,89,,,,,,,,,0,1,0,0,1,0,1,1,0,1,1,1,0,0,0,1,Teacher
Science_PCB,83,73,78,52,90,,,,,,,,,1,0,0,1,1,1,0,0,1,0,0,0,0,0,0,0,Chartered Accountant
Science_PCB,84,76,89,62,58,,,,,,,,,1,1,0,1,0,1,1,0,0,0,0,1,0,0,1,1,Politician
Science_PCM,57,58,,81,93,100,,,,,,,,1,1,1,0,1,1,1,1,0,0,0,0,0,0,0,0,Doctor
Arts,,,,96,,,,,,52,97,77,96,0,1,1,0,0,1,0,0,0,0,1,0,1,1,1,0,Politician
Science_PCM,84,79,,68,58,61,,,,,,,,1,0,0,0,0,0,0,1,0,0,0,0,1,1,1,1,Doctor
Science_PCB,95,86,73,89,78,,,,,,,,,1,1,0,1,0,0,1,1,0,1,0,1,1,1,0,0,Entrepreneur
Science_PCM,61,92,,81,73,74,,,,,,,,0,0,1,0,0,0,1,1,0,1,1,0,0,1,1,0,Athlete
Science_PCM,60,78,,60,86,81,,,,,,,,1,0,1,0,0,0,0,1,0,0,1,0,1,0,0,0,Chartered Accountant
Science_PCB,79,88,73,93,65,,,,,,,,,0,1,0,1,0,1,0,0,1,1,1,0,1,1,0,1,Chartered Accountant
Science_PCB,50,94,98,71,68,,,,,,,,,0,1,0,0,1,1,1,1,0,1,1,1,1,1,0,0,Entrepreneur
Arts,,,,90,,,,,,70,92,72,62,1,1,1,1,0,1,1,0,0,1,1,0,0,1,1,1,Scientist
Commerce,,,,79,,89,60,93,80,,,,,0,0,1,0,0,1,0,1,1,1,1,1,1,0,0,0,Politician
Arts,,,,54,,,,,,99,62,61,57,1,0,1,1,0,0,0,0,0,0,1,0,1,0,0,0,Engineer
Science_PCB,56,57,94,54,78,,,,,,,,,0,1,1,1,1,1,1,0,0,0,1,1,1,1,0,0,Politician
Science_PCM,75,82,,81,54,75,,,,,,,,0,0,1,0,1,1,0,1,0,0,1,1,1,0,1,1,Engineer
Science_PCB,58,51,62,64,79,,,,,,,,,1,1,0,1,0,1,1,0,0,1,0,1,1,1,1,0,Politician
Science_PCM,66,81,,91,55,97,,,,,,,,1,0,0,0,0,0,0,0,0,1,0,1,1,1,1,1,Engineer
Arts,,,,87,,,,,,69,60,51,74,0,0,1,0,1,1,0,1,1,1,1,0,1,0,0,0,Engineer
Science_PCM,96,89,,93,87,94,,,,,,,,1,0,0,0,0,0,0,0,0,1,1,1,1,0,1,1,Doctor
Arts,,,,66,,,,,,52,71,94,84,0,0,0,0,1,0,0,0,1,1,1,0,0,1,1,1,Engineer
Science_PCM,86,95,,60,54,76,,,,,,,,0,0,0,1,1,1,1,0,1,1,0,0,0,1,0,0,Software Developer
Commerce,,,,90,,52,87,60,57,,,,,0,1,0,0,1,1,1,1,0,0,0,1,1,0,1,1,Engineer
Commerce,,,,52,,100,70,65,70,,,,,0,0,1,1,1,0,0,0,1,0,1,1,1,1,1,1,Doctor
Science_PCM,91,57,,83,94,61,,,,,,,,1,0,1,1,0,0,1,1,1,0,0,0,1,0,0,1,Teacher
Commerce,,,,96,,92,63,83,62,,,,,1,0,0,1,1,0,1,0,1,1,0,1,1,1,1,0,Artist
Science_PCM,68,92,,65,56,78,,,,,,,,1,0,0,1,0,1,1,1,1,0,0,0,0,0,1,1,Artist
Arts,,,,72,,,,,,71,77,69,96,1,0,0,1,0,1,1,0,1,1,1,0,0,1,0,1,Politician
Arts,,,,60,,,,,,53,52,52,79,1,0,1,0,0,0,1,1,1,1,1,0,0,0,1,1,Software Developer
Science_PCB,53,84,89,80,83,,,,,,,,,1,1,0,0,0,0,1,1,1,1,1,0,0,0,1,0,Doctor
Commerce,,,,79,,98,59,62,89,,,,,0,0,0,1,1,0,0,0,0,0,1,0,1,1,1,1,Politician
Science_PCM,71,60,,53,98,85,,,,,,,,1,1,0,1,0,0,0,0,0,1,1,1,0,0,1,0,Politician
Science_PCM,63,55,,96,81,71,,,,,,,,0,0,1,0,0,0,1,0,0,0,0,0,1,1,0,0,Engineer
Arts,,,,72,,,,,,65,74,92,61,0,0,0,0,1,1,0,0,1,0,0,0,0,1,0,0,Artist
Science_PCB,68,86,85,53,94,,,,,,,,,0,0,1,1,1,0,0,1,1,1,0,1,0,1,0,1,Artist
Science_PCM,54,51,,65,79,69,,,,,,,,0,1,1,0,1,1,1,0,0,0,0,0,0,0,1,0,Scientist
Arts,,,,73,,,,,,79,63,53,61,1,0,0,0,0,1,1,1,0,1,1,0,1,0,1,0,Doctor
Science_PCM,86,93,,73,74,77,,,,,,,,0,0,0,1,1,0,0,0,0,1,1,0,0,1,0,1,Entrepreneur
Science_PCB,86,85,53,61,82,,,,,,,,,1,1,0,0,1,0,0,0,0,0,0,0,1,1,1,0,Software Developer
Science_PCB,67,59,91,91,81,,,,,,,,,0,0,0,1,1,1,0,0,0,1,1,0,1,0,1,1,Engineer
Science_PCM,99,79,,99,53,86,,,,,,,,1,0,0,0,0,0,0,0,1,1,1,0,1,0,1,0,Scientist
Science_PCM,50,89,,66,61,62,,,,,,,,1,0,1,1,1,0,1,1,1,0,0,0,0,0,0,0,Entrepreneur
Commerce,,,,59,,64,64,66,62,,,,,1,1,1,0,1,1,0,1,1,1,0,1,1,1,1,0,Doctor
Science_PCM,64,63,,68,54,59,,,,,,,,1,1,1,0,0,0,0,1,0,1,0,1,1,0,1,1,Entrepreneur
Science_PCB,67,91,84,89,50,,,,,,,,,1,0,0,0,1,1,1,1,1,0,0,0,0,1,0,1,Entrepreneur
Arts,,,,52,,,,,,81,74,98,54,1,0,0,1,1,0,0,1,1,1,1,1,1,1,0,1,Software Developer
Science_PCB,76,100,76,56,82,,,,,,,,,1,1,0,1,1,1,1,0,0,0,1,0,0,1,0,1,Artist
Science_PCB,66,71,87,57,99,,,,,,,,,0,0,0,1,1,1,0,1,1,0,0,0,1,0,1,0,Politician
Commerce,,,,70,,93,76,85,96,,,,,0,0,1,0,1,1,0,0,0,0,1,0,1,1,1,0,Athlete
Science_PCB,65,52,79,90,69,,,,,,,,,1,0,1,1,0,1,0,1,1,0,1,0,0,1,0,0,Software Developer
Arts,,,,96,,,,,,78,74,82,99,0,1,1,1,0,0,0,1,0,1,0,0,0,0,0,1,Athlete
Arts,,,,53,,,,,,93,93,79,81,0,0,0,0,0,0,1,1,1,1,0,1,0,0,0,1,Politician
Arts,,,,60,,,,,,96,60,66,81,0,0,1,1,0,0,1,1,1,1,1,1,1,0,1,0,Chartered Accountant
Science_PCB,83,99,84,88,96,,,,,,,,,1,0,0,1,1,1,1,1,1,0,1,0,1,1,0,0,Software Developer
Science_PCM,52,76,,80,97,99,,,,,,,,0,0,1,1,1,1,0,1,0,0,1,1,1,0,0,0,Artist
Commerce,,,,81,,54,80,72,65,,,,,0,1,0,0,0,1,1,0,0,0,1,0,0,1,1,0,Engineer
Science_PCB,78,68,72,80,66,,,,,,,,,1,1,1,1,1,1,0,0,1,1,1,1,1,1,0,0,Artist
Arts,,,,57,,,,,,73,51,51,68,0,0,0,1,1,0,1,0,0,1,0,0,0,0,1,1,Chartered Accountant
Commerce,,,,88,,85,86,90,57,,,,,0,1,1,0,1,1,1,0,1,0,0,0,0,0,1,0,Artist
Arts,,,,67,,,,,,86,86,73,74,0,0,1,0,1,0,0,1,0,1,1,1,1,0,1,0,Engineer
Arts,,,,80,,,,,,52,53,73,54,0,1,0,1,0,1,1,0,0,1,0,1,0,1,0,0,Teacher
Science_PCB,58,78,61,77,86,,,,,,,,,0,1,0,0,0,1,0,0,1,1,0,1,0,0,0,1,Engineer
Science_PCB,50,85,61,65,76,,,,,,,,,1,1,0,0,0,0,0,0,1,0,0,0,0,1,0,0,Doctor
Commerce,,,,69,,88,99,50,76,,,,,0,1,1,1,1,0,1,1,0,1,1,0,1,1,1,0,Politician
Science_PCB,84,78,60,96,52,,,,,,,,,1,0,1,1,0,0,1,1,1,1,0,1,0,1,0,1,Politician
Commerce,,,,51,,52,78,89,63,,,,,1,0,0,0,1,1,1,1,0,1,0,1,1,0,0,1,Software Developer
Science_PCB,98,58,53,60,98,,,,,,,,,1,1,0,0,1,0,1,0,1,0,1,1,1,0,0,0,Doctor
Commerce,,,,82,,90,81,74,52,,,,,1,0,1,1,0,0,1,0,1,0,1,1,1,0,1,1,Artist
Science_PCB,76,87,74,66,97,,,,,,,,,0,0,1,1,1,0,0,1,0,0,1,0,1,1,1,0,Teacher
Science_PCM,59,69,,68,63,50,,,,,,,,0,0,0,1,0,1,0,1,1,0,1,1,1,1,0,0,Engineer
Commerce,,,,60,,61,61,70,100,,,,,1,1,1,1,0,0,1,0,0,1,0,0,1,0,1,0,Chartered Accountant
Science_PCB,85,73,54,63,70,,,,,,,,,1,0,1,1,1,0,0,1,1,1,1,1,1,1,0,0,Scientist
Arts,,,,86,,,,,,78,65,97,62,0,0,1,1,0,1,1,0,1,0,0,1,0,1,1,0,Doctor
Science_PCB,92,95,50,78,94,,,,,,,,,1,1,1,0,0,0,1,0,1,0,1,0,0,0,1,0,Software Developer
Science_PCB,61,100,79,96,68,,,,,,,,,1,0,1,1,1,1,0,0,1,0,0,1,0,0,1,1,Athlete
Science_PCB,92,77,94,74,61,,,,,,,,,1,0,1,0,1,0,0,1,1,0,1,1,0,1,1,1,Engineer
Science_PCB,90,96,77,75,75,,,,,,,,,1,0,1,0,0,1,0,1,0,0,0,0,1,0,1,0,Teacher
Commerce,,,,88,,65,63,93,98,,,,,1,1,1,1,0,0,1,1,1,0,0,1,1,1,1,1,Politician
Commerce,,,,87,,82,68,97,90,,,,,0,0,1,1,0,0,0,0,1,0,0,1,1,1,1,0,Athlete
Science_PCB,60,77,87,76,82,,,,,,,,,1,1,0,0,1,1,0,1,1,0,0,1,1,1,1,0,Chartered Accountant
Commerce,,,,58,,58,86,90,64,,,,,1,1,1,1,1,0,0,1,1,0,0,1,1,1,0,0,Chartered Accountant
Commerce,,,,83,,71,86,67,72,,,,,0,0,0,0,1,0,0,0,1,1,1,0,1,1,0,1,Doctor
Science_PCB,56,100,86,51,77,,,,,,,,,0,0,1,1,1,1,0,1,0,0,0,1,1,1,0,0,Chartered Accountant
Science_PCM,72,70,,50,73,99,,,,,,,,0,1,0,0,0,1,0,1,1,0,1,0,1,0,1,1,Engineer
Arts,,,,94,,,,,,82,96,61,97,0,1,0,1,1,0,1,1,1,0,1,1,0,1,0,0,Politician
Science_PCB,50,96,89,83,98,,,,,,,,,0,1,1,1,1,1,1,1,0,1,0,0,1,0,0,1,Entrepreneur
Science_PCM,79,85,,73,89,56,,,,,,,,1,0,1,1,0,1,0,1,0,0,1,0,0,1,0,0,Engineer
Arts,,,,78,,,,,,65,86,70,86,1,0,0,1,1,0,1,1,1,1,0,0,0,1,1,0,Scientist
Commerce,,,,62,,90,100,91,68,,,,,0,0,0,0,1,0,0,0,0,1,0,1,0,0,0,0,Software Developer
Science_PCB,72,89,86,62,84,,,,,,,,,1,1,1,1,1,1,1,1,0,0,1,1,1,0,0,1,Artist
Science_PCM,70,52,,67,70,58,,,,,,,,1,1,1,0,1,0,1,1,0,0,0,1,1,1,1,1,Politician
Science_PCM,59,59,,72,62,72,,,,,,,,0,0,0,0,0,0,1,0,0,1,1,0,1,0,0,1,Entrepreneur
Science_PCM,55,57,,88,91,56,,,,,,,,1,0,1,1,0,0,0,0,0,1,0,1,1,1,1,0,Engineer
Science_PCM,50,61,,56,66,54,,,,,,,,0,0,1,1,0,1,1,1,0,1,0,1,0,1,0,0,Chartered Accountant
Science_PCB,92,64,83,88,81,,,,,,,,,0,1,0,0,1,0,1,0,0,1,1,1,0,0,0,1,Politician
Commerce,,,,84,,87,89,98,91,,,,,0,1,1,1,1,0,0,0,1,1,0,0,0,0,1,0,Scientist
Science_PCM,73,54,,51,73,51,,,,,,,,0,1,1,0,1,1,1,1,1,1,1,0,1,1,1,0,Scientist
Arts,,,,89,,,,,,53,97,75,53,1,1,1,1,1,1,0,0,0,1,1,1,0,1,0,1,Teacher
Science_PCB,70,56,99,50,93,,,,,,,,,0,1,1,0,0,0,1,1,1,1,0,1,1,0,1,1,Artist
Arts,,,,85,,,,,,64,68,72,79,0,0,0,0,0,0,1,0,1,0,1,0,0,1,1,1,Chartered Accountant
Arts,,,,51,,,,,,78,87,69,99,1,0,1,0,0,0,1,1,1,1,1,0,1,1,0,1,Software Developer
Arts,,,,58,,,,,,64,60,59,88,0,0,0,1,1,1,1,1,1,0,1,0,0,0,0,1,Chartered Accountant
Science_PCM,53,53,,61,57,68,,,,,,,,1,0,1,0,0,0,0,1,1,1,0,1,0,0,0,0,Politician
Science_PCM,92,56,,63,57,70,,,,,,,,1,1,1,1,1,1,1,1,1,1,0,1,1,1,1,0,Software Developer
Science_PCB,67,89,61,76,54,,,,,,,,,1,0,1,1,1,0,0,1,0,1,1,0,0,0,1,0,Athlete
Science_PCB,73,68,88,70,55,,,,,,,,,1,1,0,0,1,1,0,1,0,0,1,1,0,1,1,1,Politician
Science_PCM,77,97,,64,100,50,,,,,,,,0,1,0,1,0,0,0,1,0,1,1,1,0,1,0,0,Athlete
Science_PCM,69,90,,98,67,51,,,,,,,,0,1,0,1,1,1,0,1,0,1,0,1,1,0,1,0,Engineer
Arts,,,,67,,,,,,74,69,85,86,0,1,1,1,0,1,0,1,1,0,0,1,1,0,0,0,Entrepreneur
Science_PCM,71,88,,80,82,83,,,,,,,,0,0,0,1,1,0,0,0,0,0,1,1,0,1,1,1,Software Developer
Commerce,,,,87,,70,60,77,58,,,,,0,0,0,1,0,1,0,1,0,1,0,1,1,1,0,0,Engineer
Science_PCB,84,99,77,72,66,,,,,,,,,1,1,0,0,1,0,1,1,0,1,1,0,0,0,0,0,Scientist
Science_PCM,63,92,,78,63,80,,,,,,,,1,0,0,0,0,1,1,1,0,0,1,0,1,1,0,0,Scientist
Arts,,,,73,,,,,,50,65,51,67,0,0,1,1,1,0,1,1,0,0,1,0,1,0,0,1,Politician
Science_PCB,68,52,60,70,95,,,,,,,,,0,0,1,0,0,0,0,0,0,1,0,0,1,1,0,0,Politician
Arts,,,,54,,,,,,75,58,64,62,1,0,0,0,1,1,0,1,0,0,1,1,0,1,0,1,Teacher
Science_PCM,57,75,,67,75,55,,,,,,,,1,0,1,1,0,1,0,1,0,0,0,0,0,1,0,0,Doctor
Arts,,,,82,,,,,,62,100,52,84,1,1,1,0,1,1,0,1,1,0,0,1,0,0,1,0,Software Developer
Arts,,,,75,,,,,,56,95,53,76,1,0,1,0,0,1,1,1,1,1,1,0,1,0,0,1,Athlete
Science_PCB,79,72,97,67,83,,,,,,,,,0,1,0,1,1,0,0,1,1,1,1,0,1,0,0,1,Doctor
Science_PCM,81,72,,84,85,99,,,,,,,,1,1,1,0,0,1,1,0,0,1,1,1,0,1,0,0,Doctor
Science_PCB,75,84,96,77,99,,,,,,,,,1,1,1,1,1,0,1,1,0,0,1,1,0,0,0,0,Athlete
Science_PCM,81,73,,95,94,57,,,,,,,,0,0,0,1,0,1,0,0,0,0,1,1,1,1,1,1,Entrepreneur
Science_PCM,94,85,,73,60,89,,,,,,,,1,0,1,1,1,1,1,0,1,0,0,0,1,1,0,1,Teacher
Science_PCB,71,65,68,53,92,,,,,,,,,0,0,0,0,1,1,1,1,0,1,1,1,0,1,1,0,Chartered Accountant
Science_PCB,67,75,70,67,99,,,,,,,,,0,1,1,1,0,0,1,1,1,0,0,0,1,0,1,1,Engineer
Science_PCB,98,65,94,62,76,,,,,,,,,0,0,0,0,0,0,1,1,0,0,0,1,1,1,1,0,Artist
Commerce,,,,63,,70,72,65,57,,,,,0,0,1,0,0,1,0,0,1,1,1,0,0,0,1,1,Teacher
Arts,,,,51,,,,,,62,65,75,54,1,0,0,0,0,1,1,1,1,1,0,1,0,1,1,0,Entrepreneur
Science_PCB,92,72,86,59,86,,,,,,,,,1,0,0,0,0,1,0,0,1,0,1,0,1,0,0,0,Artist
Science_PCB,88,80,70,70,54,,,,,,,,,0,0,0,1,0,1,1,0,1,1,0,0,0,1,0,1,Entrepreneur
Commerce,,,,88,,80,55,67,83,,,,,1,0,0,1,0,0,0,0,0,0,1,0,1,0,0,1,Engineer
Science_PCB,52,62,86,76,69,,,,,,,,,1,1,1,1,1,0,0,0,0,0,0,0,1,0,0,0,Teacher
Science_PCB,74,92,100,68,97,,,,,,,,,1,0,1,1,1,1,1,1,1,1,1,1,0,1,1,0,Doctor
Commerce,,,,86,,92,57,66,60,,,,,1,0,0,0,0,1,0,1,1,0,0,1,0,1,0,1,Chartered Accountant
Science_PCB,50,68,76,55,89,,,,,,,,,1,0,1,1,0,1,0,0,0,1,1,1,1,1,0,0,Athlete
Commerce,,,,61,,93,99,84,63,,,,,1,1,1,0,0,0,1,0,1,0,1,1,0,1,0,1,Chartered Accountant
Arts,,,,97,,,,,,85,72,60,97,0,0,1,0,1,1,0,1,0,0,1,0,1,0,1,0,Artist
Science_PCM,98,93,,86,65,65,,,,,,,,0,1,0,0,0,1,1,1,1,0,1,0,0,0,0,1,Chartered Accountant
Science_PCM,56,74,,68,78,96,,,,,,,,0,1,0,0,1,0,0,1,1,1,0,0,0,1,0,0,Scientist
Arts,,,,93,,,,,,94,67,97,89,0,1,0,0,0,0,0,1,0,1,0,1,1,0,0,1,Scientist
Commerce,,,,77,,85,81,74,89,,,,,1,0,0,0,0,0,0,0,0,0,1,0,1,1,1,1,Teacher
Science_PCM,66,92,,95,82,66,,,,,,,,1,1,1,1,0,1,1,1,0,0,1,1,0,0,0,1,Chartered Accountant
Commerce,,,,55,,74,72,66,57,,,,,0,1,0,0,1,0,0,0,1,0,0,1,0,1,1,0,Engineer
Science_PCB,65,98,88,80,85,,,,,,,,,1,1,1,1,0,1,0,0,1,1,1,0,1,0,0,0,Software Developer
Commerce,,,,79,,88,76,77,93,,,,,0,1,1,0,1,0,0,0,0,0,1,0,1,0,0,0,Scientist
Science_PCM,94,99,,83,81,59,,,,,,,,0,1,0,1,0,1,0,0,1,1,0,0,0,0,1,0,Artist
Commerce,,,,95,,97,93,86,76,,,,,0,0,1,1,0,1,1,0,0,1,0,1,0,0,1,1,Software Developer
Science_PCB,64,54,75,84,61,,,,,,,,,0,0,1,1,0,1,1,0,0,1,1,1,0,0,1,0,Athlete
Science_PCB,65,93,59,58,55,,,,,,,,,0,1,0,0,1,1,0,0,1,0,0,0,1,0,1,1,Athlete
Arts,,,,50,,,,,,73,56,97,88,1,1,1,1,0,0,0,1,1,0,0,1,1,0,0,1,Scientist
Commerce,,,,94,,78,67,50,51,,,,,1,0,0,1,1,1,1,1,1,0,1,1,1,1,1,1,Teacher
Arts,,,,70,,,,,,95,60,86,94,1,0,1,0,0,0,0,0,1,0,0,1,1,0,0,0,Software Developer
Science_PCM,98,60,,86,79,62,,,,,,,,1,0,1,0,1,0,1,0,0,0,1,1,1,0,1,1,Entrepreneur
Science_PCB,65,69,87,51,59,,,,,,,,,0,0,1,0,0,1,0,1,1,1,0,1,0,0,1,0,Politician
Arts,,,,70,,,,,,57,55,75,68,1,0,0,1,1,0,0,1,0,1,0,0,1,0,0,0,Artist
Arts,,,,75,,,,,,97,77,76,99,1,1,0,1,0,0,1,1,0,0,0,0,0,1,1,1,Athlete
Science_PCB,91,51,52,53,82,,,,,,,,,1,1,0,1,0,1,0,1,0,0,1,0,0,0,1,1,Engineer
Commerce,,,,60,,52,93,81,71,,,,,1,0,1,0,1,1,1,0,0,0,1,1,0,1,1,0,Engineer
Arts,,,,55,,,,,,77,71,66,93,0,1,0,1,0,0,0,0,0,0,1,1,0,0,0,0,Teacher
Commerce,,,,70,,52,83,92,73,,,,,0,0,0,0,0,1,1,1,1,0,1,0,0,1,1,0,Artist
Science_PCB,64,63,50,71,62,,,,,,,,,0,1,1,1,1,1,0,0,0,1,0,1,0,1,0,1,Software Developer
Arts,,,,58,,,,,,90,61,97,81,1,1,1,1,0,1,1,0,0,0,1,0,1,0,1,0,Entrepreneur
Science_PCB,100,83,50,57,63,,,,,,,,,0,0,1,1,0,0,1,0,0,1,1,0,0,0,0,0,Software Developer
Arts,,,,82,,,,,,81,71,68,57,1,0,1,0,0,1,0,0,0,0,1,1,1,1,0,1,Software Developer
Science_PCM,87,97,,71,50,69,,,,,,,,1,0,0,1,1,0,0,0,0,1,1,0,1,1,1,0,Entrepreneur
Arts,,,,77,,,,,,65,95,87,79,0,0,0,0,1,1,0,0,1,0,1,1,0,1,0,1,Doctor
Arts,,,,62,,,,,,75,71,84,78,1,0,0,0,0,1,0,0,1,1,0,0,0,0,1,1,Scientist
Science_PCM,68,90,,96,95,87,,,,,,,,0,0,0,1,0,0,1,0,1,0,1,0,1,1,0,1,Software Developer
Commerce,,,,65,,91,78,75,58,,,,,0,1,0,1,1,0,0,0,1,1,0,0,1,1,0,1,Athlete
Commerce,,,,93,,85,64,98,60,,,,,0,0,1,1,0,0,0,0,1,0,0,0,0,1,0,0,Politician
Commerce,,,,81,,95,70,52,63,,,,,1,0,1,1,1,0,1,0,1,0,1,1,1,0,0,0,Teacher
Science_PCM,81,70,,93,74,52,,,,,,,,1,1,1,1,1,1,1,1,1,0,1,0,0,0,1,1,Athlete
Science_PCM,71,73,,65,72,64,,,,,,,,0,1,0,0,0,1,1,0,0,1,1,0,0,0,0,0,Teacher
Science_PCB,64,89,97,84,77,,,,,,,,,1,0,0,1,1,1,0,0,0,0,1,0,0,0,0,1,Doctor
Arts,,,,62,,,,,,82,90,53,80,1,0,0,1,0,1,1,0,1,0,0,1,0,1,0,0,Engineer
Science_PCB,100,82,57,65,99,,,,,,,,,1,1,1,1,1,1,0,1,1,1,1,1,0,0,0,1,Software Developer
Science_PCM,52,70,,63,93,76,,,,,,,,0,1,0,1,0,1,1,0,1,1,1,0,0,1,1,0,Teacher
Arts,,,,89,,,,,,76,64,99,92,1,1,1,1,1,1,0,1,1,0,1,1,0,1,0,0,Chartered Accountant
Science_PCB,52,58,66,73,69,,,,,,,,,1,1,1,0,0,0,0,0,0,1,1,0,0,0,0,0,Politician
Science_PCM,70,92,,76,57,69,,,,,,,,1,1,1,0,1,1,1,1,0,1,0,0,1,0,0,1,Doctor
Science_PCM,98,99,,81,62,89,,,,,,,,0,1,0,0,1,1,0,0,1,1,0,0,0,0,1,1,Software Developer
Science_PCB,100,96,84,74,72,,,,,,,,,0,0,0,1,0,0,1,1,1,0,0,1,1,1,1,0,Software Developer
Commerce,,,,93,,52,59,65,53,,,,,0,1,0,0,0,1,0,0,1,1,1,1,1,0,0,0,Scientist
Arts,,,,73,,,,,,95,91,71,68,0,0,0,0,1,0,1,0,0,1,1,0,0,0,1,1,Entrepreneur
Arts,,,,58,,,,,,86,78,51,51,1,0,1,0,0,0,1,0,1,1,0,0,0,0,1,1,Teacher
Science_PCB,97,85,67,64,66,,,,,,,,,0,1,1,0,1,0,0,0,0,0,1,1,1,0,0,0,Teacher
Commerce,,,,73,,83,53,90,59,,,,,0,1,0,0,1,1,0,1,1,1,1,1,1,0,0,0,Athlete
Science_PCM,63,78,,97,85,50,,,,,,,,0,0,0,1,0,0,1,1,1,1,0,1,0,1,1,0,Chartered Accountant
Commerce,,,,69,,68,67,74,64,,,,,1,0,0,1,1,1,0,0,0,1,1,0,0,1,0,1,Politician
Arts,,,,60,,,,,,90,96,67,94,1,0,0,0,1,1,1,1,0,1,0,1,1,1,1,1,Doctor
Commerce,,,,68,,89,88,89,55,,,,,0,1,0,1,1,0,1,0,1,1,1,1,1,1,0,0,Software Developer
Commerce,,,,84,,77,67,93,73,,,,,1,1,1,1,0,0,0,0,1,1,1,1,0,0,1,1,Artist
Science_PCB,80,70,99,51,86,,,,,,,,,0,1,0,1,1,1,1,0,1,1,0,1,1,1,1,0,Chartered Accountant
Science_PCB,64,76,53,80,68,,,,,,,,,0,0,0,1,0,0,1,1,0,0,1,0,0,1,0,1,Chartered Accountant
Commerce,,,,57,,92,57,99,59,,,,,0,0,0,0,0,1,1,1,1,1,1,0,1,0,0,0,Artist
Science_PCB,75,61,76,94,92,,,,,,,,,0,1,1,1,0,1,0,0,0,1,1,0,0,0,1,1,Software Developer
Science_PCM,62,61,,59,56,85,,,,,,,,0,0,0,0,1,1,0,1,1,0,0,1,1,1,0,1,Doctor
Science_PCM,98,66,,53,68,80,,,,,,,,0,1,0,1,1,1,1,1,1,1,1,1,1,0,1,0,Scientist
Science_PCB,56,53,81,50,97,,,,,,,,,0,0,0,1,0,0,1,1,1,1,1,1,1,0,1,0,Artist
Arts,,,,66,,,,,,69,56,62,93,1,1,0,1,1,0,1,1,1,1,1,1,0,0,1,1,Chartered Accountant
Commerce,,,,58,,95,92,70,64,,,,,1,0,0,0,0,0,0,1,0,0,1,1,1,1,1,1,Entrepreneur
Science_PCB,67,80,98,94,71,,,,,,,,,1,0,0,0,0,0,0,0,1,0,1,1,1,0,1,1,Doctor
Arts,,,,93,,,,,,83,60,81,61,0,0,1,1,1,0,0,1,0,0,1,1,0,1,1,0,Athlete
Science_PCB,95,65,60,66,85,,,,,,,,,0,0,1,0,0,1,0,0,1,0,0,1,0,1,1,1,Software Developer
Science_PCM,57,88,,59,76,90,,,,,,,,0,1,0,0,0,0,0,0,0,0,1,1,0,0,0,0,Doctor
Science_PCM,71,73,,95,55,78,,,,,,,,1,1,0,1,0,0,0,1,1,1,1,1,0,1,0,1,Software Developer
Arts,,,,74,,,,,,73,84,89,53,0,1,0,0,1,0,1,0,0,1,0,0,1,1,1,0,Entrepreneur
Science_PCB,92,85,63,57,59,,,,,,,,,1,1,0,1,1,0,0,1,1,1,0,1,1,1,1,0,Scientist
Arts,,,,96,,,,,,53,50,64,57,1,0,0,0,1,0,0,0,0,1,0,1,1,0,0,1,Artist
Commerce,,,,84,,56,66,98,85,,,,,1,0,1,1,0,0,0,1,0,1,0,0,1,0,1,1,Engineer
Commerce,,,,68,,93,95,94,85,,,,,0,1,0,1,1,1,1,0,0,0,0,1,0,0,0,1,Teacher
Science_PCB,62,83,75,73,84,,,,,,,,,0,1,1,0,1,0,0,0,0,1,0,0,1,0,0,0,Engineer
Science_PCB,81,66,92,92,88,,,,,,,,,0,0,1,0,1,0,0,0,1,1,1,1,1,0,1,0,Artist
Arts,,,,87,,,,,,55,93,75,59,0,1,1,1,0,0,1,1,1,1,0,0,0,1,0,1,Scientist
Commerce,,,,76,,63,82,70,55,,,,,1,0,1,1,0,0,1,1,0,1,0,0,0,0,0,1,Teacher
Science_PCB,51,53,71,100,84,,,,,,,,,0,0,0,1,0,0,0,0,0,0,1,1,1,0,0,0,Athlete
Science_PCM,100,53,,80,91,80,,,,,,,,0,1,1,0,0,1,1,0,1,1,1,0,1,0,1,1,Chartered Accountant
Arts,,,,95,,,,,,80,96,83,94,1,1,0,0,1,0,0,0,0,1,1,0,1,0,1,1,Software Developer
Science_PCB,84,73,99,98,62,,,,,,,,,0,1,1,1,1,1,0,1,0,1,1,1,0,1,0,1,Artist
Science_PCB,82,98,57,58,66,,,,,,,,,0,1,1,0,1,1,0,0,0,1,0,1,0,1,0,1,Doctor
Science_PCM,76,64,,65,89,60,,,,,,,,0,1,0,1,1,0,0,0,1,1,0,1,1,0,1,0,Engineer
Arts,,,,66,,,,,,90,53,57,96,1,0,0,1,1,1,1,0,1,1,0,1,1,1,1,1,Software Developer
Arts,,,,62,,,,,,81,63,98,52,1,1,0,1,0,1,1,0,0,1,1,0,1,1,1,0,Entrepreneur
Commerce,,,,55,,77,88,79,81,,,,,1,0,1,1,0,1,0,1,1,1,0,1,1,1,0,1,Entrepreneur
Arts,,,,78,,,,,,76,73,88,52,1,1,0,0,1,1,0,1,1,1,1,1,1,1,1,0,Teacher
Science_PCB,96,95,92,87,50,,,,,,,,,1,1,0,0,0,1,1,1,0,1,1,1,1,1,1,0,Chartered Accountant
Arts,,,,76,,,,,,80,100,73,81,1,0,0,0,0,0,0,0,1,1,1,0,0,0,0,0,Athlete
Commerce,,,,60,,72,71,61,94,,,,,1,0,1,0,1,0,1,1,1,1,0,1,1,1,1,1,Chartered Accountant
Commerce,,,,58,,53,56,65,96,,,,,1,0,1,1,0,1,0,0,1,1,1,0,1,0,0,1,Entrepreneur
Commerce,,,,99,,51,64,50,76,,,,,1,1,1,0,1,1,1,1,1,1,1,0,0,0,0,0,Doctor
Commerce,,,,59,,86,76,60,93,,,,,1,0,0,0,1,1,0,1,1,1,0,0,0,1,1,1,Chartered Accountant
Science_PCB,68,96,67,90,99,,,,,,,,,0,1,0,1,0,0,0,1,0,1,1,1,0,1,1,1,Artist
Arts,,,,61,,,,,,82,51,83,52,0,0,1,0,1,0,1,1,0,0,1,1,0,1,1,1,Engineer
Science_PCB,66,86,78,68,98,,,,,,,,,0,0,0,1,0,0,1,1,1,0,1,0,1,0,0,1,Engineer
Science_PCM,97,92,,57,57,74,,,,,,,,0,1,1,1,1,0,0,1,0,1,1,0,0,0,0,1,Chartered Accountant
Arts,,,,70,,,,,,70,71,66,87,1,1,1,0,0,0,0,1,0,1,1,0,0,0,0,0,Teacher
Science_PCM,75,69,,96,80,53,,,,,,,,1,0,0,1,1,1,0,0,0,0,0,1,1,1,0,0,Doctor
Arts,,,,76,,,,,,98,60,82,82,1,0,0,0,0,1,1,0,1,0,1,1,0,0,1,1,Artist
Science_PCM,74,89,,85,78,71,,,,,,,,1,0,0,1,0,1,1,0,0,1,0,0,0,1,1,1,Doctor
Science_PCM,59,68,,83,57,93,,,,,,,,1,1,0,0,0,0,0,0,1,1,0,1,0,0,1,0,Scientist
Science_PCB,76,73,79,91,75,,,,,,,,,1,1,1,1,0,0,1,0,1,0,1,0,0,1,0,0,Athlete
Science_PCB,84,89,100,75,69,,,,,,,,,1,1,0,1,0,1,0,0,0,0,0,1,0,0,0,1,Athlete
Science_PCB,87,70,64,92,80,,,,,,,,,1,1,1,1,1,0,1,0,1,1,1,0,0,1,0,1,Politician
Commerce,,,,55,,73,70,86,50,,,,,1,0,1,0,0,1,1,0,1,0,0,0,1,0,1,0,Politician
Commerce,,,,79,,90,64,59,58,,,,,1,1,0,0,1,1,0,1,1,1,0,1,1,1,1,1,Artist
Commerce,,,,94,,61,76,96,76,,,,,1,1,1,1,1,1,1,0,0,0,1,1,0,0,1,1,Scientist
Arts,,,,77,,,,,,86,58,87,69,1,0,1,1,0,0,0,0,1,1,0,1,1,1,1,1,Chartered Accountant
Arts,,,,88,,,,,,90,65,71,65,0,1,1,1,0,1,0,0,0,0,0,1,0,1,0,0,Engineer
Commerce,,,,74,,100,90,59,62,,,,,1,1,0,0,1,0,0,0,0,0,1,1,0,1,0,1,Artist
Science_PCB,79,100,78,93,50,,,,,,,,,0,0,1,1,1,1,0,1,0,1,1,1,0,1,1,1,Politician
Commerce,,,,88,,85,80,53,76,,,,,1,1,0,1,0,1,0,1,0,0,1,1,0,0,0,1,Chartered Accountant
Commerce,,,,59,,98,86,100,60,,,,,0,0,1,1,1,0,0,1,0,1,0,1,1,1,0,1,Software Developer
Commerce,,,,99,,69,69,64,71,,,,,1,0,0,0,0,1,1,1,0,1,0,0,1,1,0,0,Teacher
Science_PCB,58,98,74,74,64,,,,,,,,,1,0,0,1,1,1,0,1,1,1,1,1,1,0,0,1,Teacher
Science_PCB,74,75,73,55,71,,,,,,,,,0,1,0,1,0,1,0,0,0,0,1,1,1,0,1,0,Teacher
Arts,,,,70,,,,,,69,75,58,89,1,0,1,0,0,0,0,1,0,1,1,1,1,0,1,0,Doctor
Commerce,,,,82,,87,73,63,76,,,,,0,0,1,1,0,1,1,1,0,0,0,1,1,0,1,1,Software Developer
Science_PCB,71,77,100,85,80,,,,,,,,,1,1,0,0,0,1,0,0,0,0,1,0,0,0,0,0,Doctor
Science_PCM,87,58,,97,96,93,,,,,,,,1,0,1,1,1,1,1,1,0,1,0,0,0,0,1,1,Politician
Science_PCB,94,60,74,93,57,,,,,,,,,1,0,1,0,1,1,0,1,1,1,1,1,1,1,1,0,Entrepreneur
Science_PCM,71,59,,60,56,57,,,,,,,,0,1,0,1,0,0,0,1,1,1,1,0,0,0,0,0,Chartered Accountant
Science_PCM,57,74,,50,84,81,,,,,,,,1,0,0,1,1,1,0,0,1,1,1,1,1,0,0,0,Athlete
Science_PCB,68,70,74,52,51,,,,,,,,,0,0,0,0,1,0,1,1,1,0,0,0,1,1,1,0,Doctor
Arts,,,,97,,,,,,73,69,94,72,0,1,0,1,1,0,1,1,1,1,1,0,1,1,0,1,Entrepreneur
Science_PCB,69,91,95,53,81,,,,,,,,,0,1,0,1,0,1,0,1,0,0,0,0,1,1,1,0,Chartered Accountant
Science_PCB,94,93,73,69,90,,,,,,,,,1,1,0,1,1,1,0,0,0,1,1,1,1,0,1,0,Doctor
Science_PCB,51,90,80,93,84,,,,,,,,,0,1,1,0,0,0,0,1,1,1,1,0,1,0,0,0,Chartered Accountant
Commerce,,,,59,,79,95,83,86,,,,,0,0,1,0,0,0,1,0,0,1,1,0,0,1,1,1,Chartered Accountant
Science_PCM,81,60,,64,56,93,,,,,,,,0,1,0,0,0,0,1,1,1,1,0,1,1,1,1,1,Doctor
Science_PCM,72,75,,76,93,60,,,,,,,,0,1,1,0,1,0,1,0,0,1,0,0,0,0,0,0,Teacher
Science_PCM,64,85,,99,78,81,,,,,,,,1,0,1,1,0,0,1,0,1,0,0,0,1,0,1,1,Doctor
Commerce,,,,82,,88,73,76,84,,,,,1,1,0,1,1,0,0,1,0,0,1,1,1,0,1,0,Politician
Science_PCB,90,61,92,56,89,,,,,,,,,1,0,1,1,0,1,1,1,1,0,0,0,1,1,0,1,Teacher
Commerce,,,,90,,75,84,61,86,,,,,1,1,1,0,1,0,1,0,0,0,0,0,0,1,0,1,Chartered Accountant
Commerce,,,,72,,83,50,73,54,,,,,0,1,1,0,0,1,1,1,1,0,1,1,0,1,0,1,Engineer
Science_PCB,74,79,69,90,66,,,,,,,,,0,0,1,1,1,1,0,0,1,0,1,1,1,0,0,1,Chartered Accountant
Science_PCM,53,54,,55,96,95,,,,,,,,1,1,0,0,1,1,1,0,1,0,0,1,0,0,0,1,Politician
Science_PCM,73,55,,56,81,73,,,,,,,,1,1,0,1,0,0,1,0,1,1,0,1,0,1,0,1,Politician
Arts,,,,54,,,,,,64,53,76,64,0,1,0,0,1,1,0,0,0,1,0,1,0,1,1,1,Doctor
Commerce,,,,84,,67,54,89,63,,,,,0,0,0,1,1,0,0,0,1,1,1,1,0,0,1,1,Politician
Arts,,,,60,,,,,,78,50,75,80,1,0,0,0,1,1,1,1,1,1,0,1,1,1,1,0,Politician
Arts,,,,58,,,,,,79,75,99,74,1,0,1,0,0,0,0,1,1,0,1,0,1,0,1,1,Scientist
Arts,,,,51,,,,,,96,77,95,53,0,0,1,1,1,1,1,0,1,0,1,0,1,1,1,1,Engineer
Arts,,,,53,,,,,,92,60,53,88,0,0,1,1,0,1,1,0,0,0,0,1,0,0,0,1,Chartered Accountant
Arts,,,,78,,,,,,90,73,86,51,1,0,0,1,0,0,1,0,1,1,0,0,1,1,1,0,Politician
Science_PCB,91,60,90,95,62,,,,,,,,,1,1,0,0,0,1,0,0,1,1,1,1,0,0,0,0,Athlete
Science_PCB,53,81,67,77,67,,,,,,,,,1,1,0,1,0,1,0,1,0,1,1,0,1,1,0,1,Artist
Science_PCM,77,89,,83,58,58,,,,,,,,1,1,1,1,1,0,0,1,1,1,1,0,0,1,1,1,Engineer
Science_PCB,90,99,94,96,63,,,,,,,,,0,1,0,0,1,0,1,0,1,1,0,1,1,1,0,1,Scientist
Arts,,,,61,,,,,,88,72,52,64,1,0,1,1,0,0,1,0,1,1,0,1,0,1,1,0,Scientist
Science_PCM,96,86,,78,85,58,,,,,,,,0,0,0,0,0,1,1,0,1,1,1,0,0,1,1,0,Chartered Accountant
Arts,,,,76,,,,,,87,97,71,88,0,0,1,0,0,0,0,1,1,1,0,0,0,0,1,1,Teacher
Commerce,,,,92,,75,69,54,100,,,,,1,1,0,1,0,1,1,0,1,1,1,1,1,1,0,1,Doctor
Arts,,,,55,,,,,,88,63,75,80,1,0,0,0,1,0,0,0,0,0,0,1,0,0,0,0,Engineer
Arts,,,,91,,,,,,68,53,64,85,1,0,0,0,1,1,1,0,0,0,1,0,0,0,0,0,Artist
Commerce,,,,84,,86,98,80,88,,,,,1,0,0,1,1,0,1,0,0,1,1,0,0,0,0,0,Politician
Arts,,,,60,,,,,,90,90,59,80,0,0,1,0,0,1,1,1,0,1,0,1,0,1,0,1,Athlete
Science_PCB,60,63,98,67,96,,,,,,,,,1,1,1,0,0,0,1,0,0,1,1,0,1,1,1,1,Athlete
Science_PCM,53,75,,68,65,89,,,,,,,,0,0,0,1,0,1,1,1,0,1,0,0,1,1,1,1,Teacher
Commerce,,,,100,,91,80,88,73,,,,,0,1,0,0,1,0,1,1,1,1,0,1,0,0,0,1,Athlete
Science_PCB,70,78,73,67,99,,,,,,,,,0,1,0,1,0,1,1,0,0,0,0,0,1,1,1,0,Entrepreneur
Science_PCM,81,66,,95,61,86,,,,,,,,1,1,1,0,1,1,0,0,0,1,1,0,0,1,1,1,Chartered Accountant
Science_PCM,74,64,,52,94,60,,,,,,,,1,1,1,1,0,1,0,0,0,1,1,0,1,1,1,0,Politician
Commerce,,,,53,,93,67,99,89,,,,,0,1,0,0,0,1,1,0,0,1,1,1,0,1,1,0,Teacher
Arts,,,,71,,,,,,77,61,97,78,0,1,0,0,1,0,0,0,1,1,0,1,1,0,1,0,Software Developer
Science_PCB,65,76,85,61,50,,,,,,,,,1,0,0,0,1,0,0,1,0,1,1,0,0,1,1,0,Chartered Accountant
Commerce,,,,58,,89,67,86,56,,,,,0,0,0,0,1,0,1,0,1,0,1,0,0,0,0,1,Doctor
Commerce,,,,85,,87,92,79,74,,,,,0,1,0,0,0,0,0,1,1,0,0,0,0,1,0,1,Athlete
Commerce,,,,84,,89,59,93,92,,,,,0,1,0,0,1,1,1,1,0,0,0,0,1,1,1,0,Artist
Science_PCM,88,57,,100,60,69,,,,,,,,0,0,1,0,1,1,0,1,0,1,0,1,1,1,1,0,Engineer
Science_PCB,53,56,89,82,98,,,,,,,,,1,1,1,0,1,0,1,0,1,0,0,1,1,1,0,0,Entrepreneur
Science_PCB,66,66,67,63,80,,,,,,,,,0,0,1,1,0,0,0,0,0,0,0,1,1,0,1,1,Software Developer
Science_PCM,61,90,,88,95,86,,,,,,,,1,1,0,1,1,1,1,0,1,0,0,0,0,0,1,1,Software Developer
Science_PCM,54,72,,86,62,57,,,,,,,,0,0,0,0,1,0,0,1,0,1,1,1,1,0,1,0,Artist
Commerce,,,,94,,92,84,93,93,,,,,1,0,1,0,0,0,0,0,1,1,0,0,0,1,0,0,Teacher
Science_PCB,69,96,73,82,85,,,,,,,,,1,0,0,0,1,1,0,1,0,1,0,0,0,0,1,0,Scientist
Science_PCM,71,54,,84,79,79,,,,,,,,0,0,1,1,1,0,0,1,0,0,1,0,0,0,1,1,Teacher
Arts,,,,78,,,,,,85,90,71,57,1,1,0,1,0,0,0,1,0,0,1,0,1,0,1,1,Scientist
Arts,,,,52,,,,,,69,88,95,53,0,1,0,0,1,0,0,0,0,1,0,0,1,1,0,0,Scientist
Arts,,,,81,,,,,,66,90,62,81,0,1,1,0,1,1,0,0,1,0,1,1,0,1,1,1,Doctor
Commerce,,,,97,,72,76,81,78,,,,,1,0,0,0,0,0,0,0,0,0,0,0,0,0,1,0,Software Developer
Science_PCB,73,92,98,50,71,,,,,,,,,0,0,0,1,0,1,0,1,1,1,1,0,0,1,0,1,Software Developer
Arts,,,,97,,,,,,72,74,84,91,0,1,0,1,0,1,0,1,0,1,1,1,1,0,0,0,Politician
Arts,,,,73,,,,,,58,68,84,90,0,0,1,1,1,0,1,0,0,1,1,0,0,1,1,1,Engineer
Science_PCB,90,86,84,82,58,,,,,,,,,1,0,1,0,0,0,1,0,1,0,0,0,0,1,0,1,Artist
Arts,,,,89,,,,,,74,61,88,66,0,0,0,1,1,0,1,0,0,0,1,0,0,0,1,1,Politician
Arts,,,,55,,,,,,56,83,79,59,0,1,1,1,1,0,1,0,0,0,1,1,0,1,1,1,Software Developer
Arts,,,,56,,,,,,83,71,73,93,1,0,0,1,0,1,0,1,1,1,1,1,1,1,1,0,Politician
Arts,,,,86,,,,,,60,64,65,57,0,1,0,1,0,1,0,1,0,1,0,1,0,1,1,1,Athlete
Science_PCB,71,76,56,78,92,,,,,,,,,0,1,1,0,0,0,1,0,0,0,0,1,1,0,0,0,Entrepreneur
Arts,,,,89,,,,,,70,100,80,52,1,1,0,0,0,1,0,1,1,1,1,0,0,1,1,1,Athlete
Commerce,,,,66,,79,94,90,70,,,,,1,0,0,0,1,0,0,1,0,0,0,0,1,1,0,1,Teacher
Science_PCB,93,73,58,81,62,,,,,,,,,1,0,1,1,0,0,0,0,1,0,0,1,1,0,1,1,Athlete
Science_PCB,88,72,66,88,73,,,,,,,,,1,0,1,0,0,0,0,1,0,1,1,0,1,1,1,1,Doctor
Arts,,,,95,,,,,,86,62,67,75,1,0,1,1,0,0,1,1,1,1,0,0,0,0,0,0,Doctor
Science_PCM,62,53,,82,84,51,,,,,,,,1,1,0,0,1,1,0,1,1,0,0,0,1,1,1,0,Software Developer
Science_PCB,99,84,70,68,87,,,,,,,,,0,1,1,0,1,1,1,0,0,1,1,1,1,1,0,1,Engineer
Arts,,,,99,,,,,,69,69,51,90,1,1,0,1,1,0,0,0,0,0,0,1,1,0,1,1,Teacher
Science_PCM,75,75,,57,53,59,,,,,,,,0,1,0,0,1,1,0,0,1,0,1,0,1,1,0,1,Artist
Commerce,,,,75,,75,91,95,69,,,,,1,1,0,1,1,0,1,0,1,0,1,0,1,1,0,1,Teacher
Commerce,,,,80,,83,70,68,74,,,,,0,0,1,0,0,1,0,0,1,0,0,0,1,0,0,0,Software Developer
Commerce,,,,81,,71,50,74,96,,,,,1,0,0,0,1,0,0,0,1,0,0,1,1,1,1,0,Teacher
Arts,,,,88,,,,,,77,53,74,54,1,0,0,0,0,1,1,1,1,1,1,1,0,1,1,1,Athlete
Science_PCB,99,52,76,79,96,,,,,,,,,0,1,1,0,0,0,1,0,0,1,1,0,1,1,1,0,Engineer
Science_PCM,64,85,,63,77,66,,,,,,,,1,1,1,1,0,0,0,0,0,0,0,0,0,1,1,0,Athlete
Science_PCB,75,75,71,86,65,,,,,,,,,0,0,1,1,1,1,1,1,1,0,0,1,1,1,0,1,Scientist
Arts,,,,61,,,,,,55,93,70,68,1,1,1,1,1,1,1,0,0,0,1,0,1,1,0,1,Doctor
Commerce,,,,86,,60,62,84,94,,,,,0,1,0,0,0,1,0,0,0,0,0,0,1,1,0,1,Engineer
Science_PCB,92,55,77,84,73,,,,,,,,,1,1,1,1,1,0,1,0,1,1,1,0,0,0,1,1,Chartered Accountant
Science_PCM,99,80,,89,83,62,,,,,,,,1,1,1,1,1,0,0,0,0,0,1,0,1,0,0,0,Entrepreneur
Science_PCM,71,63,,79,83,64,,,,,,,,0,1,0,1,0,1,1,1,0,1,1,0,1,0,1,1,Doctor
Science_PCB,91,76,86,75,87,,,,,,,,,0,1,1,0,1,0,1,0,1,0,1,0,1,0,0,1,Engineer
Science_PCB,93,70,67,79,76,,,,,,,,,1,1,0,1,0,0,0,1,0,0,0,0,0,1,1,0,Athlete
Commerce,,,,96,,75,96,59,52,,,,,1,0,1,0,1,1,1,1,1,1,1,0,0,0,0,1,Engineer
Commerce,,,,60,,81,80,55,75,,,,,1,1,0,1,1,1,0,0,0,0,0,1,0,1,0,0,Entrepreneur
Science_PCM,62,86,,74,57,98,,,,,,,,1,0,0,0,1,1,0,1,1,1,1,1,0,0,0,1,Artist
Arts,,,,100,,,,,,54,79,74,75,1,0,0,0,0,1,1,1,1,0,1,1,0,0,1,0,Politician
Arts,,,,100,,,,,,60,86,55,58,1,1,1,0,1,1,1,1,0,0,0,1,0,0,0,1,Software Developer
Commerce,,,,55,,54,75,76,60,,,,,1,0,1,1,0,1,1,1,1,0,1,0,0,1,1,0,Entrepreneur
Commerce,,,,98,,51,59,69,82,,,,,0,0,0,0,1,0,1,1,1,1,1,1,1,1,1,1,Chartered Accountant
Science_PCB,55,81,87,86,60,,,,,,,,,0,0,1,0,1,1,1,1,0,1,1,0,1,1,0,1,Software Developer
Arts,,,,84,,,,,,88,86,72,71,0,1,1,1,0,1,0,0,1,0,0,1,1,0,1,0,Scientist
Science_PCM,90,98,,68,69,76,,,,,,,,1,0,1,1,0,1,0,1,0,1,1,0,0,1,0,0,Entrepreneur
Science_PCM,62,93,,65,81,74,,,,,,,,1,0,0,0,0,0,1,1,1,0,0,1,1,1,1,0,Artist
Science_PCM,67,58,,69,66,67,,,,,,,,0,1,1,0,0,0,1,1,1,1,1,1,0,0,0,1,Artist
Science_PCM,68,74,,85,91,65,,,,,,,,1,1,0,0,1,1,0,0,0,0,0,0,1,0,0,0,Teacher
Science_PCM,72,79,,63,54,86,,,,,,,,0,1,0,1,1,0,1,0,1,0,1,0,0,0,0,1,Doctor
Science_PCM,50,86,,54,57,65,,,,,,,,0,0,0,0,0,0,1,1,1,1,0,0,1,1,1,0,Politician
Commerce,,,,62,,59,73,91,74,,,,,1,1,1,1,1,1,1,1,1,0,0,1,0,1,1,0,Teacher
Science_PCM,80,90,,93,56,81,,,,,,,,1,1,1,1,1,1,1,1,0,0,1,1,1,1,1,0,Athlete
Science_PCB,63,97,70,51,87,,,,,,,,,0,0,1,0,1,0,0,0,1,0,1,1,1,0,0,1,Teacher
Science_PCM,53,70,,57,56,98,,,,,,,,0,1,0,1,0,1,0,0,1,1,1,1,1,0,1,0,Athlete
Science_PCM,86,78,,82,93,83,,,,,,,,0,1,1,1,1,0,0,1,0,0,1,0,0,0,0,1,Engineer
Science_PCM,54,94,,60,54,55,,,,,,,,1,0,1,1,1,0,1,1,0,1,1,1,1,0,0,1,Entrepreneur
Arts,,,,97,,,,,,58,58,52,86,1,1,1,1,1,1,1,0,1,1,0,1,1,1,0,0,Politician
Arts,,,,70,,,,,,52,87,82,97,1,1,0,1,0,1,1,1,1,1,0,1,1,1,0,1,Engineer
Arts,,,,92,,,,,,52,74,61,85,0,0,0,1,0,0,1,1,0,1,1,0,1,0,1,0,Athlete
Science_PCB,50,79,56,65,96,,,,,,,,,1,0,1,1,0,1,1,1,1,1,0,1,0,1,1,0,Engineer
Science_PCM,61,90,,68,80,84,,,,,,,,1,0,1,1,1,1,0,0,0,0,1,1,0,0,1,1,Scientist
Arts,,,,77,,,,,,99,66,91,89,0,0,0,0,0,0,0,1,1,0,0,0,1,0,1,0,Scientist
Commerce,,,,99,,55,57,51,91,,,,,0,1,1,1,1,1,1,1,1,1,0,0,1,1,1,0,Entrepreneur
Arts,,,,75,,,,,,62,81,93,51,1,1,1,0,0,0,0,0,1,1,0,1,0,1,1,1,Scientist
Commerce,,,,68,,96,55,67,54,,,,,0,0,1,1,1,1,1,1,1,1,1,1,1,1,1,1,Scientist
Science_PCB,63,82,79,67,72,,,,,,,,,0,0,1,1,1,0,1,0,0,1,0,1,0,1,1,1,Politician
Arts,,,,52,,,,,,59,78,99,71,0,1,0,1,1,0,0,0,0,0,1,1,0,0,1,0,Chartered Accountant
Arts,,,,60,,,,,,75,94,81,74,1,1,1,0,0,0,0,0,1,0,0,1,0,1,1,0,Doctor
Arts,,,,78,,,,,,63,83,81,53,1,1,0,1,1,1,1,0,0,0,0,1,1,1,1,1,Scientist
Science_PCM,71,61,,69,70,91,,,,,,,,0,0,0,1,1,0,0,0,0,1,1,0,1,1,1,0,Scientist
Science_PCM,65,97,,94,52,100,,,,,,,,0,1,1,1,1,0,0,0,1,1,1,0,0,1,1,1,Scientist
Arts,,,,54,,,,,,67,74,69,86,1,0,1,1,0,0,0,1,1,0,0,1,1,1,0,0,Teacher
Science_PCB,89,53,94,70,74,,,,,,,,,0,0,0,0,0,0,0,0,1,1,0,0,1,0,1,1,Teacher
Science_PCM,94,59,,74,75,95,,,,,,,,1,1,1,1,0,1,0,1,0,0,1,1,0,0,0,0,Software Developer
Commerce,,,,81,,84,66,56,97,,,,,0,1,0,1,0,1,0,1,1,1,0,1,1,1,0,0,Artist
Commerce,,,,94,,69,96,54,67,,,,,1,0,0,0,0,1,0,0,0,1,0,1,0,0,0,1,Engineer
Science_PCB,80,92,98,62,66,,,,,,,,,1,1,0,0,0,0,1,0,1,1,0,0,1,0,0,1,Doctor
Arts,,,,97,,,,,,51,53,92,77,0,0,0,0,0,0,1,1,1,0,0,0,1,0,1,1,Chartered Accountant
Science_PCM,96,64,,90,51,76,,,,,,,,1,1,0,0,1,1,0,0,0,0,1,0,0,1,1,0,Teacher
Commerce,,,,74,,82,63,55,58,,,,,1,1,1,0,1,1,1,0,1,1,0,0,0,0,0,0,Athlete
Science_PCB,71,75,80,67,89,,,,,,,,,1,0,1,1,1,0,1,1,0,0,0,1,0,1,0,1,Entrepreneur
Science_PCM,79,79,,68,92,77,,,,,,,,0,0,0,1,1,1,1,1,1,1,0,0,0,1,1,1,Athlete
Arts,,,,68,,,,,,77,72,76,79,1,1,0,0,1,1,1,1,0,0,0,1,1,1,0,1,Artist
Arts,,,,76,,,,,,79,85,51,66,0,0,1,1,0,0,0,1,0,1,0,0,0,0,0,1,Doctor
Science_PCM,82,89,,70,79,73,,,,,,,,0,1,0,1,1,1,1,0,1,0,1,0,0,0,1,0,Teacher
Arts,,,,68,,,,,,53,61,57,66,0,1,0,0,0,0,1,0,1,0,1,1,0,0,1,0,Doctor
Science_PCB,96,81,91,98,89,,,,,,,,,0,1,1,0,0,0,1,1,0,0,0,1,1,0,1,0,Teacher
Science_PCM,57,94,,70,59,75,,,,,,,,1,0,0,0,1,1,0,0,1,1,1,1,1,1,1,0,Chartered Accountant
Science_PCM,82,86,,93,71,67,,,,,,,,0,1,0,1,1,1,1,0,1,1,0,0,1,1,0,1,Politician
Science_PCM,83,80,,92,54,79,,,,,,,,0,0,1,1,1,0,1,0,0,0,1,1,1,1,0,1,Entrepreneur
Science_PCB,60,69,76,83,61,,,,,,,,,0,0,0,0,0,1,1,0,1,1,1,0,0,1,0,0,Teacher
Commerce,,,,90,,57,73,62,100,,,,,1,0,0,0,0,0,1,1,1,0,1,1,1,1,0,1,Software Developer
Commerce,,,,83,,100,88,89,68,,,,,0,0,1,0,0,1,1,1,0,1,0,1,0,1,0,0,Politician
Science_PCM,60,73,,63,60,75,,,,,,,,0,0,0,0,1,1,1,1,0,1,0,1,0,0,1,0,Scientist
Commerce,,,,77,,85,87,79,71,,,,,1,1,0,1,1,0,0,1,1,0,1,1,1,0,1,1,Chartered Accountant
Science_PCB,57,61,58,60,89,,,,,,,,,0,1,0,0,1,0,0,1,0,1,1,0,1,0,1,0,Athlete
Arts,,,,60,,,,,,77,83,94,87,1,1,0,0,1,1,0,1,1,0,0,1,0,1,0,1,Teacher
Arts,,,,95,,,,,,86,77,74,100,0,0,1,0,1,1,0,1,1,0,1,0,1,0,0,0,Entrepreneur
Science_PCB,64,67,95,93,91,,,,,,,,,1,1,1,0,1,1,1,0,1,1,1,1,0,0,1,0,Athlete
Commerce,,,,74,,84,62,64,80,,,,,0,1,0,0,1,0,1,0,0,1,1,0,0,1,1,0,Scientist
Commerce,,,,82,,52,57,75,82,,,,,0,0,0,1,0,0,0,1,0,0,1,1,1,0,0,0,Doctor
Science_PCM,51,88,,71,63,82,,,,,,,,1,0,1,1,0,1,0,0,0,1,1,1,1,1,0,1,Entrepreneur
Science_PCM,66,85,,62,83,88,,,,,,,,0,0,0,1,0,1,0,1,1,1,1,0,0,0,0,1,Chartered Accountant
Arts,,,,86,,,,,,50,100,56,62,0,1,1,0,0,0,1,0,1,1,0,0,0,1,1,1,Politician
Commerce,,,,99,,50,71,65,99,,,,,0,0,0,1,1,0,1,0,0,0,1,0,0,0,1,1,Chartered Accountant
Science_PCM,66,94,,72,54,97,,,,,,,,1,0,0,0,1,0,1,0,1,0,0,1,0,1,1,1,Chartered Accountant
Science_PCB,97,70,61,64,98,,,,,,,,,0,0,1,1,1,1,1,0,1,1,1,0,0,1,1,0,Engineer
Commerce,,,,100,,68,71,88,82,,,,,1,0,0,1,1,0,0,0,0,1,0,1,0,0,0,0,Politician
Arts,,,,68,,,,,,84,96,66,82,0,0,1,0,0,1,0,0,1,1,1,1,1,1,1,1,Artist
Science_PCB,94,98,52,64,51,,,,,,,,,1,1,1,0,1,0,1,0,1,1,1,1,0,1,1,0,Athlete
Science_PCB,96,87,76,95,95,,,,,,,,,0,0,1,0,0,0,1,1,0,0,1,0,0,0,1,0,Chartered Accountant
Commerce,,,,65,,100,63,69,51,,,,,1,1,0,0,0,0,1,0,0,1,0,1,1,0,0,1,Engineer
Commerce,,,,87,,68,56,80,88,,,,,1,0,1,1,0,0,1,0,1,1,1,0,1,1,0,1,Teacher
Science_PCB,50,72,68,79,69,,,,,,,,,1,0,0,0,1,1,1,0,0,0,0,0,1,1,0,0,Chartered Accountant
Commerce,,,,74,,81,61,84,84,,,,,1,0,1,1,0,0,0,1,0,1,1,1,0,1,1,1,Artist
Science_PCM,79,64,,51,72,76,,,,,,,,0,0,0,0,0,1,0,1,1,1,1,1,1,0,1,1,Software Developer
Commerce,,,,54,,100,95,97,82,,,,,0,1,0,1,1,1,1,0,0,1,1,1,0,1,1,0,Artist
Science_PCB,74,77,53,71,80,,,,,,,,,0,0,1,1,0,0,1,1,1,1,0,1,0,1,1,1,Scientist
Commerce,,,,59,,78,72,75,67,,,,,1,0,0,0,1,1,1,0,0,1,1,1,1,0,0,0,Entrepreneur
Commerce,,,,51,,51,65,96,55,,,,,0,1,0,1,1,0,0,0,0,0,1,1,0,0,1,0,Teacher
Arts,,,,50,,,,,,70,85,63,81,0,1,0,0,0,0,1,0,1,1,1,1,0,1,1,0,Artist
Science_PCM,97,64,,67,82,82,,,,,,,,0,0,1,1,0,1,1,1,1,0,0,0,0,0,0,0,Engineer
Science_PCM,74,74,,64,52,98,,,,,,,,0,1,0,0,1,0,1,0,0,1,0,1,0,1,0,0,Entrepreneur
Science_PCM,55,58,,62,60,60,,,,,,,,0,0,0,0,0,1,0,1,0,1,1,0,0,0,1,1,Engineer
Science_PCM,87,75,,66,91,65,,,,,,,,0,1,0,0,1,1,0,1,0,0,1,1,0,1,1,0,Scientist
Commerce,,,,53,,97,62,64,79,,,,,1,1,1,1,1,0,0,0,1,0,1,1,1,1,0,1,Politician
Science_PCB,51,67,55,100,98,,,,,,,,,1,1,1,0,1,1,1,0,0,1,0,0,0,0,0,1,Doctor
Commerce,,,,94,,62,67,54,57,,,,,0,0,1,0,1,1,1,0,0,1,1,1,1,1,1,0,Doctor
Arts,,,,65,,,,,,100,67,55,84,1,0,1,0,0,1,0,1,0,1,0,1,0,0,1,0,Software Developer
Science_PCB,82,100,67,100,59,,,,,,,,,1,1,0,0,1,0,1,1,0,1,0,1,1,1,0,0,Athlete
Commerce,,,,50,,91,61,92,55,,,,,0,1,1,1,1,1,0,0,1,1,0,1,0,0,1,1,Engineer
Science_PCM,66,56,,62,68,62,,,,,,,,1,0,0,0,1,1,1,1,1,0,0,0,0,1,1,1,Politician
Arts,,,,78,,,,,,92,99,89,98,1,1,0,1,0,1,1,0,0,1,1,0,0,1,1,1,Entrepreneur
Science_PCB,71,83,96,51,66,,,,,,,,,1,1,1,0,0,1,0,1,1,1,1,1,1,1,0,0,Entrepreneur
Arts,,,,92,,,,,,97,93,76,92,1,0,0,1,1,0,0,1,1,1,0,1,1,0,0,0,Athlete
Science_PCM,91,75,,98,66,95,,,,,,,,0,0,0,0,0,1,1,0,1,0,0,0,1,0,0,0,Athlete
Commerce,,,,97,,55,68,78,82,,,,,0,0,0,0,1,1,0,0,1,0,0,0,1,1,0,1,Artist
Commerce,,,,97,,53,70,95,64,,,,,1,0,1,1,1,0,1,1,0,1,1,0,1,0,0,1,Teacher
Science_PCB,55,86,61,50,59,,,,,,,,,1,0,1,1,0,1,0,1,1,0,1,0,1,0,0,1,Doctor
Arts,,,,63,,,,,,65,70,89,74,1,0,1,1,1,0,0,0,1,0,1,0,0,1,0,0,Chartered Accountant
Arts,,,,65,,,,,,61,63,70,68,1,1,1,0,1,0,1,1,1,0,0,0,0,0,1,1,Teacher
Science_PCB,93,78,90,83,75,,,,,,,,,0,1,1,0,1,0,1,1,0,1,0,0,1,0,0,0,Engineer
Science_PCM,75,52,,89,61,72,,,,,,,,0,1,1,0,1,0,1,1,0,0,1,0,0,1,1,0,Politician
Science_PCM,92,72,,90,81,52,,,,,,,,0,1,1,1,1,1,0,0,1,0,1,1,1,0,1,0,Doctor
Science_PCB,80,66,66,65,93,,,,,,,,,1,1,0,1,1,0,0,1,0,1,1,1,1,0,1,1,Doctor
Science_PCB,91,96,91,58,84,,,,,,,,,1,0,0,1,0,0,1,0,1,0,0,1,1,0,0,1,Doctor
Commerce,,,,75,,87,93,85,99,,,,,1,1,1,1,1,0,0,0,1,1,1,0,1,1,0,0,Teacher
Science_PCM,70,98,,100,58,75,,,,,,,,1,1,1,1,1,0,1,1,0,1,0,1,0,1,0,0,Artist
Science_PCM,58,73,,76,82,96,,,,,,,,1,1,1,0,1,1,1,0,0,0,1,0,0,0,0,1,Doctor
Arts,,,,70,,,,,,65,63,72,68,0,0,0,1,0,0,0,0,1,0,1,1,1,1,1,0,Chartered Accountant
Arts,,,,67,,,,,,94,66,50,54,0,0,1,1,1,0,0,0,1,0,0,0,0,0,1,0,Artist
Science_PCM,90,98,,83,86,67,,,,,,,,1,0,1,1,0,1,1,1,0,0,0,1,0,0,0,1,Politician
Science_PCB,87,90,52,81,100,,,,,,,,,1,0,0,0,0,0,0,0,1,1,0,1,0,1,1,1,Engineer
Arts,,,,90,,,,,,61,86,93,77,1,1,0,0,1,0,0,1,1,0,1,1,0,1,1,0,Scientist
Science_PCM,84,95,,58,78,66,,,,,,,,0,0,0,0,0,0,1,0,1,1,1,1,1,0,1,0,Scientist
Arts,,,,78,,,,,,96,79,91,58,1,1,0,1,1,0,1,1,1,1,1,0,1,0,1,0,Athlete
Science_PCM,79,87,,100,54,94,,,,,,,,0,1,1,1,0,0,0,1,1,0,1,0,1,0,1,1,Chartered Accountant
Commerce,,,,76,,95,56,58,60,,,,,0,0,1,0,0,1,1,0,1,1,1,1,1,1,0,1,Teacher
Arts,,,,89,,,,,,76,69,84,67,1,1,1,1,1,1,0,1,0,1,1,0,1,0,1,1,Artist
Arts,,,,67,,,,,,71,62,51,68,0,1,1,1,1,0,0,0,0,1,1,0,0,1,1,1,Teacher
Arts,,,,90,,,,,,60,55,61,84,1,0,0,1,0,1,1,1,1,1,0,0,0,0,0,1,Scientist
Commerce,,,,92,,52,55,100,53,,,,,0,0,1,0,0,1,1,0,1,0,0,1,0,1,0,0,Entrepreneur
Commerce,,,,81,,57,91,70,61,,,,,1,0,0,1,0,0,1,1,0,1,0,1,0,1,1,0,Artist
Science_PCM,86,96,,96,73,93,,,,,,,,0,0,0,1,0,0,0,1,1,0,0,1,0,1,1,1,Artist
Commerce,,,,75,,66,98,94,78,,,,,0,0,0,1,0,1,0,1,0,1,0,0,0,0,1,0,Software Developer
Science_PCB,92,87,57,91,91,,,,,,,,,1,1,1,0,1,1,0,1,1,0,0,1,1,0,0,0,Politician
Science_PCB,80,79,60,54,80,,,,,,,,,0,0,1,1,0,0,1,0,1,0,0,0,1,0,0,1,Doctor
Science_PCB,87,53,72,80,92,,,,,,,,,1,0,0,1,1,1,1,1,0,0,0,0,0,1,1,0,Chartered Accountant
Arts,,,,69,,,,,,75,52,58,82,1,1,1,1,0,0,0,0,0,0,1,1,0,1,1,0,Software Developer
Commerce,,,,60,,66,75,71,62,,,,,0,1,1,1,0,1,1,1,0,0,1,1,0,1,0,1,Doctor
Science_PCB,65,78,76,74,96,,,,,,,,,1,0,0,0,0,0,1,0,1,1,1,1,1,0,1,1,Teacher
Arts,,,,86,,,,,,86,62,55,51,0,0,1,0,1,0,1,0,0,1,0,0,0,0,0,0,Athlete
Science_PCM,96,55,,89,74,53,,,,,,,,1,0,1,0,1,0,0,0,0,1,0,1,0,0,1,0,Software Developer
Science_PCB,53,94,75,50,97,,,,,,,,,0,1,0,0,1,0,1,0,0,1,0,1,0,0,0,1,Entrepreneur
Arts,,,,85,,,,,,63,64,63,84,0,1,1,0,1,1,0,1,1,0,0,1,1,0,1,1,Chartered Accountant
Science_PCB,65,55,57,100,62,,,,,,,,,1,1,1,1,0,1,0,1,0,1,1,0,0,1,1,0,Doctor
Science_PCM,79,90,,87,81,79,,,,,,,,1,0,0,1,1,0,1,1,1,0,0,0,1,0,1,0,Scientist
Commerce,,,,94,,51,82,83,96,,,,,0,1,0,1,0,0,0,0,1,0,1,0,0,0,0,1,Politician
Commerce,,,,83,,86,86,90,99,,,,,1,1,0,0,0,0,1,0,1,0,1,1,1,1,1,0,Entrepreneur
Commerce,,,,68,,75,75,62,64,,,,,0,1,1,1,1,0,1,0,1,0,1,0,0,1,1,0,Software Developer
Commerce,,,,85,,64,82,78,55,,,,,0,0,0,0,1,1,0,0,0,0,1,1,1,1,1,0,Engineer
Commerce,,,,89,,70,80,68,91,,,,,0,1,1,0,0,0,1,1,1,1,0,0,1,0,1,1,Scientist
Arts,,,,77,,,,,,74,86,85,74,1,0,1,0,0,1,1,0,1,0,0,0,1,1,0,1,Politician
Arts,,,,65,,,,,,100,64,100,89,1,1,0,1,0,0,0,1,0,0,1,0,0,1,0,0,Software Developer
Science_PCB,84,76,73,64,77,,,,,,,,,1,1,1,0,1,1,1,0,0,1,0,0,0,0,1,0,Politician
Arts,,,,74,,,,,,82,73,72,80,0,1,0,0,1,1,0,1,1,0,0,1,1,1,1,0,Doctor
Science_PCB,93,74,50,74,98,,,,,,,,,1,0,0,1,1,0,0,0,1,1,0,0,0,1,0,0,Chartered Accountant
Science_PCB,72,56,53,64,67,,,,,,,,,1,0,1,1,0,0,0,1,1,0,1,1,1,0,0,0,Chartered Accountant
Arts,,,,70,,,,,,50,94,71,97,0,0,1,1,0,0,1,1,0,1,0,0,0,0,1,0,Engineer
Commerce,,,,56,,100,50,86,100,,,,,0,0,1,0,0,0,0,0,1,1,0,0,0,1,0,1,Artist
Science_PCB,59,72,87,90,98,,,,,,,,,0,0,0,1,0,1,0,1,0,0,1,0,0,1,1,1,Politician
Science_PCM,94,94,,86,72,78,,,,,,,,0,0,1,0,0,0,0,1,1,0,0,0,1,1,1,1,Engineer
Science_PCM,64,78,,62,68,93,,,,,,,,0,1,0,0,1,1,0,1,1,0,0,1,0,1,0,0,Doctor
Commerce,,,,93,,59,72,100,79,,,,,0,1,0,0,0,1,1,1,1,0,1,0,1,0,1,0,Entrepreneur
Arts,,,,86,,,,,,61,83,100,54,0,0,0,0,0,1,0,1,1,1,0,1,1,1,0,0,Engineer
Science_PCB,54,87,52,59,96,,,,,,,,,0,1,0,1,1,0,1,1,0,1,1,0,0,0,0,0,Scientist
Science_PCM,81,60,,94,86,76,,,,,,,,1,0,1,0,0,0,1,1,0,1,0,1,1,0,1,0,Athlete
Commerce,,,,94,,76,68,64,56,,,,,0,1,0,1,0,0,0,1,1,0,1,1,1,1,1,1,Teacher
Science_PCB,82,62,97,75,61,,,,,,,,,1,1,0,1,0,1,0,0,0,0,0,1,0,0,1,1,Scientist
Commerce,,,,53,,51,77,89,87,,,,,1,0,0,0,1,1,1,1,0,1,1,0,0,0,1,0,Athlete
Arts,,,,62,,,,,,57,86,95,89,0,0,0,0,0,0,1,0,0,0,1,1,1,1,1,1,Athlete
Commerce,,,,97,,77,91,90,58,,,,,0,1,1,1,0,1,1,1,0,0,0,1,1,0,1,1,Doctor
Science_PCM,67,56,,80,100,75,,,,,,,,1,1,0,1,1,1,0,1,1,0,1,1,1,1,1,1,Engineer
Science_PCB,97,82,62,57,52,,,,,,,,,0,1,0,0,0,1,1,1,0,1,1,1,1,1,0,0,Artist
Commerce,,,,63,,99,77,69,74,,,,,0,1,1,1,1,0,0,1,1,0,0,0,1,0,1,1,Engineer
Commerce,,,,88,,99,74,93,67,,,,,0,0,0,1,1,1,1,0,0,0,0,1,0,0,0,0,Artist
Arts,,,,81,,,,,,68,65,81,88,0,1,0,0,1,0,1,1,0,1,1,1,0,1,1,1,Politician
Commerce,,,,83,,98,94,70,82,,,,,0,0,0,0,0,1,0,1,0,1,0,1,1,0,1,0,Chartered Accountant
Science_PCB,60,99,51,88,75,,,,,,,,,1,0,0,0,1,0,0,0,0,0,1,1,1,0,1,0,Artist
Science_PCB,51,93,55,95,81,,,,,,,,,1,1,1,0,0,0,1,1,1,1,1,1,0,0,1,0,Software Developer
Science_PCM,90,86,,62,66,70,,,,,,,,1,0,1,1,0,1,1,1,1,1,0,1,0,1,0,1,Scientist
Commerce,,,,71,,82,61,71,51,,,,,0,1,0,1,0,1,0,0,0,0,1,1,0,1,0,0,Politician
Arts,,,,92,,,,,,88,63,89,83,1,0,1,0,0,0,1,0,1,0,1,0,1,1,0,1,Athlete
Science_PCB,82,66,50,93,56,,,,,,,,,1,1,0,1,0,1,0,0,1,1,0,1,1,0,1,1,Entrepreneur
Science_PCB,77,79,93,64,97,,,,,,,,,0,1,1,1,1,0,1,0,1,0,0,0,0,1,0,1,Teacher
Science_PCB,97,72,90,70,89,,,,,,,,,1,1,1,0,0,0,0,0,1,1,1,1,0,0,1,1,Chartered Accountant
Science_PCM,56,90,,82,55,64,,,,,,,,0,1,0,0,1,1,1,1,1,0,1,1,1,0,1,1,Engineer
Commerce,,,,89,,77,65,54,73,,,,,0,1,0,0,1,0,1,1,0,0,0,0,0,1,1,1,Athlete
Commerce,,,,95,,73,60,92,99,,,,,1,0,1,0,0,0,1,1,0,1,1,0,1,1,0,1,Artist
Science_PCM,74,85,,77,58,55,,,,,,,,1,1,0,0,0,1,1,1,1,0,0,0,0,1,1,0,Scientist
Arts,,,,81,,,,,,97,68,72,72,0,0,0,0,0,1,1,1,0,0,0,0,0,1,0,0,Engineer
Science_PCB,96,84,69,80,88,,,,,,,,,1,0,0,0,1,1,0,0,0,0,1,1,1,0,0,0,Scientist
Arts,,,,54,,,,,,87,57,52,76,1,0,1,0,1,1,0,1,1,1,0,1,1,1,0,1,Athlete
Science_PCB,65,52,79,74,67,,,,,,,,,0,1,1,1,0,0,0,1,1,0,1,1,0,1,1,0,Teacher
Science_PCM,61,75,,81,70,55,,,,,,,,0,1,0,0,1,0,1,1,1,0,1,1,1,0,0,1,Scientist
Science_PCB,56,76,63,84,71,,,,,,,,,0,1,0,0,1,0,0,1,0,1,0,1,0,1,1,0,Entrepreneur
Science_PCM,66,85,,94,84,72,,,,,,,,1,1,1,0,1,1,0,0,0,1,1,0,1,0,0,1,Chartered Accountant
Science_PCM,65,62,,55,71,50,,,,,,,,0,0,0,0,0,0,1,0,1,0,0,1,0,0,1,1,Engineer
Science_PCM,79,58,,54,65,81,,,,,,,,1,1,1,1,0,0,1,1,1,0,1,1,1,0,1,1,Scientist
Arts,,,,67,,,,,,84,58,64,61,0,0,0,1,0,0,1,1,0,0,0,1,0,0,0,1,Artist
Arts,,,,58,,,,,,53,60,60,56,0,1,0,1,1,0,1,0,0,1,0,1,1,1,1,1,Teacher
Science_PCB,88,54,73,52,92,,,,,,,,,0,1,1,0,1,1,0,0,0,0,0,0,1,1,0,1,Doctor
Science_PCM,73,95,,54,62,73,,,,,,,,1,0,1,1,0,1,1,1,0,0,1,1,1,1,0,0,Politician
Arts,,,,94,,,,,,60,85,86,50,1,0,0,0,1,0,1,1,1,0,0,1,1,1,1,0,Scientist
Science_PCB,100,55,95,59,96,,,,,,,,,0,1,1,1,1,0,0,0,1,0,0,0,1,1,0,0,Scientist
Commerce,,,,99,,81,86,85,52,,,,,0,1,1,1,1,0,1,0,1,1,1,1,0,0,0,0,Entrepreneur
Science_PCB,81,58,53,74,91,,,,,,,,,1,1,0,1,1,1,1,0,1,0,1,0,0,1,1,0,Software Developer
Science_PCB,73,64,55,96,53,,,,,,,,,1,1,1,1,1,0,1,0,0,0,1,1,0,1,1,0,Entrepreneur
Science_PCM,96,63,,68,84,89,,,,,,,,0,1,0,0,1,1,1,1,1,1,1,1,0,1,0,1,Politician
Arts,,,,79,,,,,,78,54,74,69,1,0,1,1,0,0,1,0,0,1,1,0,0,0,1,0,Engineer
Science_PCB,60,90,84,98,55,,,,,,,,,1,1,1,0,0,0,1,0,0,0,0,0,1,1,1,1,Engineer
Arts,,,,81,,,,,,93,50,70,66,1,0,1,1,1,0,0,0,0,0,1,0,0,0,1,0,Scientist
Arts,,,,65,,,,,,69,82,76,59,0,0,0,0,1,0,1,0,0,1,0,0,1,0,1,0,Teacher
Science_PCB,97,98,58,87,65,,,,,,,,,0,0,0,0,1,0,1,1,1,0,0,0,0,0,1,0,Software Developer
Commerce,,,,68,,74,64,93,71,,,,,1,1,1,1,0,1,1,1,1,0,1,0,0,1,1,0,Politician
Science_PCB,58,72,98,65,51,,,,,,,,,1,1,0,1,0,0,1,1,1,0,1,0,1,1,1,0,Doctor
Arts,,,,98,,,,,,100,70,52,73,0,0,1,0,1,1,0,1,1,0,0,1,0,0,1,0,Athlete
Arts,,,,66,,,,,,82,85,90,95,0,1,1,1,0,1,1,0,1,1,0,0,0,1,0,1,Teacher
Science_PCM,99,78,,96,64,55,,,,,,,,0,1,0,0,0,0,0,1,1,1,0,0,1,1,0,1,Artist
Commerce,,,,65,,81,58,65,64,,,,,0,0,1,1,0,0,1,0,1,0,1,0,1,0,1,1,Software Developer
Arts,,,,95,,,,,,75,55,68,51,1,1,0,0,0,1,0,1,0,1,1,0,0,0,1,1,Entrepreneur
Science_PCM,55,68,,77,70,73,,,,,,,,0,1,0,0,0,1,1,1,0,0,1,1,0,1,1,1,Athlete
Commerce,,,,72,,86,91,100,66,,,,,1,1,1,0,0,0,0,1,0,0,0,1,1,0,0,0,Doctor
Science_PCM,94,67,,96,68,78,,,,,,,,0,1,1,1,1,0,0,1,0,1,0,1,0,1,0,1,Chartered Accountant
Arts,,,,80,,,,,,55,61,74,89,1,0,1,1,0,1,1,1,1,1,0,0,1,1,1,0,Engineer
Science_PCM,97,73,,68,91,82,,,,,,,,1,1,0,1,1,0,0,0,0,1,0,1,0,1,0,0,Entrepreneur
Science_PCM,83,96,,72,53,93,,,,,,,,0,1,0,1,1,1,1,1,1,0,0,0,1,0,1,0,Entrepreneur
Science_PCB,89,88,80,83,87,,,,,,,,,1,0,1,0,1,0,1,1,0,1,0,1,1,0,0,0,Politician
Commerce,,,,66,,99,56,69,56,,,,,1,1,0,0,1,1,1,0,1,0,0,1,0,1,0,0,Teacher
Arts,,,,67,,,,,,94,67,63,87,0,1,0,1,1,0,1,1,0,1,1,1,0,1,1,0,Chartered Accountant
Commerce,,,,67,,68,78,61,71,,,,,1,1,0,0,1,0,1,0,1,1,0,0,0,1,1,0,Entrepreneur
Science_PCB,50,56,83,73,67,,,,,,,,,1,0,0,1,1,1,1,0,1,1,0,1,1,1,0,0,Doctor
Arts,,,,89,,,,,,50,96,56,73,1,0,1,0,0,1,1,0,0,1,1,1,0,0,1,0,Engineer
Commerce,,,,89,,76,91,83,74,,,,,1,1,0,0,1,1,1,0,1,1,0,0,1,0,0,0,Politician
Commerce,,,,96,,88,97,61,82,,,,,0,0,1,0,0,1,0,0,1,0,0,1,1,1,0,1,Politician
Commerce,,,,53,,87,65,64,84,,,,,1,0,0,1,0,0,0,0,0,1,1,1,1,0,0,1,Athlete
Commerce,,,,84,,92,63,51,97,,,,,0,1,1,0,1,1,0,1,1,1,0,1,0,1,0,1,Politician
Commerce,,,,94,,53,86,71,69,,,,,1,1,0,1,0,1,1,1,1,0,1,1,1,1,1,0,Athlete
Arts,,,,55,,,,,,65,57,85,95,0,0,1,0,0,0,0,0,0,1,0,0,0,1,0,1,Entrepreneur
Science_PCM,97,81,,76,73,79,,,,,,,,1,0,1,0,0,1,1,1,0,1,0,1,0,0,0,0,Chartered Accountant
Arts,,,,67,,,,,,99,65,68,89,0,0,0,1,1,1,0,0,0,1,0,0,0,1,0,0,Engineer
Science_PCM,72,68,,54,94,62,,,,,,,,0,0,0,1,0,0,0,0,0,1,0,1,1,1,0,0,Teacher
Commerce,,,,74,,85,86,69,89,,,,,1,0,1,0,1,0,1,1,0,1,1,1,0,0,0,0,Doctor
Science_PCB,73,82,56,95,66,,,,,,,,,0,0,1,0,0,0,0,0,1,1,0,1,0,1,1,0,Doctor
Commerce,,,,81,,72,64,87,85,,,,,0,1,1,1,1,0,0,1,1,0,1,1,1,1,0,0,Athlete
Commerce,,,,70,,91,86,97,66,,,,,0,1,1,0,0,1,1,0,0,0,0,1,0,1,0,1,Scientist
Science_PCM,79,62,,86,50,66,,,,,,,,0,0,1,0,1,0,0,1,1,1,0,1,1,0,0,1,Doctor
Science_PCB,71,92,59,72,91,,,,,,,,,1,1,1,1,1,1,1,1,0,0,0,0,0,0,1,0,Chartered Accountant
Science_PCM,69,65,,57,63,52,,,,,,,,0,1,0,1,1,1,1,1,1,1,0,0,0,1,1,0,Software Developer
Science_PCM,94,93,,61,81,78,,,,,,,,1,0,1,0,0,0,0,0,0,0,0,1,0,0,1,1,Artist
Arts,,,,89,,,,,,61,84,53,100,0,0,1,1,1,1,0,0,0,1,1,1,1,0,1,1,Entrepreneur
Science_PCB,62,73,88,96,83,,,,,,,,,1,1,0,0,1,0,1,0,0,0,1,1,0,1,1,1,Entrepreneur
Commerce,,,,83,,88,99,56,64,,,,,1,0,0,0,0,1,0,0,1,1,0,0,1,0,1,1,Artist
Arts,,,,52,,,,,,62,74,71,100,0,1,0,1,1,0,0,0,0,1,1,0,0,0,1,1,Software Developer
Arts,,,,88,,,,,,87,96,80,64,1,1,1,1,0,1,1,1,0,1,1,1,1,0,0,0,Politician
Commerce,,,,50,,100,58,81,59,,,,,0,0,1,0,0,1,0,1,0,0,1,1,0,1,1,1,Politician
Commerce,,,,61,,93,76,76,76,,,,,1,1,1,0,0,0,1,1,1,1,0,0,0,1,1,1,Athlete
Science_PCB,71,50,80,87,78,,,,,,,,,1,1,1,1,0,1,0,0,0,0,1,0,1,1,0,1,Politician
Science_PCM,68,65,,100,58,95,,,,,,,,1,0,0,1,0,1,0,1,0,1,1,0,1,0,1,1,Artist
Science_PCB,84,69,54,87,60,,,,,,,,,1,0,0,1,1,1,1,1,0,0,1,0,0,0,1,0,Scientist
Science_PCM,83,93,,59,51,69,,,,,,,,0,1,0,0,0,1,1,0,1,1,0,0,0,1,0,0,Chartered Accountant
Commerce,,,,73,,80,90,60,54,,,,,1,0,1,1,1,0,1,0,0,0,0,0,1,1,1,1,Doctor
Arts,,,,94,,,,,,50,98,79,63,0,0,1,0,1,1,0,1,0,0,1,0,1,1,0,1,Chartered Accountant
Commerce,,,,50,,91,82,91,96,,,,,1,0,0,1,0,1,1,1,0,0,0,1,0,1,1,0,Athlete
Science_PCM,100,79,,77,61,60,,,,,,,,1,1,0,1,0,1,0,0,1,0,1,0,0,1,0,0,Politician
Science_PCM,78,89,,78,76,61,,,,,,,,0,1,0,0,1,0,0,1,1,1,0,1,0,1,0,1,Software Developer
Commerce,,,,61,,54,54,56,57,,,,,0,0,0,0,0,1,1,1,0,0,0,1,1,0,1,1,Scientist
Arts,,,,82,,,,,,82,89,96,85,1,0,1,1,0,0,0,1,0,1,1,1,0,1,0,0,Politician
Science_PCB,81,55,70,97,63,,,,,,,,,1,1,0,1,0,0,1,1,0,1,1,0,0,0,0,1,Doctor
Science_PCM,97,85,,83,81,58,,,,,,,,0,1,1,1,0,0,1,1,1,1,1,1,1,1,1,1,Athlete
Arts,,,,80,,,,,,70,94,87,58,0,0,0,1,1,1,0,1,0,0,1,0,1,0,1,0,Teacher
Commerce,,,,64,,69,59,60,74,,,,,0,0,1,1,0,1,0,1,0,0,1,1,0,1,1,0,Teacher
Science_PCM,57,51,,82,73,97,,,,,,,,1,1,0,1,0,1,1,0,0,1,0,0,0,0,1,0,Politician
Commerce,,,,77,,68,97,83,61,,,,,0,0,0,1,1,0,1,1,1,1,1,0,1,0,0,1,Entrepreneur
Commerce,,,,64,,99,87,89,57,,,,,1,1,1,0,1,1,0,1,1,1,0,0,1,1,0,1,Teacher
Science_PCM,69,88,,100,74,86,,,,,,,,1,1,1,0,0,1,0,0,1,0,0,1,1,1,0,0,Scientist
Science_PCB,74,76,81,58,55,,,,,,,,,0,0,1,0,1,1,1,1,1,1,1,1,1,1,1,0,Teacher
Commerce,,,,85,,71,69,73,78,,,,,0,0,1,1,1,1,1,1,0,0,1,0,1,0,0,0,Artist
Science_PCM,87,67,,63,61,79,,,,,,,,1,0,1,0,1,0,0,0,1,0,1,1,0,0,0,1,Entrepreneur
Science_PCM,66,75,,64,73,57,,,,,,,,0,1,1,0,0,0,1,0,1,1,0,0,1,0,0,0,Software Developer
Science_PCM,88,61,,74,76,98,,,,,,,,1,0,1,0,0,1,0,1,0,0,0,0,0,0,0,1,Entrepreneur
Arts,,,,51,,,,,,63,64,76,86,1,1,1,1,1,1,0,0,0,0,1,1,1,0,0,0,Scientist
Commerce,,,,94,,77,54,84,50,,,,,1,1,1,0,0,1,1,0,1,0,0,1,0,1,1,0,Software Developer
Commerce,,,,94,,99,95,50,66,,,,,0,1,1,0,1,1,1,0,1,0,0,1,0,0,0,0,Scientist
Science_PCB,91,79,64,62,64,,,,,,,,,0,0,1,1,0,1,1,0,1,0,1,1,1,1,1,0,Entrepreneur
Science_PCM,81,77,,73,73,100,,,,,,,,0,1,1,0,1,1,0,1,0,1,0,1,1,1,0,0,Scientist
Commerce,,,,89,,71,63,60,97,,,,,1,1,1,0,1,1,1,0,1,1,0,0,1,1,1,1,Chartered Accountant
Science_PCB,59,68,56,74,59,,,,,,,,,0,1,0,1,0,0,1,0,0,1,1,0,1,0,1,0,Teacher
Science_PCB,76,56,50,87,100,,,,,,,,,1,1,1,0,0,1,1,0,0,0,0,0,1,0,0,1,Doctor
Science_PCM,88,77,,90,65,88,,,,,,,,1,0,0,0,0,0,1,0,1,1,1,0,1,0,0,1,Software Developer
Commerce,,,,55,,96,59,75,95,,,,,1,1,1,0,0,1,1,0,1,0,0,1,1,0,1,0,Scientist
Science_PCB,71,74,73,88,66,,,,,,,,,1,1,0,0,1,0,0,0,0,1,1,0,1,1,0,1,Artist
Arts,,,,51,,,,,,63,54,74,69,0,0,0,1,0,0,0,1,0,1,1,1,1,0,1,0,Politician
Science_PCM,57,99,,54,70,94,,,,,,,,1,0,0,0,0,0,0,0,0,0,0,1,1,0,0,0,Scientist
Arts,,,,100,,,,,,80,78,79,93,0,0,0,0,1,1,0,1,0,1,0,0,1,1,0,0,Entrepreneur
Science_PCB,53,88,69,98,68,,,,,,,,,1,0,1,0,0,0,0,0,0,0,0,1,0,0,1,0,Chartered Accountant
Arts,,,,62,,,,,,50,71,53,75,0,0,1,0,1,1,0,0,1,1,1,1,0,0,1,1,Software Developer
Science_PCM,64,77,,72,57,92,,,,,,,,0,1,1,0,1,0,0,0,0,1,0,0,1,1,1,1,Engineer
Commerce,,,,61,,80,69,54,55,,,,,0,0,1,1,1,0,0,0,1,0,0,0,1,0,0,1,Doctor
Science_PCB,96,50,75,96,96,,,,,,,,,1,1,1,0,0,0,0,1,0,1,0,1,0,0,0,0,Engineer
Science_PCB,79,70,63,91,70,,,,,,,,,1,0,1,0,0,1,0,1,0,0,0,1,0,0,1,1,Doctor
Commerce,,,,70,,60,86,83,50,,,,,1,1,1,0,1,0,1,0,0,1,1,0,0,1,1,1,Scientist
Commerce,,,,77,,70,95,57,94,,,,,1,1,1,1,0,1,1,0,0,1,0,1,0,1,1,0,Artist
Arts,,,,62,,,,,,68,71,79,61,1,0,0,0,0,1,0,0,1,0,0,1,0,1,1,1,Engineer
Commerce,,,,72,,78,72,63,56,,,,,0,0,1,0,1,1,1,0,0,1,0,0,1,1,1,0,Doctor
Arts,,,,63,,,,,,68,92,92,99,0,0,1,0,0,1,1,1,1,1,0,0,0,0,1,1,Entrepreneur
Arts,,,,76,,,,,,72,75,90,79,1,0,1,1,1,0,1,1,0,0,1,0,0,0,0,1,Software Developer
Science_PCB,54,95,86,67,99,,,,,,,,,1,0,1,0,1,1,0,0,0,1,0,1,1,0,1,0,Doctor
Science_PCM,65,77,,52,74,99,,,,,,,,0,1,0,1,1,1,1,0,1,0,1,1,1,1,1,0,Scientist
Science_PCM,51,65,,87,70,88,,,,,,,,1,1,0,0,0,1,1,1,1,1,0,0,0,0,0,1,Software Developer
Science_PCM,98,75,,60,62,81,,,,,,,,1,0,0,0,0,1,0,0,1,0,0,0,1,0,1,1,Software Developer
Science_PCM,79,65,,63,62,96,,,,,,,,0,0,1,1,0,0,0,0,1,1,1,0,1,0,0,1,Doctor
Science_PCM,87,89,,61,89,81,,,,,,,,1,0,0,1,1,1,1,0,1,0,0,0,1,1,1,0,Software Developer
Commerce,,,,88,,60,72,82,81,,,,,1,0,1,1,0,0,1,0,0,0,0,1,1,0,0,0,Teacher
Commerce,,,,84,,70,50,50,56,,,,,1,1,0,0,0,1,0,0,1,1,1,0,1,0,0,0,Chartered Accountant
Arts,,,,78,,,,,,80,86,89,66,0,1,0,1,1,1,1,0,1,0,0,1,0,1,1,1,Entrepreneur
Commerce,,,,73,,91,72,89,68,,,,,1,1,0,1,1,1,1,1,1,1,1,0,0,0,1,1,Politician
Science_PCB,57,76,88,90,85,,,,,,,,,1,0,1,1,0,1,1,1,0,1,1,0,1,0,1,0,Teacher
Arts,,,,87,,,,,,80,89,96,89,1,0,0,0,0,0,0,1,1,0,0,0,0,0,0,0,Teacher
Arts,,,,67,,,,,,59,67,96,67,1,0,0,0,0,0,1,0,1,1,1,1,1,1,1,0,Artist
Science_PCM,86,52,,89,52,84,,,,,,,,1,1,1,1,0,0,0,0,1,1,0,0,1,0,1,1,Engineer
Commerce,,,,62,,83,97,83,81,,,,,1,0,1,0,0,0,1,0,1,0,1,1,0,1,0,1,Entrepreneur
Commerce,,,,50,,76,50,76,80,,,,,1,1,1,1,1,0,1,1,0,0,0,1,1,0,0,0,Artist
Commerce,,,,55,,54,96,83,62,,,,,1,1,1,1,0,1,0,0,1,0,0,1,0,1,0,0,Artist
Commerce,,,,94,,59,75,82,83,,,,,0,1,0,0,1,1,1,0,0,0,0,1,1,1,0,1,Entrepreneur
Science_PCB,67,73,61,95,77,,,,,,,,,1,0,0,0,0,0,0,0,0,0,1,1,0,1,1,0,Teacher
Commerce,,,,92,,60,50,66,58,,,,,1,1,1,1,1,0,1,1,0,0,0,0,1,1,1,1,Chartered Accountant
Commerce,,,,100,,62,68,82,52,,,,,1,0,1,1,1,1,1,0,1,1,1,0,1,0,1,1,Engineer
Arts,,,,60,,,,,,87,81,72,94,0,0,1,0,1,0,1,0,0,0,1,0,1,1,1,0,Politician
Science_PCB,75,71,98,65,85,,,,,,,,,0,1,0,0,1,1,0,1,0,0,1,0,1,1,0,1,Athlete
Science_PCM,98,94,,67,77,86,,,,,,,,1,1,1,1,1,1,0,0,0,0,1,1,1,0,0,1,Politician
Science_PCB,85,67,86,86,83,,,,,,,,,1,0,0,0,0,0,1,0,1,1,1,1,0,1,0,0,Politician
Commerce,,,,77,,76,87,99,54,,,,,1,1,1,0,0,1,0,0,0,0,0,1,0,0,1,0,Artist
Commerce,,,,82,,79,79,61,59,,,,,0,1,0,1,0,1,0,1,1,0,0,1,1,1,1,1,Chartered Accountant
Commerce,,,,52,,67,71,95,52,,,,,0,1,1,0,0,0,1,0,1,0,0,0,0,1,1,0,Politician
Science_PCB,57,82,73,72,61,,,,,,,,,0,1,0,0,0,0,1,1,1,1,0,1,1,0,0,1,Doctor
Arts,,,,94,,,,,,99,51,55,59,0,1,1,0,0,0,0,1,1,1,0,0,0,1,0,0,Artist
Arts,,,,64,,,,,,89,77,71,57,0,1,1,1,1,1,0,1,1,0,0,1,0,1,1,0,Artist
Science_PCM,82,76,,66,70,70,,,,,,,,0,0,1,1,0,0,0,0,0,1,1,1,0,1,0,1,Engineer
Science_PCB,74,83,76,91,56,,,,,,,,,1,1,0,0,1,0,0,1,0,1,0,1,1,1,1,0,Entrepreneur
Arts,,,,84,,,,,,91,99,76,65,1,1,1,1,1,1,0,1,0,0,1,0,0,1,0,1,Athlete
Science_PCB,68,57,96,86,78,,,,,,,,,0,0,1,1,0,1,1,1,1,0,1,1,1,1,0,0,Teacher
Science_PCM,52,91,,97,52,80,,,,,,,,0,0,0,0,1,1,1,1,1,0,1,1,1,1,0,0,Politician
Commerce,,,,96,,87,84,56,87,,,,,1,1,1,0,1,1,1,0,1,1,1,1,1,1,0,1,Scientist
Arts,,,,51,,,,,,52,61,51,81,1,1,0,0,1,1,1,0,1,1,0,1,1,0,1,1,Teacher
Arts,,,,65,,,,,,95,74,65,78,0,1,1,1,0,1,0,0,0,1,0,0,0,1,0,0,Politician
Commerce,,,,73,,60,58,51,53,,,,,0,0,0,0,1,0,1,1,0,0,1,0,1,0,0,1,Politician
Arts,,,,100,,,,,,81,95,91,69,1,0,0,1,0,0,1,0,0,0,1,1,1,0,1,0,Doctor
Commerce,,,,62,,54,83,94,55,,,,,1,0,1,0,0,1,1,1,1,0,1,1,0,0,0,0,Politician
Commerce,,,,57,,89,89,74,77,,,,,0,1,0,0,1,0,0,1,0,0,1,0,1,1,1,0,Teacher
Commerce,,,,75,,64,80,89,82,,,,,0,1,0,0,0,0,0,0,0,1,0,1,0,1,1,0,Teacher
Commerce,,,,59,,50,66,97,73,,,,,1,1,1,1,0,0,1,1,0,1,0,0,1,1,0,1,Politician
Science_PCB,96,97,61,90,98,,,,,,,,,1,1,0,1,1,1,0,0,1,0,1,1,1,0,1,1,Engineer
Commerce,,,,84,,81,70,99,86,,,,,1,1,1,0,1,1,0,1,0,1,1,1,1,0,1,0,Software Developer
Science_PCB,71,60,56,73,68,,,,,,,,,1,0,0,0,1,0,1,0,0,1,0,0,1,1,1,1,Software Developer
Science_PCM,86,60,,98,58,84,,,,,,,,1,1,0,0,1,0,1,0,1,0,0,1,1,0,0,1,Artist
Arts,,,,58,,,,,,86,77,79,60,0,0,0,1,1,1,0,0,1,1,0,0,1,0,0,1,Politician
Commerce,,,,94,,50,85,53,73,,,,,0,0,1,0,0,0,0,0,0,0,0,0,0,0,1,0,Artist
Science_PCM,91,70,,67,71,79,,,,,,,,0,1,0,0,1,0,0,1,0,0,0,0,0,0,0,0,Teacher
Commerce,,,,58,,91,77,65,83,,,,,0,1,0,0,1,1,0,0,0,1,0,1,0,0,0,0,Politician
Commerce,,,,62,,81,72,68,51,,,,,1,0,0,1,1,1,1,0,0,0,1,1,0,1,0,0,Entrepreneur
Science_PCM,73,50,,81,63,98,,,,,,,,0,1,0,1,1,1,1,1,0,1,0,1,1,0,1,1,Athlete
Science_PCM,69,96,,60,60,95,,,,,,,,0,1,1,1,1,1,1,1,0,1,0,0,0,1,1,0,Athlete
Commerce,,,,62,,67,90,87,94,,,,,0,1,0,0,1,1,0,1,1,0,1,0,1,1,1,1,Athlete
Science_PCB,56,70,67,54,84,,,,,,,,,1,0,1,0,1,1,1,1,1,0,1,0,1,0,1,0,Software Developer
Arts,,,,63,,,,,,90,94,60,63,1,1,0,1,0,1,1,1,1,0,1,1,0,1,1,0,Entrepreneur
Science_PCB,83,78,76,66,67,,,,,,,,,1,1,1,1,0,1,0,0,1,1,1,1,1,1,1,0,Teacher
Arts,,,,92,,,,,,72,68,62,72,1,1,0,1,1,1,1,1,1,1,0,0,1,1,1,1,Software Developer
Science_PCB,97,59,83,62,87,,,,,,,,,1,1,0,1,0,0,1,1,1,0,1,0,1,1,0,1,Athlete
Arts,,,,82,,,,,,60,66,55,88,1,1,0,1,0,1,0,1,0,1,1,1,0,1,0,1,Teacher
Arts,,,,88,,,,,,57,76,75,91,0,1,0,0,0,0,0,0,1,0,0,1,1,1,0,0,Entrepreneur
Science_PCB,52,100,86,77,59,,,,,,,,,1,1,1,1,0,0,0,0,0,1,0,0,1,0,1,0,Software Developer
Science_PCM,70,94,,63,82,95,,,,,,,,1,0,1,1,1,0,0,0,1,1,0,1,0,1,1,1,Athlete
Commerce,,,,76,,80,79,70,92,,,,,0,1,0,1,1,1,0,1,1,0,1,1,1,1,0,0,Politician
Commerce,,,,51,,86,60,58,83,,,,,0,1,0,1,0,0,1,0,1,0,1,0,0,1,0,0,Chartered Accountant
Commerce,,,,63,,90,69,96,71,,,,,0,0,0,1,0,0,1,0,1,0,1,0,1,0,1,0,Software Developer
Arts,,,,79,,,,,,68,50,67,77,1,0,1,1,1,0,1,1,1,0,0,0,1,0,0,1,Athlete
Arts,,,,75,,,,,,87,52,56,99,1,0,1,0,0,1,0,1,1,0,0,1,1,1,1,0,Politician
Arts,,,,65,,,,,,59,72,67,96,1,1,0,0,0,1,1,1,1,0,0,1,0,0,1,0,Entrepreneur
Commerce,,,,62,,100,50,58,59,,,,,0,1,0,1,1,1,0,1,1,1,0,0,0,0,0,1,Engineer
Arts,,,,93,,,,,,88,94,60,63,0,0,0,0,1,0,0,0,1,0,0,0,0,1,0,0,Politician
Science_PCB,57,83,66,57,93,,,,,,,,,1,0,1,0,1,0,0,1,0,1,0,1,0,1,0,1,Engineer
Science_PCM,88,82,,71,89,73,,,,,,,,0,1,1,0,1,0,0,1,0,1,0,1,1,0,0,1,Scientist
Arts,,,,85,,,,,,85,52,85,74,1,1,1,0,0,1,0,1,1,1,1,1,1,0,1,0,Politician
Arts,,,,98,,,,,,52,88,89,81,1,1,0,1,1,0,0,0,1,1,1,1,1,0,1,1,Chartered Accountant
Science_PCM,100,83,,83,55,81,,,,,,,,0,0,0,0,1,1,1,0,0,1,0,1,0,1,1,1,Athlete
Science_PCB,97,98,71,90,76,,,,,,,,,1,0,1,1,1,1,1,1,0,0,1,1,0,0,1,0,Chartered Accountant
Commerce,,,,74,,91,52,70,79,,,,,0,0,0,0,0,1,1,0,0,1,0,1,0,1,1,0,Scientist
Science_PCM,87,65,,53,60,83,,,,,,,,1,0,0,1,1,1,0,0,0,0,0,0,0,1,1,1,Politician
Commerce,,,,57,,61,64,50,52,,,,,1,1,1,0,0,1,1,0,1,0,0,0,1,1,1,1,Doctor
Science_PCB,60,63,74,88,82,,,,,,,,,0,1,1,0,1,1,0,1,0,1,0,0,1,0,1,0,Doctor
Science_PCM,60,71,,83,58,77,,,,,,,,0,0,0,0,0,0,1,0,1,0,0,1,1,0,0,1,Scientist
Commerce,,,,75,,65,86,74,52,,,,,1,0,1,1,1,1,0,0,0,0,1,1,1,1,1,0,Engineer
Science_PCB,75,100,52,76,80,,,,,,,,,1,1,1,0,1,0,0,0,0,1,1,0,0,1,1,1,Software Developer
Science_PCB,86,99,88,89,68,,,,,,,,,0,0,0,1,0,1,0,1,0,1,0,1,1,0,0,0,Politician
Science_PCM,74,99,,62,50,58,,,,,,,,1,0,0,1,1,1,0,0,1,1,0,0,0,1,1,0,Doctor
Commerce,,,,82,,71,53,68,99,,,,,1,0,1,0,0,1,1,1,1,0,0,0,1,1,1,1,Software Developer
Science_PCB,55,73,82,74,54,,,,,,,,,1,0,0,1,1,0,0,1,0,0,0,0,0,0,1,0,Teacher
Arts,,,,78,,,,,,77,58,57,60,1,1,1,0,1,1,0,0,0,1,0,1,0,0,0,0,Chartered Accountant
Science_PCB,63,76,74,84,77,,,,,,,,,1,0,0,0,1,0,1,0,1,0,0,0,0,0,1,1,Software Developer
Arts,,,,55,,,,,,80,78,87,62,0,0,1,1,1,1,0,1,0,0,1,1,1,0,1,0,Artist
Science_PCM,55,73,,57,87,81,,,,,,,,0,0,0,1,0,0,1,0,1,0,1,0,0,1,0,1,Scientist
Arts,,,,59,,,,,,84,57,97,79,0,1,0,0,1,1,0,1,0,0,1,0,1,1,0,1,Software Developer
Commerce,,,,55,,59,74,81,62,,,,,0,0,0,0,1,1,1,0,0,1,1,1,0,1,1,0,Artist
Commerce,,,,84,,69,81,89,54,,,,,0,1,1,0,1,0,1,0,0,1,0,1,1,1,1,1,Entrepreneur
Arts,,,,84,,,,,,67,98,70,60,0,1,1,1,1,1,0,1,0,1,1,0,0,0,1,0,Teacher
Science_PCM,63,67,,71,79,97,,,,,,,,0,1,1,1,1,0,0,0,1,0,0,1,1,1,0,1,Artist
Commerce,,,,94,,99,70,88,61,,,,,0,1,1,0,1,1,0,1,1,1,1,0,1,0,0,1,Artist
Arts,,,,80,,,,,,52,53,70,70,0,1,0,1,1,0,0,1,1,1,0,0,1,1,0,0,Artist
Science_PCB,54,69,97,82,86,,,,,,,,,0,1,1,1,1,0,1,0,0,0,1,1,1,0,1,0,Software Developer
Science_PCB,93,51,54,61,64,,,,,,,,,0,0,1,1,0,0,0,0,1,0,1,0,1,1,1,1,Engineer
Science_PCM,74,91,,99,64,52,,,,,,,,0,0,1,1,1,1,1,1,0,0,1,1,0,0,0,0,Politician
Arts,,,,87,,,,,,58,54,80,71,1,0,0,1,1,1,1,1,1,0,0,1,0,0,1,0,Chartered Accountant
Arts,,,,93,,,,,,90,82,91,88,0,0,0,1,1,0,0,0,1,1,0,0,0,0,1,1,Doctor
Arts,,,,71,,,,,,73,67,77,53,1,1,0,1,1,0,0,0,0,0,1,0,0,1,1,1,Athlete
Commerce,,,,93,,55,65,74,96,,,,,1,1,0,0,1,1,1,0,1,1,1,0,1,0,0,0,Doctor
Science_PCM,76,66,,76,61,85,,,,,,,,1,0,0,1,0,0,1,1,1,1,1,1,0,1,0,1,Scientist
Commerce,,,,68,,82,76,58,86,,,,,1,0,0,1,0,1,1,0,0,0,0,1,0,0,1,0,Athlete
Commerce,,,,56,,99,76,86,58,,,,,1,1,1,0,0,1,0,1,0,0,0,1,0,1,1,0,Doctor
Arts,,,,95,,,,,,54,88,82,67,1,0,1,1,0,0,1,0,0,1,0,0,1,0,1,0,Scientist
Commerce,,,,53,,95,80,73,76,,,,,1,1,0,0,1,0,1,0,0,1,1,0,0,0,0,1,Politician
Commerce,,,,53,,54,66,78,85,,,,,0,1,1,0,0,1,0,1,1,1,0,0,0,0,0,1,Entrepreneur
Science_PCM,58,65,,59,99,65,,,,,,,,1,1,0,0,0,0,1,1,0,0,0,0,1,1,1,1,Scientist
Science_PCB,96,57,82,93,90,,,,,,,,,1,0,1,0,1,0,1,0,0,0,0,1,1,1,0,0,Chartered Accountant
Commerce,,,,53,,55,84,70,83,,,,,1,1,1,0,0,1,1,1,1,1,0,0,0,1,0,0,Athlete
Arts,,,,99,,,,,,78,63,96,76,0,1,1,0,1,1,0,1,0,1,0,1,0,1,1,1,Scientist
Science_PCM,96,91,,63,85,54,,,,,,,,1,1,1,1,0,1,0,1,1,1,0,0,1,0,1,1,Doctor
Arts,,,,95,,,,,,63,94,95,81,0,1,0,1,0,0,0,1,0,0,1,0,0,1,0,0,Athlete
Science_PCM,51,99,,92,100,96,,,,,,,,1,0,0,1,0,0,0,0,1,0,0,1,0,0,1,0,Politician
Commerce,,,,96,,80,53,72,96,,,,,0,1,1,1,1,1,0,1,1,0,0,1,0,1,1,0,Artist
Science_PCB,93,60,76,57,56,,,,,,,,,1,0,1,1,1,0,0,1,1,0,1,1,0,0,0,0,Entrepreneur
Commerce,,,,79,,100,72,81,58,,,,,1,1,1,1,0,0,1,0,1,0,1,0,0,0,1,1,Doctor
Science_PCM,77,97,,86,64,87,,,,,,,,1,0,1,0,0,1,1,0,1,1,1,0,0,0,1,1,Scientist
Science_PCB,52,57,71,75,71,,,,,,,,,1,1,1,0,0,0,0,1,0,1,1,1,1,1,0,1,Software Developer
Science_PCB,56,56,81,66,55,,,,,,,,,0,0,0,1,1,1,1,1,1,1,0,1,1,1,1,1,Scientist
Commerce,,,,81,,77,76,74,69,,,,,1,1,1,0,1,1,0,0,0,0,0,1,0,0,0,0,Athlete
Science_PCB,85,83,95,89,85,,,,,,,,,1,0,0,0,1,0,1,0,0,1,0,1,0,1,1,0,Doctor
Science_PCM,55,82,,90,56,85,,,,,,,,1,1,0,1,0,1,1,1,1,1,1,1,1,0,0,1,Artist
Arts,,,,100,,,,,,62,77,91,77,1,0,1,0,1,0,0,1,0,1,1,0,0,0,1,0,Doctor
Commerce,,,,67,,77,88,57,82,,,,,0,1,1,0,1,1,1,1,0,0,1,1,1,1,1,0,Athlete
Science_PCB,66,58,82,78,60,,,,,,,,,1,1,0,0,1,1,0,1,1,0,0,1,1,0,0,0,Scientist
Science_PCB,77,53,82,97,77,,,,,,,,,0,0,1,0,0,1,0,1,1,0,0,1,0,0,1,0,Artist
Arts,,,,97,,,,,,60,66,97,55,1,1,0,0,0,1,0,0,1,1,0,0,0,0,1,1,Artist
Commerce,,,,67,,90,63,58,79,,,,,1,0,1,0,1,1,1,0,0,0,1,1,0,1,0,0,Scientist
Arts,,,,88,,,,,,99,82,86,82,0,0,1,0,1,1,1,1,1,1,1,1,0,1,1,0,Doctor
Commerce,,,,79,,77,59,76,67,,,,,0,1,0,1,0,0,1,1,1,0,1,0,0,1,0,0,Engineer
Commerce,,,,75,,63,66,52,56,,,,,0,0,1,0,0,1,0,1,1,0,0,1,1,1,0,0,Software Developer
Science_PCB,94,61,75,81,84,,,,,,,,,0,0,0,1,1,0,1,0,1,0,1,1,0,0,1,0,Doctor
Science_PCB,74,75,55,66,99,,,,,,,,,0,0,0,0,1,0,0,1,0,1,1,1,1,0,1,0,Scientist
Commerce,,,,70,,56,59,76,54,,,,,1,1,0,0,0,0,0,1,0,0,1,0,1,1,0,1,Politician
Commerce,,,,99,,70,51,88,68,,,,,1,0,0,0,0,1,0,1,1,0,0,0,1,0,0,0,Scientist
Science_PCB,64,99,82,94,77,,,,,,,,,1,1,1,0,0,0,0,1,0,1,0,1,1,0,1,1,Doctor
Science_PCM,73,51,,75,82,93,,,,,,,,0,1,0,0,1,1,0,1,1,0,1,1,1,0,1,1,Engineer
Science_PCM,97,100,,77,89,90,,,,,,,,1,1,1,1,1,0,1,0,0,0,0,0,0,0,0,0,Software Developer
Commerce,,,,96,,52,68,76,58,,,,,0,1,1,0,1,1,0,1,0,1,0,1,1,1,0,1,Athlete
Commerce,,,,74,,98,94,53,50,,,,,1,0,0,1,0,0,1,1,0,0,0,0,0,1,1,1,Software Developer
Science_PCB,94,63,84,82,58,,,,,,,,,0,1,1,1,0,0,1,0,1,1,0,1,1,1,1,1,Engineer
Commerce,,,,66,,54,53,87,67,,,,,0,0,1,1,1,1,0,0,0,1,1,0,0,0,0,0,Politician
Science_PCB,79,58,80,83,83,,,,,,,,,0,1,0,0,0,1,1,0,0,1,1,0,1,0,0,1,Artist
Science_PCM,86,81,,59,76,57,,,,,,,,1,1,0,1,0,0,1,0,0,1,0,1,1,1,1,1,Teacher
Science_PCB,65,79,81,57,88,,,,,,,,,0,0,0,1,1,1,0,0,1,0,0,0,0,1,0,0,Scientist
Arts,,,,86,,,,,,52,89,56,97,0,0,0,0,1,1,0,1,0,1,0,0,1,1,0,1,Doctor
Science_PCB,61,76,82,72,87,,,,,,,,,0,0,1,0,0,1,1,0,1,0,1,0,1,0,0,1,Doctor
Science_PCM,80,52,,57,61,67,,,,,,,,1,1,0,0,1,0,0,1,1,1,0,0,1,0,0,0,Entrepreneur
Commerce,,,,62,,54,91,56,56,,,,,0,0,1,1,1,1,0,1,1,0,1,0,0,0,1,0,Entrepreneur
Commerce,,,,76,,75,73,83,82,,,,,1,0,0,0,1,1,1,1,0,0,1,0,1,0,0,0,Entrepreneur
Commerce,,,,96,,50,80,69,77,,,,,0,0,0,0,0,1,0,1,1,1,1,1,0,1,1,0,Scientist
Arts,,,,64,,,,,,94,68,60,92,1,0,0,0,0,0,0,1,0,1,1,0,0,1,1,1,Teacher
Commerce,,,,100,,65,81,85,92,,,,,1,1,0,1,1,0,0,0,1,1,0,0,1,1,1,0,Teacher
Arts,,,,71,,,,,,70,72,60,73,1,1,0,0,1,1,1,1,0,1,1,0,1,1,1,1,Athlete
Arts,,,,71,,,,,,92,81,53,80,1,0,1,0,0,0,0,0,0,0,0,1,0,1,1,1,Entrepreneur
Commerce,,,,54,,100,68,92,87,,,,,1,0,0,0,0,1,0,1,1,0,1,1,1,1,0,1,Athlete
Science_PCB,64,89,62,57,77,,,,,,,,,0,1,1,0,1,0,1,1,1,1,0,1,0,0,1,0,Politician
Science_PCM,95,81,,100,77,73,,,,,,,,1,1,1,1,1,0,1,0,0,0,1,0,1,1,1,0,Teacher
Commerce,,,,74,,50,96,64,96,,,,,1,1,1,0,1,1,1,0,1,1,0,0,0,0,0,1,Entrepreneur
Arts,,,,68,,,,,,55,98,86,96,0,1,1,1,1,0,1,1,1,1,1,1,1,1,1,1,Chartered Accountant
Science_PCB,93,74,72,98,70,,,,,,,,,0,0,1,0,1,0,0,0,0,0,0,1,1,0,0,1,Engineer
Commerce,,,,74,,87,81,54,62,,,,,0,0,1,0,0,1,1,1,0,0,1,0,1,1,0,0,Software Developer
Science_PCB,100,89,84,62,52,,,,,,,,,0,1,0,0,0,1,0,1,1,1,1,1,0,1,0,1,Doctor
Science_PCB,76,62,54,84,50,,,,,,,,,0,1,0,0,0,1,0,0,1,1,0,0,1,1,0,1,Scientist
Arts,,,,73,,,,,,95,68,75,68,1,0,0,1,0,1,0,0,1,1,0,1,0,0,0,0,Software Developer
Science_PCB,56,95,58,86,69,,,,,,,,,0,1,0,0,1,1,1,1,1,1,1,0,1,0,0,0,Engineer
Science_PCB,70,100,52,71,62,,,,,,,,,0,0,1,1,0,0,1,1,0,0,1,1,1,0,0,1,Teacher
Science_PCM,62,80,,90,94,71,,,,,,,,0,1,0,1,0,1,1,1,0,1,0,1,1,0,0,1,Entrepreneur
Arts,,,,60,,,,,,58,78,76,74,0,0,0,0,1,0,0,1,0,0,1,0,0,0,0,0,Chartered Accountant
Science_PCB,61,83,80,98,100,,,,,,,,,0,1,0,1,1,1,1,1,0,1,0,0,1,0,0,1,Chartered Accountant
Science_PCM,79,93,,64,55,97,,,,,,,,0,1,0,1,0,0,1,1,1,1,1,1,1,0,1,0,Teacher
Science_PCB,72,67,100,81,58,,,,,,,,,0,0,0,1,1,0,1,1,0,1,1,1,0,1,1,1,Politician
Science_PCM,62,88,,71,70,81,,,,,,,,1,0,0,1,0,0,1,0,1,0,1,0,1,0,1,0,Engineer
Commerce,,,,51,,79,77,66,71,,,,,0,1,0,0,0,1,0,0,1,0,0,0,0,1,0,0,Politician
Arts,,,,57,,,,,,52,87,78,87,0,0,1,0,1,1,1,0,0,0,1,1,1,0,1,0,Doctor
Commerce,,,,95,,66,83,61,94,,,,,0,0,1,1,0,0,0,0,1,0,0,1,0,0,1,1,Politician
Arts,,,,88,,,,,,60,88,99,88,1,1,1,0,0,0,1,0,1,1,0,0,1,1,1,0,Athlete
Science_PCB,85,91,84,93,73,,,,,,,,,0,1,1,0,1,1,0,1,0,0,1,0,1,1,1,0,Doctor
Commerce,,,,71,,98,74,66,56,,,,,1,0,1,1,1,0,0,0,1,1,0,0,0,1,0,1,Doctor
Science_PCB,62,84,54,56,50,,,,,,,,,0,1,1,0,1,1,1,1,0,0,0,1,1,1,1,0,Doctor
Arts,,,,99,,,,,,69,73,100,93,1,0,0,1,1,1,0,1,1,1,1,0,0,1,0,0,Software Developer
Arts,,,,50,,,,,,77,77,80,69,0,1,1,1,0,1,0,0,0,0,0,0,1,0,0,1,Artist
Science_PCM,96,67,,71,55,55,,,,,,,,0,0,0,0,0,1,0,0,1,1,0,0,0,0,1,1,Entrepreneur
Arts,,,,77,,,,,,53,50,67,63,1,1,1,0,1,1,0,0,0,1,1,0,0,0,1,1,Doctor
Science_PCM,53,62,,59,69,68,,,,,,,,0,1,1,1,0,0,1,1,1,0,0,1,0,0,0,0,Entrepreneur
Science_PCM,80,76,,96,85,92,,,,,,,,0,1,1,0,0,0,0,1,0,0,0,0,0,1,0,0,Politician
Science_PCB,58,62,81,93,65,,,,,,,,,0,1,1,1,1,0,0,0,0,1,0,1,1,1,1,1,Entrepreneur
Commerce,,,,89,,88,84,80,86,,,,,0,0,0,0,1,1,1,1,0,0,0,0,0,0,0,0,Engineer
Commerce,,,,84,,65,87,100,64,,,,,0,1,1,0,1,0,1,0,1,1,0,0,0,1,0,0,Politician
Science_PCB,96,81,63,67,77,,,,,,,,,0,0,0,1,1,1,1,1,1,1,0,1,0,1,1,0,Entrepreneur
Science_PCM,56,75,,81,58,83,,,,,,,,0,1,1,1,1,0,1,0,1,1,1,1,1,1,0,0,Software Developer
Commerce,,,,69,,98,77,89,54,,,,,1,1,1,1,1,0,1,0,0,0,1,1,0,0,0,1,Teacher
Science_PCB,88,67,56,91,81,,,,,,,,,0,1,1,1,1,1,1,1,0,0,0,1,0,0,0,1,Chartered Accountant
Commerce,,,,86,,58,80,69,91,,,,,0,1,1,0,0,1,0,0,1,1,1,0,1,1,0,1,Artist
Science_PCM,87,91,,91,82,98,,,,,,,,1,1,1,0,0,0,1,1,1,1,0,0,1,1,0,0,Teacher
Science_PCM,73,59,,87,60,67,,,,,,,,0,1,1,0,1,0,0,0,1,0,1,1,1,1,0,0,Doctor
Science_PCM,52,73,,74,96,92,,,,,,,,0,0,1,0,0,0,0,0,0,0,0,0,0,0,1,0,Athlete
Science_PCM,66,91,,99,75,57,,,,,,,,0,1,0,1,1,1,1,1,0,0,0,1,0,0,0,0,Scientist
Commerce,,,,69,,73,82,73,93,,,,,0,1,0,1,0,1,1,1,0,1,0,0,1,1,1,0,Doctor
Science_PCM,87,66,,88,61,71,,,,,,,,1,1,1,1,0,1,1,1,1,0,0,0,1,0,1,1,Entrepreneur
Arts,,,,73,,,,,,96,86,83,91,1,0,0,0,1,0,1,1,0,1,1,0,1,0,1,1,Entrepreneur
Commerce,,,,50,,71,67,78,87,,,,,0,1,0,0,1,1,0,0,1,0,0,0,1,1,0,0,Scientist
Commerce,,,,79,,88,74,79,63,,,,,1,1,1,0,0,0,0,1,0,1,0,1,0,1,0,0,Software Developer
Commerce,,,,99,,88,85,84,51,,,,,0,0,1,1,1,1,0,1,1,0,1,1,0,1,1,1,Teacher
Science_PCM,97,62,,54,90,73,,,,,,,,0,1,0,0,1,0,0,0,1,1,0,0,1,0,1,1,Chartered Accountant
Science_PCB,99,65,96,96,88,,,,,,,,,1,0,1,1,0,0,1,0,1,1,1,1,1,1,1,0,Scientist
Commerce,,,,51,,51,100,72,72,,,,,0,0,0,1,1,1,0,0,0,0,0,1,0,0,1,0,Athlete
Commerce,,,,93,,66,82,70,87,,,,,0,0,0,1,1,0,1,1,1,0,0,1,0,1,0,1,Athlete
Arts,,,,55,,,,,,76,62,89,60,1,0,1,1,1,1,1,1,1,1,0,0,1,0,1,1,Teacher
Commerce,,,,50,,99,73,59,52,,,,,1,1,1,0,1,0,1,1,1,0,0,1,1,1,1,0,Doctor
Arts,,,,70,,,,,,52,73,99,96,0,1,1,0,0,1,1,0,0,0,0,0,0,1,0,1,Teacher
Arts,,,,70,,,,,,53,94,84,94,1,1,0,0,1,1,1,1,1,1,1,1,0,0,1,1,Software Developer
Arts,,,,57,,,,,,75,96,63,65,1,1,0,0,1,0,0,1,0,0,1,0,1,1,0,1,Chartered Accountant
Science_PCB,55,93,67,75,52,,,,,,,,,1,0,1,1,1,0,0,1,1,0,1,0,0,1,0,1,Scientist
Commerce,,,,66,,77,89,75,71,,,,,0,0,1,1,0,1,0,0,1,1,1,0,1,0,1,0,Athlete
Science_PCB,68,61,66,51,55,,,,,,,,,0,0,1,0,1,0,0,0,0,1,0,0,1,0,1,1,Software Developer
Science_PCM,53,64,,97,94,72,,,,,,,,1,0,1,1,1,0,0,0,1,0,1,0,0,0,1,1,Doctor
Science_PCM,51,99,,89,65,72,,,,,,,,1,0,0,1,0,0,0,0,1,0,0,1,0,1,0,0,Engineer
Commerce,,,,88,,74,98,89,71,,,,,1,0,0,1,0,1,1,1,0,1,1,0,1,0,0,0,Politician
Science_PCB,78,95,60,51,69,,,,,,,,,0,1,0,0,1,1,0,0,1,1,1,0,0,0,1,0,Chartered Accountant
Commerce,,,,88,,51,91,71,77,,,,,1,1,1,1,1,1,0,1,0,1,1,1,1,0,0,1,Politician
Science_PCM,98,70,,97,92,61,,,,,,,,1,0,0,0,0,0,0,0,0,1,1,1,0,0,0,0,Doctor
Science_PCM,52,72,,67,82,93,,,,,,,,0,1,0,1,0,0,0,1,0,0,1,1,1,0,0,0,Doctor
Science_PCB,77,65,86,76,82,,,,,,,,,1,1,0,1,1,1,0,1,0,1,1,1,1,1,0,1,Politician
Science_PCM,94,78,,82,93,95,,,,,,,,0,0,1,1,0,1,1,1,0,1,1,0,0,1,0,1,Athlete
Arts,,,,81,,,,,,77,91,93,82,0,1,0,0,1,1,1,0,0,1,1,0,0,1,1,0,Athlete
Science_PCM,95,67,,90,52,81,,,,,,,,0,0,1,1,1,0,0,1,0,0,0,1,0,1,0,0,Doctor
Arts,,,,60,,,,,,56,97,79,92,1,1,1,0,0,1,0,1,1,0,1,0,1,1,1,0,Software Developer
Arts,,,,60,,,,,,69,74,70,77,1,1,1,0,0,0,1,1,0,1,0,1,1,1,1,0,Teacher
Science_PCM,68,57,,53,70,83,,,,,,,,1,1,0,1,1,1,1,1,0,0,1,0,0,1,0,0,Politician
Commerce,,,,56,,65,52,61,65,,,,,0,0,0,1,1,1,1,1,1,0,0,0,1,1,0,0,Scientist
Commerce,,,,53,,85,69,81,95,,,,,0,1,1,1,0,1,0,1,0,0,0,0,0,0,0,1,Athlete
Science_PCB,60,92,61,60,64,,,,,,,,,0,1,0,1,1,0,1,1,0,0,1,0,0,0,1,0,Chartered Accountant
Commerce,,,,95,,63,76,76,88,,,,,0,1,1,0,1,1,0,1,0,1,1,0,0,1,1,1,Athlete
Commerce,,,,98,,75,87,91,64,,,,,1,0,0,1,1,0,1,0,1,0,0,1,1,0,1,0,Artist
Commerce,,,,87,,65,88,91,89,,,,,1,0,0,0,1,0,1,1,1,0,0,0,0,1,1,0,Teacher
Commerce,,,,66,,84,99,55,62,,,,,0,0,0,1,0,1,1,1,0,0,0,0,1,0,0,0,Artist
Science_PCM,65,93,,82,87,82,,,,,,,,1,0,0,1,1,1,0,0,1,0,0,1,0,1,1,0,Artist
Commerce,,,,75,,95,77,65,63,,,,,1,1,0,0,0,0,1,0,1,0,1,0,0,1,0,0,Entrepreneur
Science_PCB,86,96,80,66,63,,,,,,,,,1,1,1,0,0,0,1,1,1,1,1,0,0,1,1,0,Teacher
Science_PCB,51,73,52,73,82,,,,,,,,,0,1,1,0,0,1,1,1,1,0,0,1,0,0,1,1,Entrepreneur
Science_PCB,62,89,66,58,69,,,,,,,,,0,0,0,1,1,1,1,1,1,1,0,1,0,0,0,0,Chartered Accountant
Science_PCM,52,64,,59,67,96,,,,,,,,0,0,0,1,1,0,0,0,0,1,1,0,0,0,0,1,Software Developer
Commerce,,,,98,,92,64,94,64,,,,,0,1,0,0,0,1,1,1,0,1,1,0,0,1,1,1,Software Developer
Commerce,,,,60,,80,100,65,56,,,,,1,0,1,1,1,0,0,0,1,0,1,1,1,0,1,1,Scientist
Science_PCB,50,53,78,96,79,,,,,,,,,0,1,1,1,1,0,0,1,1,0,0,0,0,0,1,0,Athlete
Arts,,,,65,,,,,,86,57,88,99,0,1,0,0,0,0,1,0,1,1,0,0,0,1,1,0,Teacher
Commerce,,,,62,,100,50,67,55,,,,,0,1,1,1,1,0,0,1,0,0,1,1,0,0,0,1,Politician
Science_PCM,51,61,,58,93,93,,,,,,,,1,1,0,1,0,1,1,0,0,0,0,1,1,0,1,1,Chartered Accountant
Arts,,,,74,,,,,,50,58,63,75,1,0,1,0,1,1,1,0,1,0,0,1,0,1,1,1,Scientist
Science_PCM,96,81,,52,54,60,,,,,,,,0,1,0,1,0,0,1,0,1,0,0,0,0,0,1,1,Athlete
Arts,,,,72,,,,,,67,84,59,63,1,1,0,0,1,1,1,0,1,1,1,1,1,1,0,1,Entrepreneur
Arts,,,,81,,,,,,79,62,51,73,1,1,1,1,1,0,0,1,1,0,0,0,1,0,1,0,Scientist
Science_PCB,53,56,77,82,62,,,,,,,,,1,1,0,1,0,1,1,1,1,0,0,1,1,1,1,0,Software Developer
Science_PCM,68,95,,72,61,70,,,,,,,,0,0,0,1,0,1,0,0,0,0,1,0,1,1,1,1,Scientist
Arts,,,,93,,,,,,71,50,89,99,0,1,0,1,1,0,0,0,0,1,1,1,1,1,1,0,Chartered Accountant
Commerce,,,,52,,75,94,61,87,,,,,0,0,0,0,1,1,0,1,0,1,1,0,0,0,0,0,Athlete
Arts,,,,74,,,,,,71,87,62,50,1,0,1,1,1,0,1,0,1,1,0,0,0,1,0,0,Athlete
Science_PCB,59,63,57,92,100,,,,,,,,,0,0,1,0,0,1,1,1,0,1,0,1,1,0,1,0,Teacher
Commerce,,,,62,,58,87,60,84,,,,,1,1,0,0,1,1,0,0,1,0,1,1,1,1,1,1,Entrepreneur
Arts,,,,91,,,,,,50,88,61,50,1,1,0,1,0,0,0,0,1,0,0,1,1,0,0,0,Artist
Arts,,,,84,,,,,,52,81,68,67,0,1,0,0,1,0,1,0,1,0,1,1,1,0,0,0,Software Developer
Commerce,,,,72,,80,92,52,93,,,,,1,1,1,0,1,0,0,1,1,1,1,0,1,0,0,0,Artist
Arts,,,,61,,,,,,82,76,57,77,1,0,1,0,0,0,0,1,1,1,1,1,0,0,1,0,Teacher
Science_PCB,65,82,80,90,80,,,,,,,,,0,1,1,0,1,0,1,1,1,1,1,0,0,1,1,0,Engineer
Science_PCM,81,93,,72,54,60,,,,,,,,0,0,1,1,1,1,1,0,0,1,0,1,0,0,1,1,Doctor
Commerce,,,,69,,83,54,88,58,,,,,0,1,1,0,1,0,1,1,1,0,0,0,1,1,0,0,Software Developer
Arts,,,,93,,,,,,56,79,70,70,0,0,0,1,1,0,0,1,1,0,0,0,0,0,1,0,Chartered Accountant
Arts,,,,74,,,,,,79,73,92,82,1,1,0,1,1,1,0,0,0,1,1,0,1,1,0,1,Politician
Arts,,,,68,,,,,,100,88,53,75,0,0,1,1,0,0,0,0,0,0,0,0,0,1,0,1,Software Developer
Arts,,,,87,,,,,,79,81,60,88,0,1,0,0,1,1,0,0,0,1,0,1,0,0,1,0,Scientist
Science_PCM,91,75,,91,91,62,,,,,,,,1,1,0,0,0,0,0,0,0,0,1,0,1,1,0,1,Doctor
Commerce,,,,84,,72,88,53,55,,,,,1,1,1,0,1,0,0,1,0,1,1,0,1,1,1,0,Doctor
Arts,,,,53,,,,,,88,78,64,79,1,1,1,1,1,0,1,0,0,0,1,1,0,0,0,1,Chartered Accountant
Science_PCB,72,52,92,55,72,,,,,,,,,0,1,1,1,1,0,0,1,1,1,0,0,0,1,0,0,Chartered Accountant
Science_PCM,50,75,,66,84,95,,,,,,,,1,0,0,1,0,1,1,0,1,1,0,0,1,0,1,1,Athlete
Science_PCB,62,96,73,72,87,,,,,,,,,0,0,1,1,0,1,0,0,0,1,1,0,0,1,0,1,Politician
Arts,,,,65,,,,,,58,59,85,99,0,0,1,1,0,1,0,1,0,1,1,1,1,1,0,0,Software Developer
Commerce,,,,79,,81,84,99,99,,,,,1,0,0,1,1,0,0,0,0,1,1,0,0,0,0,1,Software Developer
Arts,,,,89,,,,,,84,78,60,55,1,0,1,0,0,0,0,0,1,0,1,0,1,0,0,0,Entrepreneur
Arts,,,,92,,,,,,74,79,75,70,1,1,1,1,0,1,0,1,0,1,1,1,1,0,0,1,Scientist
Science_PCB,78,96,58,78,80,,,,,,,,,1,1,0,1,0,1,0,1,1,1,0,0,0,0,0,0,Chartered Accountant
Arts,,,,64,,,,,,63,100,83,88,1,1,0,0,1,0,1,1,0,0,0,1,1,1,0,1,Scientist
Commerce,,,,56,,57,84,56,83,,,,,1,0,0,0,0,1,0,1,1,1,1,1,0,1,1,1,Athlete
Science_PCM,83,100,,100,89,84,,,,,,,,0,1,1,0,0,1,1,0,0,0,0,1,0,1,0,1,Scientist
Arts,,,,65,,,,,,65,53,68,90,0,1,0,1,0,1,1,1,0,0,0,0,1,1,1,1,Chartered Accountant
Commerce,,,,83,,79,55,89,86,,,,,0,0,0,1,0,1,1,1,0,1,1,1,1,1,1,0,Entrepreneur
Science_PCB,77,68,86,88,68,,,,,,,,,0,1,0,0,1,0,0,0,0,1,0,1,0,0,1,0,Scientist
Science_PCM,91,69,,80,74,69,,,,,,,,1,1,1,1,1,0,0,0,0,0,1,1,1,1,0,0,Chartered Accountant
Arts,,,,90,,,,,,82,91,66,56,0,0,1,0,0,0,0,1,0,0,0,1,1,1,1,1,Chartered Accountant
Arts,,,,65,,,,,,79,72,93,56,0,0,0,1,1,0,0,0,1,1,0,1,0,1,0,0,Chartered Accountant
Arts,,,,76,,,,,,100,70,61,93,0,1,1,0,0,1,0,1,0,1,1,1,0,0,1,0,Doctor
Commerce,,,,51,,71,94,77,82,,,,,0,1,0,0,1,1,1,1,1,0,0,0,1,1,1,0,Teacher
Arts,,,,74,,,,,,73,82,85,83,1,0,0,0,0,1,1,0,0,0,0,0,1,0,1,0,Software Developer
Arts,,,,68,,,,,,94,66,85,77,1,1,1,1,0,0,0,0,1,0,1,0,1,1,1,1,Software Developer
Science_PCM,71,75,,66,86,98,,,,,,,,1,1,1,0,1,1,1,1,1,0,0,1,1,1,1,1,Scientist
Arts,,,,61,,,,,,93,59,94,64,0,1,1,0,0,0,0,0,1,1,0,1,0,1,0,0,Artist
Science_PCM,59,77,,75,80,96,,,,,,,,0,0,0,1,1,0,1,0,1,0,0,0,1,1,0,1,Software Developer
Science_PCB,82,66,70,72,97,,,,,,,,,0,0,0,1,1,0,0,1,0,1,1,0,0,1,1,0,Artist
Science_PCB,54,56,63,67,67,,,,,,,,,1,0,0,0,1,1,0,0,0,1,1,1,1,1,0,1,Chartered Accountant
Science_PCM,54,95,,60,83,62,,,,,,,,1,0,0,0,0,1,1,1,0,0,0,0,0,0,0,1,Artist
Science_PCM,96,93,,89,95,66,,,,,,,,0,0,0,1,1,1,0,1,1,1,0,1,1,0,1,1,Athlete
Science_PCB,84,95,67,61,97,,,,,,,,,1,1,0,0,1,1,0,1,1,0,1,1,0,0,0,0,Entrepreneur
Commerce,,,,59,,74,58,77,60,,,,,1,0,1,0,0,1,1,1,0,0,0,1,0,0,0,1,Athlete
Science_PCM,54,63,,61,69,50,,,,,,,,0,1,1,0,0,1,1,0,1,0,1,0,0,0,1,0,Doctor
Science_PCM,92,96,,63,77,70,,,,,,,,0,1,1,1,0,0,0,1,1,1,1,0,1,1,1,1,Chartered Accountant
Commerce,,,,97,,80,50,85,62,,,,,0,0,0,1,0,0,1,0,0,1,0,0,1,0,0,0,Scientist
Arts,,,,54,,,,,,93,79,68,88,0,1,1,1,1,0,1,1,1,0,1,1,1,0,0,1,Teacher
Science_PCM,56,71,,79,99,62,,,,,,,,1,1,1,0,0,1,1,0,0,0,0,1,1,1,0,0,Artist
Science_PCM,73,66,,74,76,82,,,,,,,,1,0,1,0,1,0,1,1,1,1,0,1,1,1,0,0,Software Developer
Arts,,,,79,,,,,,68,67,88,57,0,0,1,0,0,0,1,0,1,1,1,0,0,1,1,1,Artist
Commerce,,,,67,,73,92,73,99,,,,,0,1,0,1,1,0,1,1,1,1,0,0,0,0,0,1,Doctor
Science_PCM,86,83,,65,82,68,,,,,,,,1,1,1,1,1,0,0,1,0,0,1,0,0,1,1,1,Artist
Commerce,,,,92,,94,59,90,72,,,,,0,0,0,0,0,0,1,1,1,0,1,1,1,1,1,1,Entrepreneur
Commerce,,,,52,,56,92,96,56,,,,,0,1,0,0,1,0,1,0,0,1,1,0,1,0,0,1,Chartered Accountant
Science_PCB,85,99,77,71,93,,,,,,,,,1,0,1,1,0,0,1,0,1,0,0,1,0,0,1,1,Scientist
Science_PCB,88,51,93,82,68,,,,,,,,,1,0,0,1,0,1,0,1,1,0,1,0,0,0,1,1,Chartered Accountant
Science_PCB,79,58,58,99,52,,,,,,,,,1,1,0,0,0,1,1,1,1,1,1,1,1,1,0,0,Chartered Accountant
Commerce,,,,60,,76,88,89,97,,,,,1,1,0,1,1,1,0,1,1,1,0,1,1,1,1,1,Artist
Science_PCM,87,78,,88,74,65,,,,,,,,1,1,1,1,1,0,0,0,0,0,1,0,1,0,0,0,Software Developer
Commerce,,,,96,,61,52,73,92,,,,,1,0,0,0,0,1,1,1,1,0,1,1,0,1,0,1,Engineer
Science_PCB,98,54,98,62,90,,,,,,,,,1,0,1,1,1,1,0,0,1,1,0,1,0,1,1,1,Artist
Science_PCB,74,88,67,94,78,,,,,,,,,0,1,0,1,0,1,0,1,0,1,1,0,0,1,1,0,Scientist
Arts,,,,90,,,,,,92,69,82,86,1,0,0,0,1,0,1,1,0,0,1,0,1,0,1,1,Politician
Science_PCM,85,61,,87,59,54,,,,,,,,0,0,1,1,1,1,1,0,1,0,1,1,1,1,0,1,Scientist
Arts,,,,74,,,,,,73,58,89,91,0,1,1,0,1,0,1,1,0,1,0,0,1,0,0,0,Software Developer
Science_PCB,73,88,65,85,79,,,,,,,,,0,1,0,1,0,1,0,0,1,1,0,1,1,0,0,1,Entrepreneur
Arts,,,,62,,,,,,75,94,77,62,0,0,0,1,1,1,0,0,0,0,1,1,1,1,1,1,Chartered Accountant
Commerce,,,,96,,97,76,64,96,,,,,0,0,0,0,0,0,1,0,1,1,0,0,0,0,0,1,Athlete
Science_PCB,62,85,72,97,80,,,,,,,,,0,1,0,1,1,0,1,1,0,1,0,0,1,1,1,0,Chartered Accountant
Arts,,,,100,,,,,,68,76,58,75,0,1,0,1,0,1,1,1,0,1,0,0,1,0,0,0,Software Developer
Science_PCB,70,85,99,53,67,,,,,,,,,0,1,0,0,1,1,0,0,0,1,1,0,1,1,0,1,Software Developer
Science_PCM,75,80,,54,87,76,,,,,,,,1,1,1,1,0,1,0,0,0,1,1,1,0,0,0,0,Teacher
Commerce,,,,60,,80,85,72,55,,,,,1,1,1,1,1,1,1,0,0,1,1,0,1,0,0,0,Teacher
Arts,,,,69,,,,,,84,84,67,74,1,0,1,0,0,0,1,0,0,0,0,0,0,0,1,1,Chartered Accountant
Arts,,,,92,,,,,,58,53,100,92,0,0,0,0,0,0,1,0,0,0,1,1,0,1,0,1,Athlete
Science_PCB,75,92,73,50,54,,,,,,,,,0,0,0,1,0,0,0,0,1,1,1,1,0,1,1,1,Chartered Accountant
Arts,,,,70,,,,,,94,95,89,82,1,0,1,1,0,1,0,1,1,0,1,1,0,0,0,1,Engineer
Commerce,,,,99,,86,80,76,68,,,,,1,1,0,0,0,0,0,1,1,1,1,1,0,0,1,1,Doctor
Science_PCM,74,96,,84,70,79,,,,,,,,1,1,1,0,1,0,1,1,0,0,1,1,0,0,0,0,Scientist
Science_PCB,90,59,95,60,99,,,,,,,,,0,0,0,0,0,1,0,0,0,1,1,0,0,0,1,1,Artist
Science_PCB,85,81,89,77,57,,,,,,,,,1,0,0,1,1,0,0,1,1,0,0,1,0,0,1,1,Doctor
Science_PCB,75,98,58,69,56,,,,,,,,,0,0,1,0,1,1,0,0,1,1,0,1,0,0,1,1,Doctor
Commerce,,,,88,,62,67,73,59,,,,,0,1,1,0,1,0,1,0,0,1,0,1,1,0,1,1,Politician
Commerce,,,,58,,91,78,91,57,,,,,0,1,0,0,0,1,1,1,1,0,0,0,1,1,0,1,Artist
Commerce,,,,83,,92,55,95,99,,,,,1,0,0,1,1,0,0,0,1,1,0,1,1,0,1,1,Entrepreneur
Arts,,,,82,,,,,,97,86,98,77,1,1,0,1,1,1,0,1,1,0,1,0,0,0,0,0,Engineer
Science_PCB,91,60,97,65,96,,,,,,,,,0,1,1,1,0,0,1,1,0,0,0,0,0,0,0,0,Teacher
Arts,,,,91,,,,,,91,55,100,82,1,0,1,1,1,1,0,0,1,0,0,1,0,0,0,0,Artist
Science_PCM,70,51,,89,84,87,,,,,,,,1,0,0,0,0,0,1,1,0,1,1,0,1,1,0,1,Entrepreneur
Commerce,,,,93,,85,66,63,88,,,,,1,1,0,0,0,0,1,0,0,1,0,1,1,0,1,0,Doctor
Arts,,,,52,,,,,,96,77,100,74,0,0,0,0,0,0,1,0,0,1,1,1,0,0,0,1,Chartered Accountant
Commerce,,,,85,,84,92,98,78,,,,,1,1,0,1,1,1,0,0,1,0,1,0,1,0,0,0,Artist
Science_PCM,55,72,,68,55,80,,,,,,,,1,0,1,0,1,1,1,0,1,0,0,0,0,1,1,1,Doctor
Commerce,,,,64,,56,73,99,56,,,,,1,1,0,1,0,1,1,0,0,0,1,1,1,0,0,0,Artist
Arts,,,,78,,,,,,74,69,70,69,1,0,1,1,1,1,1,1,0,1,0,0,0,0,1,1,Teacher
Science_PCM,76,54,,76,82,97,,,,,,,,1,0,1,1,1,0,0,1,0,0,1,1,0,0,1,1,Teacher
Science_PCB,65,78,65,81,82,,,,,,,,,0,1,0,0,1,1,0,1,1,0,0,0,0,1,1,1,Athlete
Commerce,,,,53,,77,87,76,50,,,,,0,1,1,1,0,1,0,1,0,0,1,0,1,0,0,1,Engineer
Science_PCM,82,84,,59,81,94,,,,,,,,0,0,0,1,0,1,0,1,0,0,0,0,0,0,1,1,Chartered Accountant
Science_PCB,85,76,57,89,97,,,,,,,,,1,1,1,1,1,1,0,1,0,1,1,1,0,0,0,1,Doctor
Commerce,,,,96,,88,91,90,98,,,,,0,0,1,1,0,0,1,0,1,1,0,0,0,0,0,1,Chartered Accountant
Commerce,,,,76,,52,88,95,66,,,,,0,1,1,1,1,0,1,0,1,0,0,1,0,1,1,0,Athlete
Science_PCM,72,74,,56,84,62,,,,,,,,1,1,1,0,1,0,1,0,0,1,0,0,0,0,0,0,Teacher
Science_PCM,99,77,,98,68,77,,,,,,,,0,1,0,0,0,0,0,1,0,1,0,0,0,1,0,1,Chartered Accountant
Arts,,,,54,,,,,,54,53,76,68,1,0,0,1,1,1,1,0,1,1,1,0,1,0,1,0,Scientist
Science_PCB,58,91,81,95,93,,,,,,,,,0,1,0,1,1,1,1,1,0,1,0,1,1,1,1,0,Politician
Science_PCB,60,91,91,76,60,,,,,,,,,0,1,1,1,1,0,0,0,0,1,0,1,1,0,1,0,Doctor
Arts,,,,85,,,,,,88,57,83,65,0,1,1,1,0,1,0,1,0,0,0,0,0,1,0,1,Artist
Arts,,,,57,,,,,,74,84,57,88,1,1,1,0,1,0,0,1,1,0,0,1,0,0,1,1,Athlete
Arts,,,,83,,,,,,83,80,98,63,1,0,1,1,1,1,1,0,0,0,1,0,1,1,1,0,Artist
Science_PCB,96,65,85,95,86,,,,,,,,,1,1,0,0,1,1,0,0,1,1,1,1,1,1,0,0,Scientist
Commerce,,,,100,,100,83,63,80,,,,,0,0,0,0,1,0,0,0,0,1,1,0,1,0,1,0,Engineer
Commerce,,,,69,,59,60,69,85,,,,,1,1,1,0,1,0,1,0,0,0,1,0,1,1,1,0,Software Developer
Science_PCB,98,53,53,85,65,,,,,,,,,0,0,0,1,0,1,1,0,1,0,0,1,1,1,0,1,Athlete
Science_PCM,55,81,,70,58,78,,,,,,,,1,1,1,0,0,0,0,1,1,0,0,0,1,1,0,0,Teacher
Arts,,,,91,,,,,,78,70,97,82,0,0,1,0,0,0,0,1,0,0,0,0,1,1,0,0,Engineer
Commerce,,,,89,,88,88,99,87,,,,,0,1,0,0,1,1,0,0,0,0,1,0,1,0,1,0,Teacher
Science_PCM,80,82,,80,76,57,,,,,,,,0,0,1,0,1,1,1,0,1,1,1,1,0,0,0,0,Engineer
Commerce,,,,60,,68,78,66,100,,,,,0,1,1,1,1,0,0,0,1,1,0,0,1,0,0,1,Politician
Science_PCB,92,61,75,73,63,,,,,,,,,0,0,1,0,1,1,1,0,1,0,1,1,1,0,0,1,Doctor
Science_PCM,66,82,,80,58,94,,,,,,,,1,0,0,0,0,0,0,1,0,0,1,1,0,0,1,1,Teacher
Commerce,,,,51,,58,56,84,76,,,,,0,0,0,0,0,1,1,1,1,1,1,0,1,1,0,0,Entrepreneur
Science_PCB,92,88,50,63,69,,,,,,,,,0,1,0,1,1,0,0,1,1,0,1,0,0,1,1,0,Engineer
Arts,,,,70,,,,,,82,76,60,71,0,1,1,1,1,1,0,0,0,0,0,0,0,1,1,0,Teacher
Commerce,,,,93,,66,95,57,59,,,,,1,1,0,0,0,1,0,0,0,1,1,0,1,1,0,0,Entrepreneur
Science_PCB,76,99,59,81,78,,,,,,,,,1,1,0,1,1,1,1,0,0,0,0,1,0,0,0,0,Chartered Accountant
Science_PCB,90,66,86,97,94,,,,,,,,,1,0,0,1,0,1,0,1,0,0,0,0,1,1,1,0,Teacher
Arts,,,,72,,,,,,67,83,64,57,0,1,1,0,1,1,0,0,0,0,0,0,1,0,0,1,Doctor
Science_PCM,81,78,,98,69,100,,,,,,,,1,1,0,1,1,0,0,0,0,1,1,1,0,0,0,1,Politician
Science_PCM,73,67,,53,76,66,,,,,,,,1,1,1,0,0,0,1,0,0,0,1,0,1,1,0,0,Engineer
Commerce,,,,87,,78,85,100,72,,,,,1,1,1,0,1,0,1,0,1,0,1,1,0,0,1,1,Athlete
Commerce,,,,77,,59,87,67,83,,,,,1,1,0,0,1,0,0,0,1,0,1,1,1,0,0,0,Engineer
Science_PCM,98,56,,67,90,61,,,,,,,,0,0,1,0,0,0,0,1,0,1,1,0,0,0,0,1,Chartered Accountant
Commerce,,,,72,,69,72,59,70,,,,,1,1,0,1,1,1,0,1,1,0,1,1,0,0,1,1,Scientist
Science_PCB,62,94,84,82,95,,,,,,,,,1,0,0,0,0,1,0,0,0,0,0,1,1,1,0,1,Athlete
Science_PCB,77,82,86,69,88,,,,,,,,,1,0,1,1,0,1,0,1,0,0,0,0,1,0,0,0,Doctor
Science_PCM,71,77,,51,90,82,,,,,,,,1,0,0,1,1,1,1,1,1,0,1,1,1,1,1,1,Politician
Arts,,,,78,,,,,,89,52,53,79,0,1,0,1,1,0,0,0,1,1,1,0,1,1,1,0,Software Developer
Science_PCM,79,76,,65,62,76,,,,,,,,0,0,0,1,1,0,1,0,1,0,0,1,0,1,1,1,Entrepreneur
Arts,,,,87,,,,,,72,84,77,95,0,0,0,0,1,0,1,1,1,1,1,0,0,0,0,0,Politician
Science_PCB,52,90,89,68,57,,,,,,,,,1,1,0,0,1,0,0,0,1,1,1,0,0,1,1,1,Athlete
Science_PCB,87,59,74,92,65,,,,,,,,,1,0,1,0,0,0,0,0,1,1,0,0,1,1,1,0,Engineer
Science_PCM,64,94,,52,53,55,,,,,,,,1,1,0,0,0,1,1,1,0,1,0,1,0,0,1,1,Entrepreneur
Science_PCB,98,83,69,61,65,,,,,,,,,0,0,0,1,0,1,1,1,0,0,0,0,1,1,1,0,Artist
Arts,,,,93,,,,,,77,75,81,67,0,1,1,1,0,0,0,0,1,0,1,0,0,0,1,0,Artist
Commerce,,,,92,,83,57,58,92,,,,,0,1,1,0,0,1,0,0,0,1,0,0,1,1,1,0,Software Developer
Commerce,,,,71,,65,68,76,79,,,,,0,1,1,1,1,1,1,0,1,0,0,0,1,1,0,1,Entrepreneur
Science_PCM,79,63,,52,69,62,,,,,,,,0,1,0,1,0,0,0,1,1,1,1,1,1,0,1,0,Artist
Science_PCB,53,50,53,75,68,,,,,,,,,0,0,0,0,0,0,0,1,1,0,1,0,0,1,1,0,Politician
Arts,,,,92,,,,,,59,76,98,57,0,1,1,1,0,0,1,1,0,1,0,1,1,1,0,1,Teacher
Arts,,,,73,,,,,,85,70,78,77,0,0,1,1,0,0,1,0,1,1,1,0,1,1,0,0,Engineer
Science_PCM,54,50,,90,82,98,,,,,,,,0,0,0,0,0,0,0,0,0,0,1,0,0,0,1,1,Doctor
Science_PCM,97,70,,65,98,100,,,,,,,,1,1,1,1,1,1,0,1,1,1,1,0,0,1,1,1,Entrepreneur
Commerce,,,,76,,63,64,84,87,,,,,0,1,0,0,0,0,0,0,1,1,0,1,1,1,0,0,Athlete
Science_PCM,50,79,,69,84,64,,,,,,,,0,0,0,1,1,1,0,1,0,1,0,0,0,0,1,1,Athlete
Arts,,,,56,,,,,,92,99,78,60,1,0,0,0,0,0,0,0,1,0,0,1,0,0,0,1,Doctor
Commerce,,,,66,,90,69,94,63,,,,,1,0,0,1,1,0,1,1,0,0,1,0,1,0,1,1,Chartered Accountant
Science_PCM,68,78,,66,57,64,,,,,,,,1,1,0,1,0,1,0,1,0,0,1,1,0,1,0,0,Engineer
Science_PCB,100,81,93,97,80,,,,,,,,,0,0,0,1,1,0,0,1,1,1,0,0,1,0,0,0,Doctor
Arts,,,,86,,,,,,54,94,78,62,0,1,0,0,0,0,0,1,1,1,0,1,0,1,1,1,Engineer
Science_PCM,85,100,,71,95,82,,,,,,,,1,0,1,1,0,0,0,1,1,1,1,1,0,0,1,0,Artist
Science_PCM,70,60,,80,55,78,,,,,,,,0,0,0,1,0,0,1,0,0,0,0,0,0,0,1,0,Athlete
Science_PCM,59,76,,93,59,63,,,,,,,,0,0,1,1,0,1,1,1,0,1,1,1,0,0,0,1,Entrepreneur
Science_PCM,80,71,,99,79,78,,,,,,,,0,1,1,0,0,0,0,1,0,1,0,1,1,1,0,1,Teacher
Science_PCB,82,76,86,51,64,,,,,,,,,1,1,1,1,1,1,1,1,0,1,0,0,0,1,1,0,Artist
Arts,,,,83,,,,,,60,77,98,86,0,0,1,0,1,0,0,1,0,1,1,1,0,1,1,1,Politician
Commerce,,,,97,,60,66,95,59,,,,,1,0,1,1,1,0,0,1,1,0,0,1,1,0,1,1,Engineer
Arts,,,,53,,,,,,83,64,55,81,1,1,0,1,0,1,0,1,0,1,0,1,0,0,0,1,Software Developer
Science_PCM,96,69,,80,75,91,,,,,,,,1,1,0,1,1,0,1,1,0,1,1,0,1,0,1,0,Athlete
Science_PCB,86,91,81,90,51,,,,,,,,,0,1,1,0,1,1,0,1,1,0,1,0,0,1,0,0,Artist
Commerce,,,,88,,62,67,86,64,,,,,1,0,1,0,1,1,0,1,1,1,0,0,1,1,0,0,Teacher
Science_PCB,55,86,69,82,56,,,,,,,,,1,1,1,1,1,1,0,0,0,0,1,1,0,0,0,1,Doctor
Arts,,,,87,,,,,,85,70,84,93,1,0,0,1,0,1,0,1,1,0,1,0,0,1,0,1,Athlete
Arts,,,,84,,,,,,87,64,53,73,1,1,1,0,1,1,1,0,0,0,1,0,1,1,1,1,Chartered Accountant
Commerce,,,,66,,58,79,98,72,,,,,1,1,1,1,0,1,0,1,0,0,1,1,1,0,0,1,Doctor
Arts,,,,98,,,,,,66,77,65,86,0,1,1,1,1,0,0,1,0,1,0,0,0,1,1,0,Entrepreneur
Arts,,,,82,,,,,,75,62,63,55,1,0,1,1,0,1,0,0,1,1,1,1,0,1,0,0,Doctor
Arts,,,,95,,,,,,61,77,82,54,0,0,0,1,1,0,0,1,0,1,1,1,1,0,0,1,Scientist
Arts,,,,73,,,,,,91,57,93,58,1,1,0,0,1,1,0,1,0,1,1,1,1,0,1,1,Scientist
Science_PCM,65,99,,98,97,95,,,,,,,,0,1,0,1,1,0,1,0,1,1,1,0,0,1,1,0,Chartered Accountant
Science_PCB,82,51,87,64,68,,,,,,,,,0,0,1,0,1,1,1,0,1,1,1,0,0,0,1,1,Scientist
Science_PCM,80,59,,65,99,96,,,,,,,,1,1,0,1,1,0,1,0,1,0,0,0,0,1,0,0,Teacher
Commerce,,,,58,,80,92,73,75,,,,,0,1,1,0,1,0,0,1,1,1,1,1,1,1,1,1,Scientist
Arts,,,,54,,,,,,60,78,75,59,1,0,1,1,0,0,1,1,0,0,1,1,0,0,1,0,Entrepreneur
Science_PCB,91,57,72,58,71,,,,,,,,,1,1,0,1,0,1,1,1,1,1,1,1,0,1,0,0,Engineer
Arts,,,,77,,,,,,75,89,86,95,1,0,1,0,1,1,0,0,1,0,1,0,0,1,1,0,Entrepreneur
Arts,,,,71,,,,,,65,51,69,69,0,1,1,1,0,0,0,1,0,0,0,0,1,0,0,1,Politician
Commerce,,,,51,,66,72,63,55,,,,,1,1,0,0,0,1,0,0,1,0,0,0,0,1,0,0,Artist
Arts,,,,94,,,,,,83,76,90,57,1,1,1,1,0,1,1,1,0,1,0,1,1,1,0,1,Engineer
Science_PCB,71,84,52,62,53,,,,,,,,,1,1,0,0,1,1,1,0,0,1,1,1,0,0,0,1,Athlete
Science_PCB,70,91,52,100,95,,,,,,,,,0,1,1,1,0,1,0,1,0,1,1,0,1,1,1,1,Artist
Commerce,,,,50,,80,61,56,88,,,,,1,1,0,1,0,0,1,0,0,0,1,1,0,0,1,0,Athlete
Science_PCM,66,82,,65,66,81,,,,,,,,1,1,1,0,1,0,1,1,0,0,1,1,0,0,1,1,Software Developer
Commerce,,,,55,,64,89,82,91,,,,,0,0,0,0,0,1,0,0,0,1,0,0,1,0,0,1,Chartered Accountant
Science_PCM,69,62,,96,62,71,,,,,,,,0,0,1,1,1,1,0,1,0,0,1,1,1,1,0,0,Scientist
Arts,,,,64,,,,,,94,71,74,73,1,1,0,1,1,1,0,0,0,1,1,0,0,0,0,0,Artist
Science_PCB,69,84,66,74,70,,,,,,,,,0,0,1,1,1,1,0,1,1,0,0,1,1,0,1,0,Athlete
Commerce,,,,70,,82,85,61,79,,,,,0,1,0,0,1,0,1,1,1,1,0,0,0,1,0,1,Software Developer
Arts,,,,54,,,,,,66,89,54,52,1,1,1,0,1,0,0,1,1,1,1,0,1,1,1,1,Artist
Science_PCM,100,82,,96,82,52,,,,,,,,0,1,1,0,1,0,1,1,0,0,1,0,0,1,1,1,Engineer
Arts,,,,54,,,,,,87,64,75,77,1,0,1,0,0,1,1,0,1,1,1,1,0,1,1,1,Entrepreneur
Science_PCB,80,93,71,52,94,,,,,,,,,1,0,0,1,0,0,1,1,1,0,1,0,1,1,1,0,Engineer
Arts,,,,84,,,,,,55,56,95,58,0,1,0,1,1,0,1,1,0,0,1,0,1,1,1,1,Chartered Accountant
Science_PCB,98,76,85,63,99,,,,,,,,,0,1,0,0,0,1,1,0,1,1,0,1,1,0,1,1,Politician
Commerce,,,,98,,56,56,94,67,,,,,0,0,1,1,1,1,0,1,0,1,0,1,0,1,0,0,Politician
Science_PCM,95,97,,83,77,86,,,,,,,,1,0,1,0,1,1,0,0,1,0,0,0,1,0,1,0,Artist
Commerce,,,,79,,77,86,75,55,,,,,0,0,1,0,0,0,0,1,1,0,1,0,0,1,0,1,Teacher
Science_PCB,75,87,65,89,78,,,,,,,,,0,0,0,0,1,1,1,0,0,1,1,0,0,0,0,1,Doctor
Science_PCB,73,80,58,75,76,,,,,,,,,1,1,0,0,0,0,0,0,1,0,1,0,1,0,1,0,Athlete
Science_PCB,100,86,91,54,83,,,,,,,,,0,0,1,1,1,0,1,0,1,0,1,0,0,0,0,1,Athlete
Science_PCM,87,74,,97,91,100,,,,,,,,1,1,0,1,0,0,0,1,0,1,0,0,0,0,0,1,Engineer
Science_PCB,93,86,79,99,53,,,,,,,,,0,1,1,1,0,1,1,0,1,1,0,0,1,1,1,0,Artist
Science_PCB,100,70,53,60,82,,,,,,,,,0,0,1,1,0,1,0,0,0,0,0,1,1,0,0,0,Politician
Arts,,,,83,,,,,,57,72,71,59,1,1,0,1,0,0,1,1,0,1,0,0,0,1,0,0,Teacher
Science_PCB,80,62,59,81,80,,,,,,,,,1,1,1,1,1,1,0,1,0,0,0,1,1,1,1,1,Scientist
Science_PCM,88,50,,50,63,69,,,,,,,,0,0,0,1,0,1,1,0,1,0,0,1,0,0,0,1,Artist
Arts,,,,99,,,,,,100,95,97,91,1,0,0,0,0,0,0,1,1,0,1,1,0,0,1,1,Chartered Accountant
Science_PCB,90,72,80,52,61,,,,,,,,,0,1,1,1,0,0,0,0,0,1,0,1,1,1,1,1,Entrepreneur
Science_PCM,71,80,,72,90,78,,,,,,,,1,0,1,0,1,1,1,0,1,0,1,0,0,0,1,0,Engineer
Science_PCB,87,88,98,63,59,,,,,,,,,0,0,0,1,0,0,1,1,0,0,0,0,1,0,1,0,Artist
Arts,,,,74,,,,,,73,54,77,65,1,0,0,1,0,1,0,0,0,0,0,1,0,1,0,1,Software Developer
Arts,,,,64,,,,,,50,56,90,95,0,0,1,1,0,0,0,1,0,0,0,1,0,1,0,1,Software Developer
Arts,,,,93,,,,,,83,82,54,69,0,0,0,1,0,0,1,1,0,0,1,0,0,0,0,0,Politician
Science_PCM,54,61,,56,53,76,,,,,,,,0,0,0,0,1,1,0,0,1,0,1,0,0,0,0,0,Teacher
Science_PCB,81,57,74,98,97,,,,,,,,,0,0,1,0,0,1,1,1,1,1,1,1,0,1,0,0,Politician
Commerce,,,,87,,64,55,97,77,,,,,1,1,1,1,1,1,1,1,1,1,0,0,0,0,1,1,Teacher
Science_PCB,89,54,84,50,65,,,,,,,,,0,1,0,0,1,1,0,0,1,0,0,1,1,1,1,1,Chartered Accountant
Science_PCM,100,69,,61,73,61,,,,,,,,1,0,0,1,0,1,0,0,0,1,0,1,1,1,1,0,Artist
Science_PCB,54,100,74,75,88,,,,,,,,,1,0,0,0,0,1,0,1,1,0,0,0,0,1,1,1,Software Developer
Arts,,,,52,,,,,,84,70,89,58,0,0,0,1,0,0,0,0,1,1,1,1,0,1,1,1,Athlete
Arts,,,,58,,,,,,89,72,89,86,0,0,1,1,0,0,1,0,1,1,1,1,1,0,1,0,Software Developer
Science_PCM,76,91,,58,87,91,,,,,,,,1,1,0,0,1,0,1,0,1,1,0,1,1,0,0,1,Scientist
Commerce,,,,73,,96,76,51,59,,,,,0,0,1,0,1,0,0,1,0,1,0,1,0,0,1,0,Entrepreneur
Arts,,,,86,,,,,,92,99,70,64,1,1,1,0,1,0,0,1,0,0,1,1,0,0,1,0,Teacher
Science_PCM,84,74,,81,92,52,,,,,,,,0,0,0,0,1,1,1,0,0,0,0,0,0,1,0,1,Teacher
Science_PCB,75,55,81,93,64,,,,,,,,,0,1,1,1,0,0,1,0,0,0,1,0,0,0,0,1,Doctor
Science_PCM,61,74,,51,84,56,,,,,,,,0,0,1,1,0,1,1,0,1,0,1,1,1,0,1,1,Engineer
Science_PCB,65,57,75,89,53,,,,,,,,,0,0,1,1,1,0,0,1,0,0,1,1,0,1,1,1,Engineer
Commerce,,,,74,,96,61,54,83,,,,,1,1,1,1,0,1,1,1,0,1,0,0,1,1,1,0,Chartered Accountant
Commerce,,,,100,,66,77,78,72,,,,,0,0,0,1,0,0,0,0,1,0,1,0,1,1,1,1,Engineer
Commerce,,,,61,,76,62,76,63,,,,,0,0,1,0,1,0,0,1,0,1,1,1,1,1,0,0,Athlete
Science_PCM,55,61,,55,61,78,,,,,,,,1,1,1,1,0,0,0,1,0,0,0,0,0,1,0,1,Athlete
Science_PCM,63,75,,60,73,63,,,,,,,,1,0,0,1,1,0,1,1,1,1,1,0,0,1,0,1,Politician
Science_PCM,63,93,,93,97,67,,,,,,,,0,1,0,1,1,1,0,1,1,0,1,1,1,1,0,1,Software Developer
Science_PCM,56,79,,70,97,52,,,,,,,,1,0,0,0,1,1,0,1,1,0,0,0,1,0,0,0,Athlete
Commerce,,,,97,,66,90,59,78,,,,,1,0,1,0,1,0,0,0,0,1,1,1,0,0,0,1,Entrepreneur
Arts,,,,68,,,,,,54,87,80,67,1,0,1,1,1,0,1,1,0,1,1,1,0,0,1,0,Politician
Science_PCB,89,76,100,76,61,,,,,,,,,1,1,1,1,1,0,1,1,0,0,0,1,0,1,0,0,Politician
Commerce,,,,94,,81,73,75,86,,,,,1,1,1,0,1,0,1,0,0,1,1,0,1,0,0,1,Engineer
Arts,,,,58,,,,,,65,87,90,82,0,1,0,1,0,0,1,0,1,1,0,1,1,1,1,0,Artist
Arts,,,,91,,,,,,50,62,82,87,0,0,1,0,1,0,1,0,1,1,0,1,0,1,1,0,Chartered Accountant
Commerce,,,,95,,69,65,87,59,,,,,1,0,0,1,0,0,1,1,1,1,1,1,1,1,1,1,Entrepreneur
Commerce,,,,97,,90,68,75,88,,,,,1,0,0,1,0,0,1,1,1,0,0,1,0,1,1,1,Scientist
Science_PCB,62,63,95,55,91,,,,,,,,,0,0,1,1,0,0,0,1,0,0,1,1,1,0,0,0,Teacher
Arts,,,,73,,,,,,99,90,75,77,0,1,0,1,1,1,1,0,1,0,0,1,1,1,0,0,Athlete
Science_PCB,93,70,57,92,51,,,,,,,,,0,0,1,0,1,0,0,0,1,0,1,1,1,1,0,1,Chartered Accountant
Science_PCM,91,60,,52,75,74,,,,,,,,0,0,1,1,0,1,0,1,0,0,0,1,1,0,0,1,Scientist
Science_PCM,60,82,,60,99,96,,,,,,,,0,0,0,1,1,1,0,1,1,1,0,1,0,1,1,0,Politician
Commerce,,,,86,,67,50,98,83,,,,,0,0,0,0,0,0,1,1,1,0,1,0,1,0,1,0,Engineer
Science_PCM,53,79,,69,88,88,,,,,,,,0,1,0,0,1,1,0,0,1,1,0,1,1,0,0,1,Scientist
Science_PCB,69,58,65,92,76,,,,,,,,,0,0,1,1,1,1,1,1,1,1,1,1,0,1,0,1,Teacher
Science_PCM,60,55,,75,91,57,,,,,,,,0,1,0,0,1,0,1,0,0,1,1,0,1,1,1,1,Software Developer
Commerce,,,,93,,62,86,57,57,,,,,1,1,0,1,0,0,1,1,0,1,0,0,1,0,0,1,Doctor
Commerce,,,,54,,61,89,95,62,,,,,1,0,0,1,0,0,0,0,1,1,1,0,1,1,0,1,Chartered Accountant
Commerce,,,,51,,96,62,55,79,,,,,0,1,1,0,1,1,1,0,1,0,1,0,0,1,0,0,Chartered Accountant
Science_PCM,53,92,,74,85,82,,,,,,,,1,1,0,0,1,1,1,1,0,1,0,0,1,0,0,0,Engineer
Science_PCB,99,55,74,78,69,,,,,,,,,1,1,1,1,0,0,1,0,1,0,0,0,0,0,0,0,Entrepreneur
Arts,,,,82,,,,,,73,93,99,94,1,1,1,0,1,1,0,0,0,0,0,0,1,1,1,0,Politician
Science_PCB,60,73,60,98,89,,,,,,,,,1,1,0,0,0,1,1,1,0,1,1,1,1,0,1,0,Artist
Science_PCM,60,77,,71,65,99,,,,,,,,1,0,0,0,1,0,1,0,0,0,1,1,1,1,1,0,Scientist
Science_PCB,63,64,95,59,86,,,,,,,,,1,1,0,1,0,1,0,1,1,1,1,0,0,1,0,1,Teacher
Science_PCB,95,70,61,62,51,,,,,,,,,1,1,0,1,1,0,1,1,1,0,0,1,0,1,0,1,Engineer
Science_PCB,91,80,65,94,84,,,,,,,,,1,1,1,0,0,1,0,0,0,1,1,1,0,1,0,1,Scientist
Commerce,,,,73,,57,90,83,51,,,,,0,0,1,0,0,1,0,1,1,1,1,0,0,0,1,1,Entrepreneur
Arts,,,,84,,,,,,68,84,68,93,1,0,1,1,0,0,0,0,0,1,0,1,1,0,0,1,Entrepreneur
Arts,,,,75,,,,,,72,53,89,56,1,0,0,1,0,1,0,0,1,0,1,1,1,1,0,1,Scientist
Commerce,,,,82,,81,67,54,86,,,,,0,0,0,1,1,0,1,0,0,1,0,1,0,0,0,1,Artist
Science_PCB,56,67,80,66,64,,,,,,,,,1,1,1,0,0,0,1,0,1,0,0,0,1,1,0,1,Chartered Accountant
Arts,,,,92,,,,,,76,56,72,93,1,1,1,0,1,1,0,0,0,0,0,1,1,0,1,1,Doctor
Science_PCB,51,55,78,85,73,,,,,,,,,1,1,0,0,1,1,1,1,0,1,1,1,0,0,1,0,Artist
Commerce,,,,79,,56,72,61,82,,,,,0,0,1,1,0,0,1,0,1,0,1,0,1,0,0,0,Chartered Accountant
Science_PCB,74,83,78,98,75,,,,,,,,,0,0,1,1,0,1,1,0,0,0,1,0,0,0,0,0,Athlete
Commerce,,,,90,,53,94,100,90,,,,,0,1,1,1,1,1,1,1,1,0,1,1,1,0,1,0,Artist
Commerce,,,,59,,80,97,77,100,,,,,1,0,1,0,0,1,0,1,0,0,1,1,0,0,0,0,Teacher
Arts,,,,80,,,,,,81,71,87,73,0,0,1,0,0,0,1,1,1,1,0,1,0,0,1,0,Scientist
Commerce,,,,92,,96,95,86,88,,,,,1,1,0,0,0,0,1,0,0,1,0,0,1,1,0,0,Politician
Science_PCB,75,70,63,62,53,,,,,,,,,0,0,1,0,1,0,1,0,0,1,0,0,0,1,0,0,Teacher
Science_PCB,89,91,64,73,71,,,,,,,,,1,0,1,0,1,1,1,1,1,1,0,0,0,0,1,0,Athlete
Arts,,,,67,,,,,,87,85,51,77,0,1,0,1,1,1,0,0,0,1,0,0,0,0,1,1,Chartered Accountant
Science_PCM,84,85,,65,80,53,,,,,,,,0,0,0,0,1,0,1,0,1,0,0,1,1,1,0,1,Entrepreneur
Commerce,,,,53,,93,89,74,52,,,,,1,1,0,0,1,0,1,1,0,0,1,0,0,1,1,1,Doctor
Arts,,,,51,,,,,,97,64,100,83,0,0,0,0,0,1,0,1,1,0,0,1,0,0,1,0,Artist
Commerce,,,,66,,72,81,64,91,,,,,1,1,0,1,0,0,1,1,1,0,0,1,1,1,1,0,Teacher
Science_PCM,90,52,,91,64,73,,,,,,,,1,0,0,0,1,0,0,0,0,0,0,1,1,1,1,1,Scientist
Science_PCB,94,92,79,99,66,,,,,,,,,1,1,0,1,1,0,0,0,0,1,0,0,1,0,0,0,Engineer
Arts,,,,55,,,,,,85,76,52,64,1,0,0,1,0,0,1,0,1,0,0,0,1,0,1,1,Artist
Arts,,,,71,,,,,,83,72,83,54,1,0,1,0,1,0,0,0,1,1,0,0,0,0,0,0,Software Developer
Commerce,,,,99,,97,83,82,51,,,,,1,1,0,0,1,0,0,0,0,1,1,1,0,0,0,1,Politician
Science_PCM,79,91,,50,71,85,,,,,,,,1,1,1,1,0,1,0,1,0,0,1,1,0,0,1,1,Engineer
Science_PCB,80,66,86,77,90,,,,,,,,,1,1,1,1,1,1,1,0,1,1,1,0,0,1,1,1,Artist
Commerce,,,,50,,81,83,85,93,,,,,0,1,1,1,0,0,0,1,1,1,1,0,0,1,0,1,Scientist
Science_PCM,80,85,,63,92,61,,,,,,,,1,0,1,0,1,1,1,1,1,1,1,1,0,1,1,1,Doctor
Commerce,,,,83,,79,74,79,90,,,,,0,1,0,0,1,0,0,0,1,0,1,0,0,0,0,0,Athlete
Commerce,,,,86,,73,82,96,63,,,,,0,0,1,1,1,1,1,0,0,0,1,0,1,0,1,0,Entrepreneur
Arts,,,,58,,,,,,66,66,82,57,0,0,1,0,0,0,1,1,0,0,1,1,1,0,0,0,Athlete
Arts,,,,60,,,,,,100,90,53,66,1,0,0,0,1,1,1,1,1,0,0,1,1,0,0,0,Teacher
Science_PCB,96,84,65,79,53,,,,,,,,,1,1,0,0,1,1,1,1,0,1,1,1,0,1,0,0,Athlete
Commerce,,,,74,,63,81,100,65,,,,,0,1,1,0,1,1,1,0,0,1,1,0,1,0,0,1,Teacher
Arts,,,,76,,,,,,53,74,82,51,0,1,0,0,0,1,1,1,1,0,1,0,1,1,1,1,Politician
Science_PCM,77,64,,53,84,71,,,,,,,,1,1,1,1,0,1,0,0,1,1,1,0,0,1,0,0,Software Developer
Science_PCB,93,100,82,98,74,,,,,,,,,0,0,0,1,1,1,0,1,0,0,0,1,1,1,1,1,Engineer
Science_PCM,71,52,,62,84,85,,,,,,,,0,0,1,1,1,0,1,1,1,0,0,0,1,1,0,0,Chartered Accountant
Commerce,,,,99,,71,94,90,98,,,,,0,1,0,1,0,0,1,0,0,1,1,0,0,0,0,1,Artist
Science_PCM,97,85,,99,58,58,,,,,,,,0,0,1,0,0,0,1,1,0,0,0,0,0,1,1,0,Athlete
Commerce,,,,57,,87,67,95,79,,,,,1,1,1,0,0,1,0,1,0,1,0,0,0,1,0,1,Chartered Accountant
Arts,,,,90,,,,,,89,89,69,53,1,0,1,1,0,1,0,0,0,1,1,0,1,1,1,1,Chartered Accountant
Science_PCB,84,51,94,91,79,,,,,,,,,0,1,1,0,0,0,1,1,1,1,1,0,1,0,0,0,Entrepreneur
Arts,,,,92,,,,,,85,54,68,60,1,0,1,1,0,1,0,0,1,0,0,0,1,0,1,1,Software Developer
Science_PCB,79,95,99,70,98,,,,,,,,,1,0,1,0,0,1,1,0,1,1,1,0,1,0,1,0,Teacher
Science_PCB,54,52,71,70,68,,,,,,,,,0,0,0,0,1,1,0,1,1,1,1,1,1,1,0,1,Doctor
Commerce,,,,65,,52,87,57,67,,,,,1,1,0,1,1,1,1,0,1,1,1,1,1,1,0,0,Teacher
Science_PCB,98,93,50,53,58,,,,,,,,,1,0,1,0,1,0,1,1,1,0,0,1,0,1,1,0,Entrepreneur
Arts,,,,96,,,,,,60,56,60,78,1,0,1,1,1,0,1,0,0,1,0,0,0,0,0,0,Politician
Science_PCM,64,86,,77,78,60,,,,,,,,0,1,0,0,0,0,1,1,0,1,0,1,1,1,1,0,Politician
Science_PCB,97,50,94,76,97,,,,,,,,,1,0,1,0,0,1,1,1,1,0,1,0,0,0,0,0,Athlete
Science_PCB,81,98,92,78,51,,,,,,,,,1,0,1,0,1,0,0,0,1,0,0,0,0,0,1,1,Engineer
Arts,,,,71,,,,,,63,95,57,85,1,0,1,0,1,1,0,1,1,0,1,0,1,1,0,0,Entrepreneur
Science_PCM,100,57,,84,92,93,,,,,,,,0,0,0,1,0,0,1,1,1,0,0,0,1,0,0,0,Teacher
Science_PCB,75,62,92,86,61,,,,,,,,,1,0,0,0,0,1,0,0,0,0,1,1,0,0,0,0,Software Developer
Science_PCB,77,78,98,54,50,,,,,,,,,1,0,0,1,0,0,0,0,1,1,0,0,0,1,1,0,Scientist
Commerce,,,,100,,92,89,96,81,,,,,1,0,1,1,1,0,1,1,0,1,0,0,1,0,0,0,Teacher
Commerce,,,,76,,78,91,56,56,,,,,1,1,1,0,0,1,0,1,0,1,1,0,0,0,1,1,Artist
Science_PCM,72,100,,97,52,92,,,,,,,,1,0,1,0,1,0,0,1,1,0,0,0,0,0,1,1,Entrepreneur
Commerce,,,,100,,89,82,54,76,,,,,1,1,0,0,1,0,1,0,0,1,0,1,1,0,0,1,Engineer
Commerce,,,,76,,64,96,99,83,,,,,1,1,1,0,1,1,1,1,0,0,0,1,0,1,0,0,Athlete
Science_PCM,51,71,,81,56,77,,,,,,,,1,1,0,1,0,0,0,0,0,0,1,0,0,0,0,1,Doctor
Science_PCB,50,67,83,59,91,,,,,,,,,0,0,0,0,0,1,0,1,0,1,0,0,1,1,0,1,Artist
Arts,,,,76,,,,,,71,64,61,80,0,1,1,1,0,0,1,0,0,0,0,1,1,1,0,1,Doctor
Commerce,,,,99,,82,71,90,54,,,,,0,0,0,1,0,1,1,1,0,1,1,1,0,0,1,1,Software Developer
Science_PCB,99,57,90,81,71,,,,,,,,,1,0,1,0,0,0,0,1,1,1,1,0,1,1,0,0,Chartered Accountant
Arts,,,,83,,,,,,55,95,67,79,1,1,0,1,1,1,0,1,1,0,1,1,0,1,0,0,Artist
Arts,,,,82,,,,,,71,60,72,94,1,0,1,1,1,1,1,1,0,0,1,0,0,0,0,1,Engineer
Science_PCB,71,80,53,98,99,,,,,,,,,0,0,1,0,1,0,0,0,1,1,1,1,0,1,1,0,Scientist
Science_PCM,98,62,,67,88,57,,,,,,,,1,1,0,1,0,1,0,1,0,0,1,0,1,1,1,1,Engineer
Science_PCB,99,74,79,70,98,,,,,,,,,0,0,1,1,1,0,0,1,1,0,1,0,0,1,0,0,Engineer
Science_PCB,90,58,52,69,98,,,,,,,,,1,1,0,1,0,1,1,0,1,0,1,1,0,0,0,1,Entrepreneur
Science_PCB,72,59,85,89,90,,,,,,,,,1,0,1,0,0,1,0,1,1,1,1,1,0,1,0,1,Artist
Commerce,,,,76,,91,72,78,71,,,,,0,1,0,0,1,0,1,1,0,1,1,0,0,0,1,1,Entrepreneur
Science_PCM,50,82,,80,51,85,,,,,,,,0,0,0,0,1,1,0,1,1,0,1,1,0,1,1,1,Doctor
Arts,,,,51,,,,,,95,65,89,57,1,0,1,1,0,0,1,1,0,1,0,0,1,1,0,1,Chartered Accountant
Arts,,,,63,,,,,,91,73,69,80,0,1,1,0,1,1,1,0,0,1,1,1,0,0,0,0,Engineer
Science_PCM,86,87,,50,93,57,,,,,,,,0,1,1,1,1,0,0,0,0,1,1,0,1,1,1,0,Artist
Science_PCM,99,57,,65,50,100,,,,,,,,1,0,1,1,1,0,0,1,1,0,1,0,1,0,0,0,Artist
Science_PCM,90,69,,71,99,54,,,,,,,,1,0,1,1,0,0,1,0,0,1,0,0,0,0,0,0,Engineer
Science_PCM,50,58,,96,87,57,,,,,,,,0,1,0,0,0,0,1,0,1,0,0,0,0,0,1,1,Chartered Accountant
Science_PCM,70,79,,92,60,69,,,,,,,,1,1,1,1,1,1,1,0,1,1,0,1,1,0,0,1,Engineer
Arts,,,,85,,,,,,89,84,96,71,0,1,1,0,0,0,0,1,1,0,0,1,0,1,0,0,Teacher
Commerce,,,,89,,50,94,62,61,,,,,0,1,0,1,1,1,1,1,0,1,0,0,0,1,1,1,Engineer
Arts,,,,73,,,,,,57,100,90,71,1,0,0,0,0,1,0,0,0,0,0,0,0,0,1,0,Engineer
Commerce,,,,94,,96,60,95,100,,,,,0,1,1,1,0,1,1,1,1,1,1,1,1,1,0,1,Doctor
Science_PCB,95,53,68,53,99,,,,,,,,,1,1,1,0,0,1,0,1,1,0,1,1,1,0,1,1,Artist
Commerce,,,,55,,66,80,75,53,,,,,1,0,1,0,1,1,0,0,0,1,1,1,1,0,0,0,Software Developer
Science_PCM,67,66,,59,60,67,,,,,,,,1,1,1,1,0,1,1,1,1,0,0,0,0,0,1,0,Politician
Arts,,,,86,,,,,,55,71,89,89,0,0,0,0,1,0,1,1,0,0,1,1,0,1,0,1,Engineer
Science_PCM,72,66,,88,66,71,,,,,,,,1,0,0,1,1,1,0,0,1,1,0,0,1,0,0,0,Software Developer
Arts,,,,79,,,,,,54,58,70,73,0,1,1,0,0,0,0,1,1,1,0,1,0,1,0,0,Entrepreneur
Commerce,,,,78,,79,96,55,84,,,,,1,0,0,0,1,1,1,1,1,0,1,1,0,0,0,0,Artist
Arts,,,,65,,,,,,73,71,60,78,1,1,1,1,1,0,1,1,1,1,1,1,1,0,1,1,Athlete
Science_PCM,99,77,,68,54,59,,,,,,,,1,0,1,1,0,1,0,0,1,1,0,1,0,0,0,1,Athlete
Science_PCB,77,95,75,68,71,,,,,,,,,0,1,1,1,1,1,0,1,0,0,1,1,1,1,1,1,Scientist
Science_PCB,51,97,79,73,79,,,,,,,,,1,1,0,1,0,1,0,1,1,1,1,1,1,0,1,1,Chartered Accountant
Science_PCB,70,82,53,56,60,,,,,,,,,1,0,1,0,0,1,1,1,1,0,1,1,0,1,0,1,Athlete
Commerce,,,,93,,72,60,54,54,,,,,1,1,1,0,0,0,1,1,0,0,0,0,1,0,0,1,Entrepreneur
Arts,,,,81,,,,,,56,97,78,74,0,0,1,0,0,0,1,0,1,1,0,1,1,1,1,0,Athlete
Commerce,,,,96,,80,56,85,82,,,,,0,0,0,1,1,1,1,1,1,1,1,1,0,1,1,1,Scientist
Arts,,,,93,,,,,,95,50,94,59,0,0,1,1,1,1,0,1,0,1,0,0,0,1,0,1,Doctor
Arts,,,,61,,,,,,79,94,68,84,1,1,1,0,1,1,0,1,1,1,1,1,1,1,1,0,Entrepreneur
Science_PCB,59,100,51,73,85,,,,,,,,,1,1,0,0,0,0,0,1,1,0,1,0,1,0,0,0,Artist
Commerce,,,,55,,69,81,65,56,,,,,1,0,0,0,0,0,0,1,1,1,0,0,0,1,1,1,Software Developer
Commerce,,,,64,,81,96,98,65,,,,,0,0,1,0,1,1,0,0,0,0,0,1,0,1,1,0,Entrepreneur
Science_PCB,91,99,89,99,92,,,,,,,,,1,0,1,1,0,0,0,0,1,1,0,1,1,1,1,0,Athlete
Commerce,,,,53,,84,82,75,68,,,,,0,0,0,0,0,0,1,0,0,0,1,0,1,1,1,1,Software Developer
Science_PCB,71,84,99,62,96,,,,,,,,,0,1,0,1,1,0,1,0,1,0,1,1,1,1,1,1,Engineer
Commerce,,,,86,,55,90,80,50,,,,,1,1,1,0,0,0,0,0,0,1,1,0,0,1,0,1,Chartered Accountant
Science_PCM,97,73,,89,93,88,,,,,,,,1,1,0,1,1,0,0,0,0,1,0,0,0,1,0,0,Teacher
Commerce,,,,50,,54,58,57,74,,,,,1,1,1,1,0,0,0,0,0,1,0,0,0,1,1,0,Teacher
Science_PCB,92,99,64,99,73,,,,,,,,,0,1,1,0,0,0,0,1,0,1,0,1,1,0,0,0,Software Developer
Science_PCM,67,51,,75,75,62,,,,,,,,1,0,1,1,0,0,0,1,0,1,0,0,1,1,0,0,Entrepreneur
Science_PCM,93,72,,91,55,90,,,,,,,,0,1,0,0,0,0,0,1,0,0,0,0,1,1,1,0,Athlete
Science_PCM,65,68,,88,74,79,,,,,,,,1,1,1,1,0,0,1,0,0,1,1,1,1,0,0,1,Doctor
Arts,,,,91,,,,,,88,62,65,71,1,1,1,1,1,0,0,1,0,1,0,1,0,1,0,0,Artist
Science_PCM,84,97,,61,50,83,,,,,,,,1,0,0,1,1,1,0,0,1,1,0,0,0,1,0,0,Software Developer
Commerce,,,,88,,58,85,79,99,,,,,0,1,0,0,0,0,1,1,1,0,1,0,0,1,0,1,Doctor
Commerce,,,,69,,65,57,61,79,,,,,0,0,1,0,0,0,1,1,1,0,1,1,1,0,1,0,Doctor
Arts,,,,59,,,,,,94,67,93,73,0,1,0,1,1,0,0,1,0,1,1,0,0,0,0,1,Entrepreneur
Science_PCM,73,75,,76,91,57,,,,,,,,0,1,1,0,0,1,1,1,0,0,0,0,0,0,0,1,Politician
Commerce,,,,81,,86,63,90,89,,,,,1,0,1,1,0,0,1,0,1,1,0,0,0,1,0,1,Engineer
Arts,,,,74,,,,,,62,98,53,82,0,1,0,0,0,1,1,0,0,0,1,0,0,1,1,1,Teacher
Science_PCM,86,53,,90,83,73,,,,,,,,0,0,1,0,0,0,0,1,0,0,1,1,0,1,0,0,Entrepreneur
Arts,,,,98,,,,,,90,89,86,86,0,1,1,1,0,1,0,0,0,1,1,0,0,0,0,0,Teacher
Arts,,,,89,,,,,,88,59,62,97,1,1,1,0,0,1,1,1,1,1,0,0,0,0,1,1,Software Developer
Science_PCM,61,50,,61,57,63,,,,,,,,1,0,1,1,0,0,0,0,1,0,1,0,1,1,0,1,Software Developer
Commerce,,,,63,,97,61,75,88,,,,,1,0,1,0,0,1,1,0,1,0,1,1,0,1,0,1,Chartered Accountant
Arts,,,,83,,,,,,61,54,95,78,0,0,1,1,0,0,0,0,0,0,0,0,1,0,1,1,Scientist
Science_PCB,77,53,57,75,85,,,,,,,,,1,0,1,1,0,0,0,0,0,0,1,1,1,0,1,0,Engineer
Arts,,,,84,,,,,,69,97,93,80,0,1,1,1,1,1,1,1,1,0,0,1,1,0,1,0,Entrepreneur
Arts,,,,69,,,,,,76,74,64,82,1,0,1,1,0,0,0,0,0,0,1,0,1,0,0,1,Politician
Arts,,,,66,,,,,,62,69,81,58,1,0,0,1,0,1,1,0,1,0,1,1,1,0,1,1,Teacher
Commerce,,,,68,,92,98,96,55,,,,,1,0,0,0,1,0,0,0,0,0,1,0,0,1,1,1,Scientist
Commerce,,,,69,,72,50,88,76,,,,,0,0,1,0,1,0,1,0,0,0,1,0,0,0,1,1,Entrepreneur
Science_PCM,56,98,,89,79,71,,,,,,,,1,0,1,1,1,0,1,0,1,1,0,0,1,1,0,1,Artist
Arts,,,,91,,,,,,58,56,67,78,0,0,0,1,1,1,0,0,0,1,1,0,1,0,0,0,Chartered Accountant
Arts,,,,69,,,,,,60,71,61,64,0,1,0,1,0,0,0,0,1,1,0,1,0,0,1,0,Software Developer
Commerce,,,,60,,50,60,69,72,,,,,1,1,0,1,1,0,0,0,0,0,1,1,1,0,0,1,Politician
Commerce,,,,81,,89,92,97,61,,,,,0,0,1,0,1,1,0,0,1,0,0,0,0,1,1,1,Teacher
Arts,,,,58,,,,,,59,81,72,93,1,0,1,1,0,1,1,1,1,1,1,1,0,1,0,0,Doctor
Arts,,,,50,,,,,,70,55,87,61,0,1,0,1,1,0,1,0,0,0,0,0,1,1,0,0,Politician
Science_PCB,78,80,65,68,88,,,,,,,,,0,0,1,0,1,1,1,1,1,0,0,0,0,1,0,1,Software Developer
Science_PCM,80,80,,91,96,65,,,,,,,,1,0,1,0,1,0,0,1,1,1,1,0,1,1,0,0,Artist
Science_PCB,72,90,87,83,58,,,,,,,,,1,1,1,1,1,0,1,1,0,1,0,1,1,1,1,0,Artist
Arts,,,,63,,,,,,99,79,60,77,0,0,0,0,1,0,0,0,0,1,1,1,1,1,0,0,Software Developer
Arts,,,,90,,,,,,93,75,50,65,0,1,1,1,1,1,0,1,1,1,1,1,0,1,1,1,Engineer
Commerce,,,,99,,66,73,57,96,,,,,1,0,0,1,0,1,1,0,1,0,0,0,0,0,0,1,Chartered Accountant
Arts,,,,93,,,,,,80,96,82,83,0,0,0,0,0,1,1,1,1,0,0,1,1,0,1,0,Scientist
Commerce,,,,94,,100,80,79,59,,,,,1,0,1,0,0,1,0,0,0,1,0,0,1,1,1,0,Politician
Science_PCM,88,88,,94,82,86,,,,,,,,1,1,0,0,0,0,1,0,1,0,1,1,1,0,1,0,Engineer
Commerce,,,,64,,55,93,57,77,,,,,0,0,0,1,0,1,1,0,0,0,1,0,1,0,0,1,Software Developer
Arts,,,,86,,,,,,100,99,88,91,1,0,1,0,1,0,1,0,1,1,0,1,1,1,0,1,Politician
Arts,,,,98,,,,,,92,88,66,51,1,0,1,0,0,0,0,0,0,1,0,1,1,1,0,1,Artist
Commerce,,,,50,,77,80,71,65,,,,,1,0,1,0,0,1,0,1,0,0,0,1,0,0,0,0,Teacher
Science_PCB,60,84,73,64,57,,,,,,,,,1,0,1,1,0,1,0,0,1,1,0,1,0,0,0,0,Politician
Commerce,,,,100,,54,89,79,71,,,,,0,1,0,1,1,0,1,1,1,1,1,1,0,1,1,1,Athlete
Science_PCB,69,95,83,99,54,,,,,,,,,0,1,0,0,1,1,1,1,0,1,0,0,1,1,0,0,Artist
Science_PCB,68,89,51,83,57,,,,,,,,,1,0,1,1,0,1,0,1,0,0,0,0,0,0,1,1,Entrepreneur
Science_PCM,81,88,,50,65,91,,,,,,,,0,1,1,0,1,0,0,0,0,1,1,1,0,0,1,0,Chartered Accountant
Commerce,,,,70,,75,78,50,91,,,,,1,1,1,1,0,0,1,0,0,0,0,1,0,0,1,0,Entrepreneur
Science_PCB,98,96,84,96,59,,,,,,,,,0,1,0,1,0,0,1,0,0,0,1,0,0,0,1,1,Chartered Accountant
Science_PCM,57,89,,82,99,72,,,,,,,,0,0,1,0,1,0,1,0,1,1,0,1,0,1,0,0,Engineer
Arts,,,,81,,,,,,82,66,64,53,1,1,0,1,0,1,1,1,1,0,0,0,0,1,1,0,Athlete
Arts,,,,52,,,,,,97,71,65,53,0,1,1,0,1,0,1,0,1,1,0,1,0,1,0,0,Scientist
Science_PCM,66,96,,86,69,80,,,,,,,,1,0,0,1,0,1,0,0,1,1,1,0,0,0,0,0,Software Developer
Arts,,,,77,,,,,,97,52,75,55,1,0,0,0,1,1,1,1,0,0,1,0,0,0,1,1,Software Developer
Commerce,,,,81,,71,56,94,82,,,,,0,0,0,0,1,0,0,1,1,0,0,0,0,0,0,0,Politician
Science_PCM,96,73,,84,100,92,,,,,,,,0,1,0,0,0,0,1,0,0,1,1,0,1,0,0,1,Scientist
Science_PCM,96,94,,75,56,76,,,,,,,,0,0,1,0,1,1,0,0,0,1,0,0,1,1,1,1,Politician
Commerce,,,,80,,56,96,50,64,,,,,1,0,1,1,1,0,1,0,0,1,1,1,1,1,1,0,Artist
Science_PCM,79,58,,79,89,63,,,,,,,,1,1,1,1,1,0,0,1,1,1,1,1,1,0,0,1,Doctor
Science_PCB,80,64,89,53,97,,,,,,,,,0,1,0,0,0,1,0,0,1,0,1,0,1,0,1,1,Teacher
Commerce,,,,60,,83,52,92,96,,,,,1,0,0,0,0,0,1,0,1,0,0,0,0,1,0,0,Software Developer
Arts,,,,70,,,,,,96,76,76,75,1,0,1,0,0,0,1,1,0,0,0,1,1,0,0,1,Software Developer
Arts,,,,53,,,,,,78,97,60,71,0,1,1,0,1,1,1,0,1,1,0,0,0,0,0,0,Politician
Commerce,,,,51,,57,72,93,50,,,,,1,1,1,1,1,0,1,0,0,1,0,0,1,1,0,0,Chartered Accountant
Science_PCB,73,55,75,56,68,,,,,,,,,0,0,1,0,0,0,1,1,1,1,1,1,0,1,0,0,Engineer
Science_PCB,70,53,92,78,82,,,,,,,,,0,0,0,1,1,0,1,0,0,0,0,1,0,0,1,0,Politician
Science_PCB,60,50,56,68,55,,,,,,,,,0,1,1,1,1,1,0,0,1,1,1,0,0,0,0,0,Software Developer
Commerce,,,,62,,84,65,55,62,,,,,1,1,1,0,1,1,0,1,0,1,0,0,1,0,0,1,Entrepreneur
Science_PCB,74,58,65,89,94,,,,,,,,,1,0,1,1,1,0,1,0,0,1,0,0,0,0,1,1,Entrepreneur
Arts,,,,66,,,,,,94,77,66,52,1,1,0,1,1,1,1,0,0,0,1,1,1,1,1,0,Engineer
Science_PCM,60,86,,57,93,100,,,,,,,,1,0,1,1,1,0,1,1,0,1,1,0,1,1,1,0,Scientist
Science_PCB,57,66,52,77,78,,,,,,,,,0,0,0,0,0,1,1,1,1,0,0,1,1,1,1,1,Scientist
Arts,,,,97,,,,,,57,76,82,50,1,1,0,0,0,0,1,0,0,1,1,0,0,1,1,1,Entrepreneur
Arts,,,,81,,,,,,81,73,98,74,1,0,1,0,1,1,1,1,0,0,1,1,1,1,1,0,Chartered Accountant
Arts,,,,83,,,,,,50,71,79,50,0,0,1,0,1,0,1,1,0,0,1,0,0,0,0,0,Scientist
Commerce,,,,91,,97,85,58,76,,,,,0,1,0,1,0,1,0,0,0,1,0,1,0,1,0,0,Politician
Science_PCM,61,90,,87,81,79,,,,,,,,0,1,0,0,1,1,0,1,1,0,0,0,1,1,0,1,Athlete
Science_PCB,79,89,85,84,85,,,,,,,,,1,1,0,1,1,1,0,1,0,0,0,0,1,0,0,1,Scientist
Science_PCB,76,56,75,50,72,,,,,,,,,0,1,1,1,0,0,0,0,1,0,0,0,0,0,1,0,Teacher
Science_PCM,74,60,,76,70,89,,,,,,,,0,1,1,0,0,1,1,0,0,0,1,1,1,1,1,0,Scientist
Science_PCM,83,77,,97,59,88,,,,,,,,1,1,1,1,1,0,0,1,0,0,1,0,1,1,0,0,Doctor
Science_PCB,74,50,68,70,52,,,,,,,,,1,0,1,0,0,1,0,1,0,1,1,0,0,0,0,0,Engineer
Science_PCB,100,100,56,68,50,,,,,,,,,1,0,0,0,0,0,0,1,1,1,1,1,1,0,1,1,Entrepreneur
Arts,,,,57,,,,,,58,76,50,97,1,1,1,0,1,0,0,0,0,0,0,1,0,0,0,0,Entrepreneur
Science_PCM,56,88,,65,79,89,,,,,,,,1,0,1,0,0,1,0,0,0,0,0,1,0,0,1,0,Software Developer
Commerce,,,,65,,76,96,71,85,,,,,0,0,1,1,1,1,0,0,1,1,1,0,0,0,1,1,Artist
Science_PCB,61,62,64,80,58,,,,,,,,,0,0,0,0,1,0,1,1,1,1,1,0,1,1,0,1,Entrepreneur
Commerce,,,,93,,61,68,73,69,,,,,0,0,0,1,1,1,1,1,1,0,0,1,0,1,0,1,Chartered Accountant
Science_PCM,61,54,,98,87,87,,,,,,,,1,1,0,0,0,0,0,0,1,1,0,1,0,0,0,1,Politician
Commerce,,,,55,,90,83,97,98,,,,,0,0,0,0,1,0,1,1,1,0,0,1,1,1,1,1,Politician
Science_PCB,85,65,93,89,55,,,,,,,,,1,0,1,0,0,1,1,1,1,0,0,1,0,0,1,0,Scientist
Science_PCB,75,89,50,99,99,,,,,,,,,0,0,0,1,1,1,0,0,0,0,1,1,1,0,1,1,Entrepreneur
Science_PCM,68,54,,50,66,69,,,,,,,,1,0,1,0,0,1,1,1,1,1,0,0,1,1,0,1,Doctor
Science_PCB,92,82,66,89,98,,,,,,,,,1,1,0,0,0,1,0,1,1,1,0,0,0,0,1,1,Politician
Arts,,,,58,,,,,,82,83,96,80,0,1,1,0,0,1,1,0,0,1,1,1,0,1,0,1,Doctor
Commerce,,,,51,,63,88,85,91,,,,,1,0,0,0,0,0,0,1,1,1,0,1,0,0,1,0,Teacher
Commerce,,,,63,,84,90,89,90,,,,,0,0,1,1,0,1,1,0,1,1,1,0,1,1,1,0,Entrepreneur
Science_PCB,74,52,63,62,92,,,,,,,,,0,0,0,0,0,1,0,0,1,0,1,1,0,1,0,0,Engineer
Science_PCB,74,86,72,71,80,,,,,,,,,0,1,1,1,1,1,0,0,1,1,0,1,0,1,0,1,Entrepreneur
Science_PCM,54,55,,61,79,69,,,,,,,,1,0,0,0,0,0,0,1,1,0,1,0,1,0,1,1,Doctor
Commerce,,,,55,,80,64,54,50,,,,,1,0,1,1,1,0,1,0,1,1,1,0,0,0,1,0,Doctor
Science_PCM,83,91,,91,92,57,,,,,,,,0,0,0,0,1,1,0,0,0,0,1,0,0,0,1,0,Teacher
Arts,,,,59,,,,,,86,62,71,77,0,0,0,0,1,0,1,1,0,1,1,1,0,0,1,0,Politician
Commerce,,,,54,,100,85,90,61,,,,,1,1,1,0,0,1,0,1,0,0,0,0,0,1,0,0,Athlete
Commerce,,,,70,,97,55,74,86,,,,,1,1,0,0,0,0,0,1,1,1,0,1,1,0,1,0,Politician
Science_PCM,96,89,,83,97,97,,,,,,,,0,1,0,1,1,0,1,1,0,1,1,0,1,0,1,1,Scientist
Arts,,,,53,,,,,,85,81,77,79,0,0,0,1,0,1,1,1,0,0,0,0,1,0,1,1,Scientist
Arts,,,,68,,,,,,76,57,86,98,0,1,0,0,0,0,1,1,0,0,1,1,0,1,1,0,Doctor
Science_PCB,77,61,76,85,76,,,,,,,,,1,1,1,0,1,1,0,0,0,0,1,0,0,1,1,1,Software Developer
Commerce,,,,72,,92,61,88,91,,,,,0,1,0,0,0,0,0,0,1,0,0,0,1,0,1,1,Doctor
Arts,,,,88,,,,,,70,58,93,82,0,0,1,1,0,0,0,1,0,1,1,1,1,0,1,1,Software Developer
Science_PCB,65,96,55,93,75,,,,,,,,,1,1,1,1,0,1,0,1,0,0,1,1,1,1,0,1,Software Developer
Science_PCB,60,50,65,82,74,,,,,,,,,1,0,0,0,0,1,1,1,0,1,0,0,0,1,0,0,Entrepreneur
Commerce,,,,95,,60,71,81,72,,,,,1,0,0,1,1,1,0,0,0,1,0,1,1,0,1,1,Engineer
Science_PCB,96,61,57,67,79,,,,,,,,,1,0,1,1,1,0,1,1,1,1,1,1,0,1,1,1,Politician
Science_PCB,60,70,77,70,85,,,,,,,,,1,0,0,0,0,0,1,1,1,0,1,0,0,1,0,0,Engineer
Commerce,,,,91,,83,84,73,66,,,,,1,0,0,1,1,1,0,1,0,0,0,0,1,0,1,1,Politician
Commerce,,,,61,,79,64,72,73,,,,,1,0,0,1,0,1,1,0,0,0,0,0,0,1,1,0,Chartered Accountant
Science_PCB,74,88,79,57,65,,,,,,,,,1,1,1,0,1,0,0,1,1,0,1,0,1,1,0,0,Engineer
Arts,,,,83,,,,,,89,90,93,94,0,1,0,0,0,1,0,0,1,1,1,1,0,0,1,1,Teacher
Arts,,,,99,,,,,,81,67,68,53,0,0,1,1,0,0,1,1,0,1,0,0,1,1,1,1,Teacher
Science_PCM,61,81,,78,86,71,,,,,,,,0,1,1,0,0,1,1,0,0,1,1,0,0,1,0,1,Doctor
Science_PCM,83,83,,56,72,58,,,,,,,,0,1,1,1,0,1,1,1,0,1,0,0,1,1,0,1,Artist
Arts,,,,78,,,,,,50,53,74,84,0,1,0,1,0,1,0,0,0,1,0,1,0,1,0,0,Scientist
Arts,,,,55,,,,,,53,80,76,56,1,0,1,0,1,1,1,1,0,0,1,1,1,1,1,1,Entrepreneur
Science_PCM,58,82,,81,56,78,,,,,,,,1,1,0,0,1,0,1,1,1,0,1,0,1,0,1,1,Chartered Accountant
Commerce,,,,95,,70,74,60,91,,,,,1,1,0,1,0,1,1,0,1,1,0,0,1,0,0,1,Teacher
Science_PCM,70,67,,63,70,78,,,,,,,,0,0,1,1,0,1,0,0,1,1,0,1,0,0,0,0,Software Developer
Science_PCM,87,81,,58,50,53,,,,,,,,1,0,0,1,1,0,0,0,1,1,0,1,0,1,1,0,Artist
Arts,,,,67,,,,,,65,51,54,68,0,1,1,0,0,0,1,0,0,0,1,1,1,1,1,1,Teacher
Science_PCB,95,71,69,55,100,,,,,,,,,0,0,0,0,0,0,0,0,0,0,0,1,0,0,1,0,Entrepreneur
Science_PCM,96,91,,66,82,76,,,,,,,,0,1,0,0,0,0,1,0,1,0,0,1,1,1,0,0,Athlete
Science_PCB,90,76,71,99,52,,,,,,,,,0,0,1,1,1,1,1,1,1,1,1,0,1,0,1,1,Chartered Accountant
Arts,,,,87,,,,,,67,78,82,77,1,1,1,1,0,0,0,1,0,0,0,0,0,0,1,0,Doctor
Arts,,,,80,,,,,,94,72,94,67,1,1,1,0,1,0,1,1,1,1,0,0,1,0,0,1,Politician
Science_PCM,88,64,,65,82,96,,,,,,,,1,0,1,1,0,1,1,0,0,1,1,1,1,1,1,0,Software Developer
Arts,,,,73,,,,,,58,67,87,72,0,1,1,0,0,0,0,0,1,1,1,0,0,0,1,1,Software Developer
Commerce,,,,90,,78,54,80,86,,,,,0,0,0,1,1,1,1,0,0,0,0,0,1,1,0,0,Chartered Accountant
Commerce,,,,73,,50,96,57,67,,,,,0,0,1,1,0,1,0,1,1,1,0,1,0,1,0,0,Teacher
Science_PCM,54,89,,58,58,72,,,,,,,,1,0,1,1,1,0,0,1,0,1,0,1,1,1,0,0,Politician
Science_PCM,65,94,,63,82,86,,,,,,,,0,1,0,0,1,1,1,1,0,1,0,1,1,1,1,1,Politician
Arts,,,,70,,,,,,86,83,92,67,1,1,0,1,0,1,1,1,0,0,0,1,1,1,0,0,Teacher
Science_PCB,75,100,83,60,61,,,,,,,,,1,0,1,1,0,1,0,0,0,0,0,1,0,0,1,0,Doctor
Science_PCB,89,58,77,56,84,,,,,,,,,1,1,0,1,1,0,1,1,1,1,0,0,1,0,1,0,Software Developer
Arts,,,,93,,,,,,76,69,72,54,0,0,1,1,1,0,1,1,0,1,0,0,0,0,0,1,Artist
Science_PCB,55,66,95,68,99,,,,,,,,,1,1,1,1,1,0,0,1,1,1,0,0,1,0,1,1,Artist
Science_PCM,89,68,,71,66,65,,,,,,,,1,0,1,1,0,0,1,0,1,0,0,0,1,1,1,0,Teacher
Science_PCB,61,98,53,58,59,,,,,,,,,0,1,0,1,1,1,0,1,0,1,0,0,0,1,0,0,Software Developer
Science_PCM,98,50,,67,79,51,,,,,,,,1,1,0,1,0,0,0,1,0,1,1,0,0,0,1,0,Entrepreneur
Science_PCM,91,74,,88,88,58,,,,,,,,1,1,0,0,0,1,1,1,0,1,0,1,0,0,0,1,Teacher
Science_PCB,54,99,93,51,91,,,,,,,,,1,1,1,0,1,1,1,1,0,0,1,1,1,1,1,1,Teacher
Science_PCB,65,96,52,89,91,,,,,,,,,0,1,1,1,1,0,1,1,0,1,1,0,1,1,0,0,Scientist
Science_PCB,89,78,59,81,75,,,,,,,,,0,1,0,0,1,0,1,1,1,1,0,1,1,1,0,1,Politician
Science_PCM,52,97,,68,60,78,,,,,,,,0,1,0,0,0,1,0,1,0,1,1,0,1,1,1,0,Teacher
Science_PCM,62,80,,92,88,90,,,,,,,,1,0,1,0,1,0,1,1,1,0,0,0,1,1,0,1,Politician
Commerce,,,,96,,94,77,86,69,,,,,1,1,0,0,1,1,1,0,1,1,1,1,0,1,0,1,Teacher
Science_PCM,83,68,,76,96,61,,,,,,,,1,1,1,0,1,0,0,0,1,0,1,0,1,1,0,0,Entrepreneur
Science_PCM,75,82,,70,56,53,,,,,,,,1,0,0,1,1,0,1,1,0,0,1,0,1,0,0,0,Politician
Commerce,,,,84,,86,54,94,95,,,,,0,1,0,0,1,1,0,0,1,0,1,1,1,1,1,0,Doctor
Commerce,,,,58,,87,79,51,73,,,,,1,0,1,1,1,0,1,0,0,1,0,0,1,0,1,0,Teacher
Arts,,,,83,,,,,,77,94,89,52,0,1,1,0,1,1,1,0,0,0,0,0,1,1,0,0,Artist
Arts,,,,80,,,,,,62,86,78,79,1,1,1,0,0,1,1,0,0,0,0,1,1,0,0,1,Scientist
Arts,,,,92,,,,,,71,96,99,56,1,0,1,0,0,1,0,1,1,0,0,1,0,0,0,1,Entrepreneur
Science_PCM,80,82,,88,56,99,,,,,,,,0,0,0,0,0,1,1,0,0,1,1,0,1,1,0,1,Engineer
Commerce,,,,97,,78,93,68,90,,,,,0,1,1,1,1,0,1,1,1,0,1,1,1,1,0,0,Chartered Accountant
Science_PCB,67,84,82,76,97,,,,,,,,,0,0,1,1,1,0,0,1,0,1,1,1,0,0,0,0,Entrepreneur
Commerce,,,,92,,52,67,99,71,,,,,1,0,0,0,1,0,1,0,1,1,1,0,1,0,0,1,Doctor
Commerce,,,,57,,60,94,87,81,,,,,0,1,0,0,0,1,0,0,0,1,1,1,0,1,1,1,Engineer
Science_PCM,70,72,,65,82,80,,,,,,,,1,1,1,0,0,0,0,0,1,1,0,0,0,1,0,1,Engineer
Arts,,,,67,,,,,,79,53,71,94,0,1,0,1,0,1,0,1,0,1,1,1,0,1,0,0,Politician
Commerce,,,,85,,79,66,65,76,,,,,0,1,1,1,0,0,0,0,1,1,0,0,0,1,0,0,Doctor
Commerce,,,,65,,73,91,67,72,,,,,0,0,1,0,0,1,1,1,1,1,1,0,1,1,0,0,Engineer
Science_PCB,82,81,78,58,93,,,,,,,,,1,0,1,0,1,0,1,0,0,1,1,1,0,0,0,1,Scientist
Commerce,,,,68,,61,89,71,64,,,,,1,1,0,0,0,1,0,1,1,1,1,1,0,1,0,0,Scientist
Science_PCM,89,79,,85,85,67,,,,,,,,1,1,0,1,0,1,1,0,1,0,1,0,1,1,0,0,Software Developer
Science_PCB,96,57,58,78,72,,,,,,,,,1,1,1,1,1,0,0,1,1,0,0,1,1,0,1,0,Teacher
Science_PCB,62,61,62,87,51,,,,,,,,,1,1,0,1,0,1,0,0,1,1,1,1,1,1,1,0,Teacher
Arts,,,,81,,,,,,74,100,86,81,0,1,1,0,0,1,0,1,1,1,1,0,0,0,1,1,Chartered Accountant
Commerce,,,,94,,95,59,99,59,,,,,0,1,0,0,0,0,1,0,0,1,0,0,1,0,1,1,Politician
Commerce,,,,68,,100,81,96,59,,,,,0,0,1,0,1,1,1,0,0,0,1,0,1,1,1,1,Chartered Accountant
Arts,,,,76,,,,,,61,92,69,99,1,0,1,1,0,0,0,1,1,1,1,1,0,1,1,1,Entrepreneur
Science_PCB,51,52,78,63,90,,,,,,,,,1,0,0,0,0,1,1,0,0,1,0,0,1,1,0,0,Software Developer
Science_PCB,83,70,84,58,88,,,,,,,,,1,0,0,0,1,0,0,1,0,1,1,1,1,1,1,0,Scientist
Arts,,,,59,,,,,,81,78,94,65,1,1,0,1,0,1,1,0,0,1,0,1,1,1,0,0,Chartered Accountant
Commerce,,,,99,,94,82,73,76,,,,,1,0,1,0,0,0,0,0,0,0,0,0,1,0,1,0,Software Developer
Commerce,,,,84,,83,51,57,60,,,,,1,0,1,1,0,0,0,1,1,0,0,0,1,1,1,0,Engineer
Arts,,,,74,,,,,,68,58,57,80,1,0,0,0,1,0,0,0,0,0,0,1,1,0,0,1,Software Developer
Commerce,,,,68,,60,93,71,67,,,,,0,1,1,1,1,0,0,0,1,0,1,0,1,0,1,0,Teacher
Arts,,,,71,,,,,,63,56,90,54,0,0,0,1,1,0,1,1,1,0,0,0,0,1,1,1,Chartered Accountant
Science_PCM,67,73,,96,79,73,,,,,,,,1,0,1,0,1,1,0,0,0,0,0,1,0,0,0,1,Athlete
Science_PCM,57,86,,52,62,86,,,,,,,,1,0,1,1,0,0,1,1,0,1,1,1,1,1,0,1,Athlete
Arts,,,,76,,,,,,73,95,87,81,1,1,0,1,1,1,0,1,1,1,1,0,0,1,1,0,Teacher
Arts,,,,50,,,,,,75,96,51,69,0,0,0,1,1,1,1,1,1,0,1,0,1,0,1,0,Doctor
Arts,,,,93,,,,,,90,86,58,87,1,0,0,1,1,0,0,1,0,1,1,1,0,0,0,0,Politician
Science_PCB,51,66,94,95,66,,,,,,,,,1,1,0,0,0,0,0,1,0,1,1,1,0,1,1,1,Athlete
Arts,,,,83,,,,,,61,83,83,93,1,1,1,1,0,0,1,0,1,1,1,1,0,0,1,1,Politician
Science_PCM,52,75,,58,90,60,,,,,,,,0,0,0,0,1,1,1,0,1,0,1,1,0,1,0,0,Artist
Science_PCM,83,52,,70,71,95,,,,,,,,1,0,1,1,0,0,1,0,1,1,1,1,0,0,1,1,Engineer
Arts,,,,52,,,,,,55,88,59,89,0,1,1,0,0,0,0,1,1,0,0,0,1,1,1,1,Doctor
Science_PCB,63,72,83,62,91,,,,,,,,,1,0,0,0,1,0,1,1,0,0,1,0,0,0,1,0,Athlete
Science_PCM,69,81,,99,57,51,,,,,,,,0,0,0,1,0,1,0,1,0,0,0,1,0,0,1,1,Artist
Arts,,,,72,,,,,,60,82,83,52,1,0,0,0,0,1,1,0,1,0,0,1,1,0,1,0,Chartered Accountant
Science_PCB,54,73,80,96,72,,,,,,,,,0,1,0,0,1,1,1,1,0,0,0,0,0,0,0,1,Teacher
Science_PCM,93,73,,57,76,74,,,,,,,,0,0,0,0,0,1,1,0,1,1,1,0,0,0,0,0,Software Developer
Arts,,,,93,,,,,,57,76,74,88,0,0,0,1,0,0,1,0,1,0,1,0,0,0,1,0,Doctor
Commerce,,,,55,,83,89,82,77,,,,,1,1,1,1,0,0,0,0,1,1,0,0,0,0,0,0,Entrepreneur
Commerce,,,,100,,67,70,62,88,,,,,0,0,0,0,1,0,1,0,0,0,0,1,0,0,1,1,Engineer
Science_PCM,75,70,,73,80,58,,,,,,,,0,0,0,0,0,0,1,1,1,1,0,1,1,1,0,0,Politician
Commerce,,,,94,,71,69,82,64,,,,,1,0,0,0,0,0,1,1,1,0,0,1,0,0,0,1,Politician
Science_PCB,51,95,98,91,88,,,,,,,,,0,0,0,1,1,1,0,1,0,1,1,0,1,1,0,0,Software Developer
Commerce,,,,77,,71,59,54,86,,,,,1,0,0,1,1,0,0,1,1,0,1,1,1,1,1,1,Artist
Science_PCM,74,55,,93,91,97,,,,,,,,0,1,0,1,0,0,0,0,0,0,1,1,0,1,0,1,Scientist
Science_PCB,100,86,60,85,91,,,,,,,,,1,1,0,0,0,1,1,0,1,1,0,0,0,0,1,1,Politician
Science_PCB,98,59,74,92,70,,,,,,,,,0,1,0,1,1,0,1,0,0,1,0,1,0,1,0,1,Athlete
Science_PCM,92,94,,91,93,57,,,,,,,,0,0,1,1,1,0,0,0,1,1,0,0,0,0,0,0,Entrepreneur
Commerce,,,,67,,86,80,95,84,,,,,0,1,0,1,1,1,0,0,0,0,0,0,1,0,0,1,Doctor
Science_PCM,88,54,,84,93,74,,,,,,,,1,1,0,0,1,1,0,1,0,1,0,0,0,1,0,1,Politician
Commerce,,,,89,,95,81,94,84,,,,,0,1,0,1,1,0,1,0,0,0,0,1,1,0,1,0,Scientist
Science_PCB,72,56,70,79,82,,,,,,,,,0,1,1,1,1,1,0,1,0,1,1,0,1,1,0,0,Artist
Commerce,,,,62,,78,69,69,85,,,,,1,0,0,0,1,1,0,1,1,1,1,0,1,0,1,1,Athlete
Commerce,,,,80,,92,92,72,68,,,,,1,1,1,0,0,0,0,0,1,0,1,1,0,1,0,1,Scientist
Science_PCB,68,70,72,97,62,,,,,,,,,0,0,1,1,1,0,1,1,0,1,1,0,0,0,0,1,Entrepreneur
Science_PCM,91,81,,59,71,53,,,,,,,,0,1,0,0,0,1,0,0,0,0,0,0,0,0,0,0,Politician
Commerce,,,,83,,76,100,52,65,,,,,0,0,0,0,0,1,0,1,1,0,1,0,0,0,1,1,Doctor
Commerce,,,,65,,85,53,99,85,,,,,0,0,0,0,0,0,1,1,0,0,1,0,1,0,1,1,Scientist
Science_PCB,77,99,86,86,66,,,,,,,,,1,1,1,0,0,0,1,0,0,1,1,0,0,0,0,1,Software Developer
Commerce,,,,57,,100,56,96,83,,,,,0,0,1,0,0,1,1,0,0,1,0,1,0,0,0,1,Software Developer
Science_PCB,61,60,100,93,76,,,,,,,,,0,1,0,0,1,0,1,0,0,0,0,0,1,1,0,0,Entrepreneur
Science_PCB,83,85,58,68,60,,,,,,,,,1,1,0,0,0,0,0,0,1,1,1,0,0,1,0,1,Athlete
Science_PCB,74,84,73,62,67,,,,,,,,,0,1,1,0,0,0,1,1,0,0,1,1,0,0,0,0,Artist
Science_PCM,83,81,,67,88,91,,,,,,,,1,0,0,0,0,0,0,1,0,0,0,0,0,1,1,0,Athlete
Commerce,,,,62,,99,88,51,68,,,,,1,0,0,1,1,1,1,1,1,1,1,0,1,1,0,1,Software Developer
Commerce,,,,74,,75,95,83,91,,,,,1,0,0,1,0,1,1,0,1,0,1,1,0,0,0,1,Doctor
Commerce,,,,67,,69,86,60,52,,,,,1,1,0,0,1,0,1,1,0,1,1,1,0,1,1,1,Entrepreneur
Science_PCB,97,98,75,94,94,,,,,,,,,0,1,1,1,0,0,0,1,0,1,0,0,1,0,1,0,Scientist
Commerce,,,,67,,61,90,82,62,,,,,0,1,1,0,1,0,1,1,0,1,1,1,1,1,0,0,Scientist
Science_PCM,99,66,,97,61,61,,,,,,,,0,0,1,1,0,1,1,0,1,1,1,0,0,1,1,0,Artist
Commerce,,,,82,,89,79,52,70,,,,,0,0,0,1,1,0,0,1,0,0,0,1,0,1,0,0,Doctor
Commerce,,,,54,,99,83,81,76,,,,,0,0,1,0,0,0,1,1,1,0,1,1,0,0,1,0,Teacher
Arts,,,,66,,,,,,82,51,89,81,0,1,1,1,1,1,1,0,1,1,1,1,0,0,1,1,Scientist
Science_PCM,61,55,,57,95,82,,,,,,,,0,1,1,0,0,1,1,1,1,0,1,1,1,1,1,0,Entrepreneur
Science_PCB,91,82,66,66,59,,,,,,,,,1,0,0,1,0,1,0,0,0,1,0,1,0,0,0,1,Chartered Accountant
Science_PCM,66,64,,98,61,97,,,,,,,,1,1,1,0,0,0,1,0,1,1,0,0,0,0,0,1,Politician
Arts,,,,98,,,,,,65,74,94,63,1,0,0,1,0,0,1,0,0,0,0,0,1,0,0,1,Teacher
Arts,,,,98,,,,,,66,75,62,96,0,1,1,1,1,0,0,0,0,0,1,1,0,1,1,1,Teacher
Commerce,,,,88,,74,86,86,85,,,,,1,0,1,1,1,1,0,1,0,1,0,0,0,0,0,0,Chartered Accountant
Science_PCB,85,87,95,80,77,,,,,,,,,0,0,1,0,0,0,0,0,1,0,0,0,1,0,1,1,Software Developer
Commerce,,,,99,,94,77,98,73,,,,,0,0,0,0,1,0,1,0,0,1,1,1,0,0,1,0,Chartered Accountant
Arts,,,,82,,,,,,66,76,50,76,0,0,0,1,1,0,1,1,1,0,0,0,1,0,1,1,Artist
Science_PCM,82,67,,90,60,66,,,,,,,,1,0,0,0,0,1,0,1,1,0,0,0,1,1,1,0,Artist
Science_PCB,77,51,81,55,91,,,,,,,,,0,0,0,1,1,0,1,1,0,1,0,0,0,0,1,0,Politician
Arts,,,,72,,,,,,84,95,80,95,0,1,0,0,0,0,0,0,1,1,1,0,0,1,1,0,Politician
Commerce,,,,85,,90,67,91,62,,,,,0,0,1,1,1,0,1,1,1,1,1,1,1,1,0,1,Scientist
Commerce,,,,88,,53,88,82,88,,,,,0,1,1,0,0,0,0,0,0,0,0,0,1,1,1,0,Politician
Science_PCM,80,60,,87,60,59,,,,,,,,0,1,0,1,0,1,1,0,0,0,1,0,1,1,0,1,Entrepreneur
Arts,,,,77,,,,,,99,69,66,68,0,0,0,1,0,0,0,0,0,1,0,1,1,0,1,0,Chartered Accountant
Commerce,,,,75,,84,81,83,53,,,,,1,1,0,0,1,1,1,1,0,1,1,0,1,0,1,1,Software Developer
Science_PCB,83,54,97,72,86,,,,,,,,,1,1,0,0,0,1,1,1,1,1,0,0,1,1,0,0,Scientist
Science_PCM,66,77,,66,90,91,,,,,,,,1,0,1,0,0,0,1,0,1,0,0,1,0,1,1,0,Entrepreneur
Commerce,,,,71,,52,90,86,93,,,,,0,0,0,1,1,0,0,0,0,0,0,0,0,0,1,1,Politician
Arts,,,,75,,,,,,87,70,72,83,1,0,1,1,0,0,1,1,1,0,1,0,1,1,1,1,Doctor
Commerce,,,,80,,58,53,58,67,,,,,0,0,0,1,1,1,0,0,0,1,1,0,1,1,1,1,Engineer
Science_PCM,94,77,,93,80,96,,,,,,,,0,0,0,1,0,0,1,0,0,0,1,0,0,0,0,1,Doctor
Commerce,,,,64,,62,81,83,65,,,,,0,0,1,1,1,0,1,1,1,1,1,1,0,1,1,1,Scientist
Arts,,,,82,,,,,,91,59,64,62,1,0,1,0,0,1,0,0,1,0,0,0,0,0,0,0,Scientist
Arts,,,,72,,,,,,57,67,83,83,0,1,0,0,0,0,0,1,0,0,1,1,1,1,0,1,Athlete
Science_PCM,100,51,,94,84,98,,,,,,,,1,0,1,0,0,0,0,0,0,1,0,0,1,0,1,0,Chartered Accountant
Commerce,,,,95,,52,52,80,75,,,,,0,1,1,0,1,0,1,0,0,1,0,1,1,1,0,0,Artist
Science_PCM,97,67,,75,59,53,,,,,,,,1,0,0,1,0,1,1,1,1,0,0,0,1,1,1,0,Engineer
Science_PCB,57,90,53,87,88,,,,,,,,,1,0,1,1,0,0,1,0,1,1,0,0,1,1,0,1,Scientist
Science_PCM,68,84,,77,92,52,,,,,,,,1,0,0,1,0,0,0,0,0,1,0,0,1,0,1,1,Engineer
Commerce,,,,93,,81,85,85,76,,,,,0,1,1,0,0,1,0,1,0,1,0,0,1,0,1,0,Software Developer
Commerce,,,,56,,55,89,70,57,,,,,1,0,0,1,0,0,1,1,0,1,0,1,1,0,0,1,Artist
Arts,,,,74,,,,,,99,62,61,97,1,1,1,0,1,1,0,1,1,0,0,1,1,1,0,1,Athlete
Arts,,,,59,,,,,,63,71,50,77,0,1,0,0,0,0,0,1,0,0,0,0,1,1,0,0,Chartered Accountant
Science_PCB,99,66,72,59,65,,,,,,,,,0,0,0,1,0,1,0,1,0,1,1,0,1,1,0,1,Artist
Arts,,,,52,,,,,,83,86,99,75,1,1,1,1,0,1,0,0,0,1,1,1,1,1,0,0,Entrepreneur
Science_PCM,99,71,,94,50,50,,,,,,,,1,0,1,1,1,0,1,0,1,0,1,1,1,0,1,1,Chartered Accountant
Science_PCM,69,85,,89,73,55,,,,,,,,1,1,0,1,0,0,0,1,0,1,1,1,0,1,1,0,Artist
Commerce,,,,51,,64,86,75,93,,,,,1,0,0,0,1,0,0,1,1,0,0,1,0,1,0,0,Athlete
Commerce,,,,94,,81,77,90,51,,,,,0,0,0,0,1,0,1,1,0,1,1,0,0,1,1,0,Entrepreneur
Science_PCM,89,92,,52,89,94,,,,,,,,1,1,1,0,1,1,1,1,1,1,0,0,0,0,0,1,Software Developer
Arts,,,,81,,,,,,52,82,61,86,0,1,1,1,0,1,1,1,0,1,0,1,0,0,0,0,Scientist
Science_PCB,62,77,55,70,100,,,,,,,,,0,1,1,1,1,1,1,0,1,0,1,1,0,1,0,0,Scientist
Science_PCM,92,98,,92,86,79,,,,,,,,0,0,0,0,0,1,1,1,1,1,1,1,0,1,0,1,Engineer
Arts,,,,90,,,,,,51,58,59,82,0,1,0,0,0,1,1,0,1,0,1,0,1,0,0,1,Software Developer
Arts,,,,81,,,,,,54,92,52,86,0,0,1,1,0,1,1,1,0,1,0,1,1,0,1,0,Engineer
Commerce,,,,74,,91,82,81,66,,,,,0,1,0,0,1,0,0,0,1,0,1,1,1,0,1,0,Teacher
Commerce,,,,94,,61,53,52,61,,,,,1,0,0,1,1,1,0,1,0,1,0,0,0,0,0,1,Scientist
Science_PCM,55,84,,96,63,70,,,,,,,,1,1,0,0,0,0,1,1,1,0,1,0,0,1,1,1,Athlete
Science_PCM,90,86,,95,63,62,,,,,,,,0,0,0,0,1,0,1,0,0,0,1,0,0,0,0,0,Politician
Commerce,,,,60,,93,85,66,94,,,,,0,0,1,1,0,0,1,0,0,1,1,1,0,0,1,1,Entrepreneur
Commerce,,,,55,,78,76,82,58,,,,,0,1,1,1,1,1,0,1,1,0,1,1,1,0,0,0,Scientist
Science_PCB,64,61,78,96,52,,,,,,,,,0,0,0,0,0,1,1,1,0,0,0,1,0,0,0,1,Politician
Science_PCB,57,55,94,93,70,,,,,,,,,0,0,0,1,1,0,0,1,0,0,0,0,1,1,0,1,Doctor
Commerce,,,,78,,81,100,82,50,,,,,1,0,0,0,1,1,1,1,0,0,0,1,0,1,1,1,Software Developer
Commerce,,,,60,,63,95,97,92,,,,,0,0,0,0,0,1,0,0,1,0,0,0,0,0,0,0,Engineer
Science_PCB,59,93,91,89,79,,,,,,,,,1,0,1,0,0,0,1,0,0,0,1,1,1,0,0,1,Artist
Commerce,,,,90,,72,89,56,60,,,,,1,0,0,0,1,0,1,0,0,1,0,1,0,1,0,1,Athlete
Arts,,,,79,,,,,,58,97,92,73,0,1,0,1,0,1,0,1,0,0,0,1,0,1,1,0,Doctor
Arts,,,,61,,,,,,82,86,57,86,1,1,0,0,0,1,1,1,1,1,1,0,1,0,0,0,Scientist
Science_PCB,100,71,53,58,82,,,,,,,,,0,0,1,1,1,0,1,0,0,0,1,1,1,0,0,1,Politician
Science_PCB,76,86,59,83,73,,,,,,,,,1,0,1,0,0,1,1,1,1,0,1,1,0,1,1,0,Doctor
Arts,,,,62,,,,,,54,58,61,87,0,1,1,0,0,1,1,1,0,1,1,1,0,1,0,1,Software Developer
Commerce,,,,72,,83,83,88,55,,,,,0,1,0,1,1,0,0,0,0,1,1,0,0,0,1,0,Engineer
Science_PCB,86,69,70,89,73,,,,,,,,,0,1,0,1,0,1,0,1,0,0,1,0,0,0,0,0,Entrepreneur
Science_PCM,68,92,,57,77,76,,,,,,,,0,0,0,1,0,1,1,0,0,1,0,0,0,0,1,0,Scientist
Commerce,,,,94,,76,60,61,62,,,,,1,0,0,1,1,0,1,1,1,1,1,0,0,0,1,0,Chartered Accountant
Arts,,,,65,,,,,,58,79,71,65,0,1,1,1,1,0,0,1,1,1,1,0,1,0,0,0,Software Developer
Commerce,,,,84,,59,57,64,69,,,,,0,0,1,0,0,0,0,1,1,1,1,0,0,1,0,0,Athlete
Science_PCM,50,67,,78,69,69,,,,,,,,1,1,1,1,1,0,1,1,1,0,1,0,1,1,0,0,Software Developer
Commerce,,,,84,,54,72,67,63,,,,,0,1,0,1,1,1,1,0,1,0,0,1,1,0,0,0,Engineer
Commerce,,,,96,,80,68,66,86,,,,,1,0,1,0,1,1,0,1,1,1,1,1,1,1,1,0,Doctor
Science_PCB,66,68,54,74,79,,,,,,,,,0,1,1,0,0,1,1,0,0,0,0,0,0,1,0,1,Politician
Arts,,,,83,,,,,,60,60,86,96,0,0,0,1,0,0,0,1,1,0,1,1,0,1,0,1,Doctor
Arts,,,,74,,,,,,71,81,62,76,1,0,0,1,0,1,0,0,0,0,0,1,1,1,0,1,Entrepreneur
Science_PCM,54,87,,69,87,57,,,,,,,,1,0,0,0,1,1,1,1,0,0,1,0,0,1,0,1,Politician
Commerce,,,,86,,63,65,50,80,,,,,1,0,0,1,1,0,0,1,0,1,0,0,0,1,0,1,Entrepreneur
Science_PCM,94,70,,50,71,100,,,,,,,,0,0,0,0,1,1,0,0,0,0,0,1,0,1,0,0,Artist
Commerce,,,,75,,53,86,59,79,,,,,0,0,1,0,1,0,0,1,1,1,0,1,1,0,1,0,Artist
Science_PCM,97,93,,98,61,71,,,,,,,,0,0,1,1,1,0,1,0,1,0,1,1,0,0,1,1,Engineer
Arts,,,,69,,,,,,50,65,63,64,0,1,1,0,1,0,1,1,1,0,0,1,0,1,0,0,Politician
Science_PCB,93,88,67,78,96,,,,,,,,,1,1,1,0,0,0,0,1,1,1,0,0,0,1,1,1,Artist
Science_PCB,88,82,73,56,99,,,,,,,,,0,0,1,0,1,1,0,0,0,0,1,0,1,1,0,1,Politician
Science_PCM,52,56,,54,74,81,,,,,,,,1,1,0,1,0,0,1,0,0,0,0,1,0,0,1,0,Politician
Science_PCB,76,92,76,93,80,,,,,,,,,0,0,1,1,1,0,0,0,1,1,0,0,1,1,0,0,Engineer
Science_PCB,53,68,63,84,63,,,,,,,,,1,0,1,1,0,1,0,0,1,0,1,1,0,1,0,0,Teacher
Science_PCB,71,52,62,73,90,,,,,,,,,1,0,0,1,0,0,0,1,0,0,1,1,1,1,0,0,Engineer
Commerce,,,,51,,76,69,66,50,,,,,0,1,1,0,0,1,1,0,1,0,0,1,1,0,1,0,Engineer
Commerce,,,,91,,92,94,78,51,,,,,0,1,1,1,0,0,1,0,1,1,1,1,0,0,1,1,Artist
Arts,,,,91,,,,,,95,98,89,52,1,1,1,1,0,1,1,1,0,1,0,0,1,1,0,1,Politician
Science_PCM,52,65,,53,83,94,,,,,,,,1,0,0,1,1,1,1,0,0,0,0,1,1,1,1,1,Entrepreneur
Arts,,,,63,,,,,,94,90,59,89,1,1,1,1,0,0,0,1,0,1,0,1,1,0,0,1,Doctor
Science_PCM,88,59,,100,89,84,,,,,,,,1,1,1,0,0,1,1,0,0,0,1,1,0,1,1,1,Chartered Accountant
Commerce,,,,71,,94,81,94,81,,,,,1,1,0,1,0,1,0,0,0,1,1,1,1,1,0,0,Engineer
Arts,,,,74,,,,,,62,85,89,50,1,0,1,0,0,0,1,0,0,1,1,1,1,0,1,0,Scientist
Science_PCM,96,64,,75,88,61,,,,,,,,1,0,1,0,1,1,1,1,0,0,1,0,0,0,1,0,Athlete
Arts,,,,52,,,,,,89,100,94,64,1,1,0,0,1,0,0,1,1,0,1,1,1,1,0,0,Teacher
Arts,,,,51,,,,,,73,78,70,52,1,1,1,1,1,1,1,1,1,1,1,1,1,0,1,0,Chartered Accountant
Science_PCB,53,87,93,84,59,,,,,,,,,1,1,1,1,0,0,0,1,0,0,1,1,1,0,1,1,Teacher
Science_PCM,89,73,,74,98,83,,,,,,,,0,0,0,0,0,0,0,0,1,1,0,1,1,1,0,0,Engineer
Science_PCB,87,60,78,53,78,,,,,,,,,0,1,1,0,0,0,0,1,1,0,1,0,1,1,1,1,Chartered Accountant
Science_PCM,64,66,,92,75,69,,,,,,,,0,1,1,0,0,1,0,0,1,1,1,0,1,1,0,0,Politician
Science_PCB,72,55,50,52,65,,,,,,,,,1,1,0,0,1,1,1,0,0,1,1,0,1,1,1,0,Politician
Science_PCM,70,92,,52,80,98,,,,,,,,0,1,1,0,1,1,0,1,0,1,0,1,0,0,1,0,Scientist
Arts,,,,85,,,,,,88,80,50,92,0,0,0,1,1,0,1,0,0,1,1,0,0,0,0,0,Software Developer
Commerce,,,,75,,98,63,53,59,,,,,1,0,0,1,0,0,0,0,0,0,1,0,1,1,1,0,Athlete
Arts,,,,50,,,,,,51,97,73,67,1,0,0,1,1,0,0,1,1,1,0,1,1,0,0,0,Doctor
Arts,,,,64,,,,,,65,62,51,62,0,0,0,0,1,1,0,1,1,0,1,1,1,1,0,0,Software Developer
Science_PCM,71,65,,52,88,82,,,,,,,,0,1,0,1,0,1,1,1,1,1,1,0,1,0,1,1,Artist
Commerce,,,,82,,87,86,62,94,,,,,1,0,0,0,1,1,1,1,0,1,0,1,1,1,0,1,Teacher
Commerce,,,,76,,57,98,83,68,,,,,1,0,1,0,0,0,1,0,0,1,0,0,1,0,0,0,Athlete
Science_PCB,62,75,52,84,60,,,,,,,,,0,1,1,1,1,1,0,1,0,1,1,0,1,0,1,1,Politician
Science_PCM,67,80,,61,79,81,,,,,,,,0,1,1,0,0,1,1,0,1,0,1,1,0,1,0,0,Politician
Science_PCM,95,56,,74,93,89,,,,,,,,1,1,1,1,0,1,0,0,1,1,1,0,0,1,0,1,Politician
Science_PCB,73,59,91,95,83,,,,,,,,,0,1,0,1,0,1,1,1,0,1,1,0,1,0,0,1,Teacher
Commerce,,,,88,,52,56,93,57,,,,,0,1,1,0,1,0,1,0,0,1,0,0,1,1,0,1,Scientist
Arts,,,,78,,,,,,59,68,58,95,0,0,1,1,1,0,1,0,1,0,1,0,0,0,1,1,Teacher
Science_PCB,75,74,76,94,66,,,,,,,,,0,1,1,0,1,0,0,1,1,1,0,1,1,1,0,1,Teacher
Science_PCM,88,63,,74,95,71,,,,,,,,1,0,1,0,1,1,1,0,0,1,0,0,1,1,0,0,Teacher
Science_PCM,94,59,,66,96,75,,,,,,,,0,0,1,1,1,0,1,1,1,1,1,1,0,0,0,0,Athlete
Commerce,,,,51,,91,89,94,100,,,,,0,1,0,1,0,0,1,0,1,1,0,0,1,1,0,1,Teacher
Arts,,,,92,,,,,,86,99,63,83,0,0,1,1,1,0,1,1,0,1,0,0,0,1,1,1,Doctor
Science_PCM,91,54,,79,56,88,,,,,,,,0,0,0,0,0,0,1,1,0,0,1,0,1,1,1,0,Doctor
Science_PCM,86,77,,72,80,52,,,,,,,,1,1,0,0,0,1,1,0,1,0,0,1,0,1,0,0,Engineer
Science_PCB,81,66,61,89,92,,,,,,,,,0,0,0,0,0,0,0,1,0,1,1,1,1,0,1,1,Engineer
Science_PCB,98,97,95,80,54,,,,,,,,,1,0,1,1,1,0,1,1,1,1,1,0,0,1,1,0,Doctor
Arts,,,,58,,,,,,79,89,76,56,0,0,0,1,1,1,1,0,1,0,0,1,0,1,1,1,Entrepreneur
Science_PCM,84,52,,91,86,88,,,,,,,,1,1,1,1,0,0,0,0,0,1,1,0,0,0,1,0,Teacher
Science_PCB,74,60,90,83,79,,,,,,,,,0,0,1,0,1,0,1,0,1,0,1,0,1,1,0,0,Scientist
Commerce,,,,76,,73,92,50,98,,,,,0,0,0,1,0,0,1,1,0,1,1,0,0,0,0,0,Politician
Commerce,,,,73,,86,92,67,56,,,,,0,1,0,0,0,0,1,0,1,0,1,1,0,1,1,0,Chartered Accountant
Science_PCM,98,50,,84,100,76,,,,,,,,0,1,0,0,1,1,0,1,1,0,0,1,1,0,1,1,Athlete
Science_PCM,68,72,,88,67,76,,,,,,,,1,1,0,1,0,1,1,1,0,1,0,0,1,1,0,1,Chartered Accountant
Arts,,,,90,,,,,,82,54,84,57,0,1,0,0,1,0,0,0,1,0,1,1,0,0,0,1,Politician
Science_PCM,62,84,,72,79,90,,,,,,,,1,1,0,0,1,1,0,1,1,1,1,1,1,1,1,0,Engineer
Commerce,,,,93,,62,98,62,75,,,,,1,1,1,1,1,1,1,1,0,1,1,1,1,0,1,0,Artist
Science_PCM,51,96,,61,71,93,,,,,,,,1,1,0,0,1,0,0,1,0,0,1,1,0,1,0,1,Entrepreneur
Science_PCM,61,74,,95,92,99,,,,,,,,1,1,0,0,0,0,0,0,0,0,1,1,1,1,0,1,Engineer
Arts,,,,69,,,,,,62,69,88,95,0,1,1,0,1,1,1,1,0,0,1,0,1,1,1,1,Chartered Accountant
Science_PCB,73,56,51,70,51,,,,,,,,,1,1,1,0,1,1,0,1,1,0,1,0,0,1,1,0,Athlete
Science_PCB,57,72,94,54,64,,,,,,,,,0,1,1,0,0,1,0,0,1,0,1,0,0,0,1,1,Artist
Arts,,,,60,,,,,,60,79,97,73,0,0,0,1,1,0,0,0,0,1,0,0,0,1,0,1,Athlete
Commerce,,,,57,,69,99,73,99,,,,,1,0,0,0,0,1,0,1,1,0,0,1,1,0,1,0,Scientist
Science_PCB,98,93,96,60,83,,,,,,,,,1,1,0,0,1,1,0,0,0,0,0,1,1,1,0,1,Athlete
Commerce,,,,86,,57,72,74,60,,,,,1,0,0,1,1,0,1,0,1,0,1,1,0,1,1,0,Teacher
Science_PCM,81,72,,59,85,71,,,,,,,,0,1,0,0,1,1,1,0,0,0,1,0,0,1,1,1,Chartered Accountant
Commerce,,,,86,,74,91,61,56,,,,,0,0,1,1,1,0,1,0,0,0,0,1,0,0,1,0,Software Developer
Science_PCB,97,67,62,76,67,,,,,,,,,1,1,1,1,1,0,0,1,0,0,1,0,0,1,0,1,Teacher
Commerce,,,,54,,74,100,83,74,,,,,0,1,1,1,1,1,1,0,0,1,0,0,0,1,1,0,Athlete
Science_PCM,74,69,,51,89,84,,,,,,,,1,0,0,0,1,0,1,1,1,0,0,0,1,0,1,1,Scientist
Science_PCB,84,83,67,61,83,,,,,,,,,1,1,1,0,1,1,0,0,1,0,1,0,0,0,1,0,Chartered Accountant
Arts,,,,52,,,,,,51,99,79,92,1,1,0,0,0,1,0,0,1,0,1,1,1,1,1,0,Entrepreneur
Science_PCM,63,81,,68,99,83,,,,,,,,0,0,0,1,1,0,1,0,1,1,1,1,1,0,1,0,Chartered Accountant
Science_PCM,51,83,,83,80,71,,,,,,,,1,1,1,0,0,1,0,0,1,1,0,1,1,1,1,1,Scientist
Arts,,,,71,,,,,,69,56,89,70,1,1,1,0,0,0,1,1,1,1,0,1,1,0,0,0,Artist
Science_PCM,68,97,,57,86,51,,,,,,,,0,1,0,1,0,1,1,1,1,0,0,0,1,1,0,1,Doctor
Commerce,,,,99,,94,89,90,83,,,,,1,0,0,1,1,0,1,1,1,0,0,0,1,0,1,1,Politician
Arts,,,,66,,,,,,79,92,72,65,0,1,1,1,1,0,1,1,0,1,1,0,0,1,1,1,Engineer
Arts,,,,96,,,,,,50,55,97,61,1,1,0,1,0,0,0,0,0,0,0,1,0,0,0,1,Athlete
Science_PCB,61,54,57,82,82,,,,,,,,,0,0,0,1,0,0,1,1,0,1,1,1,1,1,1,1,Athlete
Arts,,,,80,,,,,,79,67,51,88,0,0,0,1,0,1,1,1,1,0,0,1,0,1,0,1,Engineer
Science_PCM,69,82,,85,84,84,,,,,,,,1,1,0,0,0,1,1,0,0,0,0,1,0,1,1,0,Teacher
Science_PCB,87,68,93,52,55,,,,,,,,,1,0,0,0,1,1,1,1,1,1,1,1,0,0,0,0,Politician
Science_PCB,91,52,91,93,55,,,,,,,,,0,1,1,0,1,0,0,0,0,1,1,1,0,1,1,1,Athlete
Commerce,,,,61,,71,86,53,65,,,,,0,1,1,0,0,0,0,1,1,0,0,0,0,0,1,0,Entrepreneur
Science_PCB,78,50,60,86,99,,,,,,,,,0,1,1,0,1,1,1,1,1,0,1,0,0,0,0,0,Politician
Science_PCM,78,90,,55,69,57,,,,,,,,1,1,0,0,0,0,0,1,1,0,1,0,1,1,1,1,Software Developer
Arts,,,,91,,,,,,77,71,77,86,0,0,0,0,1,0,0,0,1,1,0,1,0,1,0,0,Engineer
Science_PCM,65,61,,89,65,76,,,,,,,,0,1,0,0,0,0,0,0,0,0,0,0,1,1,0,0,Software Developer
Science_PCB,56,82,50,86,91,,,,,,,,,1,1,0,0,1,0,0,0,1,1,1,0,1,0,0,0,Politician
Science_PCM,78,72,,51,86,88,,,,,,,,0,0,0,0,0,0,1,0,1,0,0,0,1,1,1,0,Scientist
Science_PCB,57,98,69,57,96,,,,,,,,,1,0,0,0,0,1,0,0,0,1,0,0,0,1,1,0,Politician
Commerce,,,,82,,86,80,85,95,,,,,0,0,1,1,1,1,1,1,1,0,1,1,0,1,0,1,Artist
Science_PCM,52,55,,52,56,62,,,,,,,,0,0,0,0,0,0,1,0,1,0,0,0,0,0,1,1,Teacher
Commerce,,,,86,,71,54,69,61,,,,,1,1,1,0,0,1,0,1,1,0,0,1,0,1,0,0,Artist
Arts,,,,52,,,,,,99,65,72,55,1,1,1,0,0,0,0,1,1,0,0,1,1,0,1,0,Teacher
Commerce,,,,91,,95,92,98,77,,,,,1,0,0,1,0,0,0,1,0,1,1,0,1,1,0,0,Software Developer
Arts,,,,91,,,,,,77,78,87,88,1,1,1,1,1,0,1,0,1,0,1,0,1,1,1,1,Doctor
Science_PCB,72,72,61,77,76,,,,,,,,,0,1,0,1,1,1,1,1,1,1,0,1,1,0,0,0,Teacher
Arts,,,,90,,,,,,72,90,64,90,0,0,0,1,1,1,1,1,0,0,0,1,1,0,0,0,Teacher
Arts,,,,70,,,,,,63,75,81,84,0,1,1,0,1,1,0,0,1,1,0,0,1,1,1,1,Politician
Science_PCM,84,80,,62,78,66,,,,,,,,0,1,1,1,1,0,0,1,0,0,1,1,1,0,0,1,Athlete
Science_PCM,72,80,,82,67,71,,,,,,,,1,1,1,0,1,1,0,1,0,1,0,1,1,1,0,0,Athlete
Science_PCB,90,77,94,77,50,,,,,,,,,0,1,1,0,0,0,1,0,0,1,1,0,1,1,0,1,Artist
Science_PCM,87,96,,68,55,81,,,,,,,,1,0,1,1,0,0,1,1,0,1,1,1,1,0,0,0,Teacher
Commerce,,,,63,,63,82,94,84,,,,,1,1,0,0,0,1,0,0,1,0,1,1,0,0,0,1,Chartered Accountant
Arts,,,,96,,,,,,77,73,89,69,1,1,0,0,1,0,0,1,1,1,0,0,0,0,0,1,Teacher
Science_PCM,52,95,,99,83,73,,,,,,,,0,1,0,0,1,1,1,0,0,0,0,0,0,0,0,1,Teacher
Science_PCB,98,94,52,80,71,,,,,,,,,0,0,0,1,1,1,0,0,0,0,1,0,0,1,1,0,Artist
Science_PCB,62,76,69,62,96,,,,,,,,,1,0,1,0,0,1,0,1,1,1,1,1,1,0,0,1,Doctor
Science_PCB,62,98,80,78,59,,,,,,,,,1,0,1,1,0,1,0,1,0,1,1,0,1,0,0,1,Software Developer
Arts,,,,77,,,,,,88,83,81,62,1,0,0,1,0,1,0,0,1,0,0,1,0,1,1,1,Software Developer
Commerce,,,,100,,53,86,92,76,,,,,0,1,0,1,1,0,0,1,1,1,1,0,0,1,0,1,Artist
Arts,,,,91,,,,,,58,76,70,72,0,0,1,1,0,1,0,0,0,1,0,0,0,1,0,0,Artist
Science_PCB,87,53,68,53,67,,,,,,,,,0,0,1,1,0,0,0,0,1,1,1,1,0,1,0,0,Politician
Commerce,,,,96,,55,65,59,66,,,,,1,1,0,1,0,0,1,0,0,0,0,0,0,0,0,1,Chartered Accountant
Arts,,,,59,,,,,,85,51,73,98,1,0,1,0,0,0,1,0,0,1,1,1,1,0,0,0,Politician
Science_PCM,54,69,,65,68,82,,,,,,,,0,1,0,0,1,1,1,0,0,0,0,1,1,1,1,0,Artist
Arts,,,,77,,,,,,57,69,60,71,0,1,1,0,0,1,1,1,0,1,0,0,0,0,0,0,Doctor
Science_PCB,60,79,57,85,60,,,,,,,,,0,1,1,1,0,1,0,1,1,1,0,0,0,0,0,0,Athlete
Science_PCM,65,86,,74,60,85,,,,,,,,1,1,0,0,0,0,0,0,0,0,0,0,1,1,1,0,Engineer
Science_PCM,62,85,,99,52,61,,,,,,,,1,1,1,0,1,0,1,1,0,1,1,1,0,0,1,1,Entrepreneur
Science_PCB,87,51,66,70,66,,,,,,,,,0,0,0,1,0,0,1,1,0,1,0,0,0,0,0,0,Artist
Arts,,,,88,,,,,,95,90,63,62,1,0,0,1,0,1,0,1,1,0,0,0,1,1,1,0,Software Developer
Arts,,,,75,,,,,,77,51,87,62,1,0,0,0,0,0,1,1,0,0,1,0,0,1,0,1,Scientist
Commerce,,,,77,,74,54,57,54,,,,,1,0,1,0,1,1,1,1,1,1,0,1,0,0,1,0,Scientist
Arts,,,,81,,,,,,79,87,94,73,1,1,1,1,1,1,1,0,1,0,0,0,1,0,0,1,Teacher
Science_PCM,63,65,,100,88,95,,,,,,,,1,1,0,0,1,1,1,1,0,1,0,1,1,0,0,0,Teacher
Arts,,,,63,,,,,,62,85,53,62,0,0,0,1,1,0,1,1,0,1,0,0,0,1,1,1,Teacher
Commerce,,,,94,,60,86,50,87,,,,,1,0,0,1,0,0,0,1,1,0,1,1,0,0,1,0,Doctor
Commerce,,,,78,,51,79,94,76,,,,,0,1,0,0,1,0,1,0,1,1,0,1,0,0,1,1,Engineer
Science_PCM,92,78,,84,95,80,,,,,,,,0,1,0,0,0,1,1,0,1,0,0,1,0,0,0,0,Scientist
Science_PCB,88,66,68,61,83,,,,,,,,,0,1,1,0,0,0,0,1,0,1,0,0,1,1,1,0,Entrepreneur
Science_PCB,65,96,72,79,71,,,,,,,,,1,0,1,1,1,1,1,1,1,1,1,1,0,1,0,1,Doctor
Science_PCM,89,51,,93,96,84,,,,,,,,1,1,0,0,1,0,0,1,0,0,0,1,0,0,0,1,Athlete
Arts,,,,51,,,,,,84,74,77,69,1,0,0,1,0,1,0,1,1,1,0,0,0,1,1,1,Doctor
Arts,,,,69,,,,,,60,58,90,99,1,1,0,0,0,0,0,1,0,0,0,0,0,0,1,0,Athlete
Science_PCM,58,50,,67,100,82,,,,,,,,1,1,0,1,0,1,1,0,0,0,0,0,0,1,0,0,Teacher
Arts,,,,84,,,,,,53,65,66,56,0,1,1,0,1,0,1,1,0,0,0,1,1,0,1,0,Artist
Science_PCM,87,77,,83,96,61,,,,,,,,0,1,0,0,1,0,1,1,1,0,1,1,1,1,0,0,Entrepreneur
Arts,,,,88,,,,,,91,70,57,97,0,1,0,1,1,1,0,1,1,0,1,1,0,0,1,1,Doctor
Science_PCB,66,66,59,80,67,,,,,,,,,0,0,0,0,0,0,1,1,1,1,0,1,1,0,0,1,Teacher
Commerce,,,,73,,75,92,84,61,,,,,1,1,0,1,0,1,1,1,1,1,0,0,0,1,1,0,Artist
Science_PCM,100,89,,54,80,76,,,,,,,,1,0,1,1,1,1,0,0,0,0,0,1,1,0,0,1,Athlete
Arts,,,,96,,,,,,60,78,64,65,1,0,1,1,1,0,0,1,1,1,1,0,0,0,0,1,Teacher
Science_PCB,66,89,60,84,56,,,,,,,,,0,1,0,1,0,0,0,1,1,0,0,0,0,1,0,0,Entrepreneur
Arts,,,,52,,,,,,92,86,85,71,0,1,0,0,0,1,1,0,1,1,1,1,1,1,0,1,Engineer
Science_PCB,60,95,64,82,89,,,,,,,,,0,0,0,1,0,0,0,1,0,1,1,1,0,0,0,1,Politician
Science_PCB,99,79,67,90,87,,,,,,,,,0,0,1,0,1,0,0,1,0,0,1,0,0,0,0,1,Athlete
Arts,,,,61,,,,,,74,56,69,84,0,1,1,1,0,0,0,0,0,1,1,1,1,1,0,1,Politician
Arts,,,,79,,,,,,80,84,88,63,1,1,0,1,1,1,0,0,0,0,0,1,1,0,0,1,Artist
Science_PCM,53,86,,89,94,62,,,,,,,,0,1,0,0,0,0,0,0,1,0,0,1,0,1,1,1,Teacher
Science_PCM,64,88,,100,58,51,,,,,,,,0,1,0,1,0,1,0,1,0,1,1,1,0,0,1,0,Entrepreneur
Arts,,,,52,,,,,,64,64,83,71,1,0,1,1,1,1,1,1,0,1,1,1,0,1,0,1,Doctor
Science_PCB,81,90,53,60,63,,,,,,,,,1,1,0,1,0,1,0,0,0,0,0,1,0,0,0,0,Chartered Accountant
Commerce,,,,76,,76,57,73,81,,,,,0,0,1,1,1,1,0,0,0,0,0,0,1,1,1,1,Scientist
Science_PCB,51,87,78,60,87,,,,,,,,,0,0,1,1,0,0,1,1,1,1,1,1,0,1,1,1,Athlete
Science_PCM,53,55,,89,50,90,,,,,,,,1,0,0,0,0,1,1,1,0,0,1,1,0,0,1,0,Teacher
Commerce,,,,66,,73,66,54,65,,,,,0,1,1,0,0,1,0,0,1,1,1,0,0,0,1,1,Athlete
Science_PCM,50,60,,79,50,69,,,,,,,,1,1,0,0,0,1,1,1,1,0,0,0,0,1,0,0,Athlete
Arts,,,,87,,,,,,53,58,72,98,1,1,1,0,0,0,0,0,1,0,1,1,1,1,1,1,Chartered Accountant
Arts,,,,75,,,,,,73,100,69,53,1,0,1,1,1,1,1,1,0,0,0,1,0,0,1,0,Doctor
Science_PCB,71,98,66,56,89,,,,,,,,,0,1,1,0,1,0,1,1,0,0,1,1,1,0,1,0,Scientist
Science_PCM,87,91,,87,75,76,,,,,,,,0,1,0,1,1,1,0,1,0,0,1,0,1,1,0,0,Politician
Science_PCM,91,50,,64,72,67,,,,,,,,1,1,1,0,0,0,1,1,1,0,1,0,1,1,0,1,Politician
Commerce,,,,80,,60,65,84,92,,,,,0,0,1,1,1,0,0,0,0,1,1,0,1,1,1,0,Entrepreneur
Science_PCB,88,97,66,78,65,,,,,,,,,1,1,1,0,1,0,1,1,1,0,0,1,0,0,1,1,Entrepreneur
Science_PCB,93,79,58,63,99,,,,,,,,,0,0,0,1,0,1,0,1,1,0,0,1,0,1,0,0,Teacher
Arts,,,,51,,,,,,65,86,68,94,0,0,0,0,1,1,1,1,0,1,0,0,1,1,0,1,Doctor
Science_PCB,81,73,67,53,98,,,,,,,,,0,1,1,1,1,1,1,1,0,0,1,0,0,0,1,0,Athlete
Arts,,,,67,,,,,,97,67,75,76,1,0,1,1,0,1,1,1,0,1,0,0,1,0,0,0,Engineer
Commerce,,,,50,,78,83,97,51,,,,,0,0,1,0,1,1,1,1,0,0,0,1,0,1,0,0,Engineer
Commerce,,,,53,,85,79,61,100,,,,,1,1,0,0,1,1,1,0,0,0,1,1,0,1,0,0,Artist
Commerce,,,,53,,85,95,81,61,,,,,1,1,1,1,1,0,0,0,0,0,0,1,1,0,0,0,Politician
Commerce,,,,78,,92,71,73,98,,,,,1,1,0,0,1,1,0,0,0,1,1,1,1,1,1,0,Teacher
Commerce,,,,81,,62,75,66,83,,,,,1,1,1,1,0,1,0,1,1,0,0,0,1,0,1,1,Chartered Accountant
Science_PCB,94,90,89,58,65,,,,,,,,,0,1,0,0,0,1,0,1,0,0,0,0,0,1,0,1,Doctor
Arts,,,,84,,,,,,51,78,97,66,1,1,0,0,0,0,0,1,1,1,1,0,1,0,1,1,Doctor
Arts,,,,87,,,,,,65,82,65,74,0,1,0,0,0,0,0,0,1,1,1,0,0,1,1,0,Engineer
Science_PCM,99,68,,83,54,72,,,,,,,,0,1,0,1,1,0,0,1,0,1,1,0,0,1,0,1,Chartered Accountant
Science_PCM,89,66,,58,98,74,,,,,,,,1,0,0,1,0,0,0,0,0,0,0,0,1,0,1,1,Engineer
Science_PCB,100,51,52,95,75,,,,,,,,,1,1,1,0,0,1,1,1,1,1,0,1,0,1,1,0,Politician
Science_PCM,65,98,,66,62,93,,,,,,,,0,0,1,0,1,0,1,1,0,0,0,0,0,0,1,1,Teacher
Commerce,,,,72,,76,85,79,94,,,,,1,1,0,0,1,1,1,1,0,0,0,1,0,0,0,1,Scientist
Science_PCB,85,84,77,74,64,,,,,,,,,1,0,0,1,0,1,0,1,0,0,0,1,1,0,1,1,Scientist
Arts,,,,53,,,,,,77,57,74,100,0,0,0,0,1,1,1,1,0,0,0,0,0,0,1,0,Entrepreneur
Science_PCM,82,74,,56,61,57,,,,,,,,1,0,0,0,1,1,0,0,0,0,0,1,0,1,0,1,Chartered Accountant
Science_PCB,51,96,65,57,71,,,,,,,,,0,1,0,1,1,1,0,1,1,1,0,0,0,1,0,1,Doctor
Science_PCB,51,76,56,92,82,,,,,,,,,1,0,0,0,0,1,0,0,1,1,1,1,0,1,1,1,Artist
Science_PCB,57,79,87,97,70,,,,,,,,,1,0,1,0,0,0,0,0,0,0,0,0,1,1,0,1,Politician
Commerce,,,,79,,93,100,90,86,,,,,1,1,1,1,1,0,0,0,0,0,0,0,0,0,1,1,Doctor
Science_PCB,85,85,60,88,51,,,,,,,,,1,1,1,1,0,1,1,0,1,1,0,1,1,0,0,0,Engineer
Science_PCB,84,60,50,98,76,,,,,,,,,0,0,0,0,1,0,0,0,1,0,0,0,0,0,0,0,Artist
Science_PCB,72,63,77,68,96,,,,,,,,,0,1,1,1,1,1,0,1,1,1,0,1,1,1,1,0,Scientist
Science_PCB,76,83,68,67,89,,,,,,,,,1,0,1,1,1,1,0,1,1,0,1,0,0,1,1,0,Chartered Accountant
Arts,,,,74,,,,,,50,72,81,70,1,1,0,0,0,1,1,1,0,0,0,0,0,1,1,0,Scientist
Science_PCM,90,59,,55,97,79,,,,,,,,0,0,1,1,0,0,0,0,0,0,0,0,1,0,1,0,Chartered Accountant
Arts,,,,89,,,,,,89,85,93,64,0,0,0,0,1,0,1,0,0,1,1,0,1,1,0,1,Engineer
Science_PCB,77,54,97,77,87,,,,,,,,,1,1,0,0,1,0,1,1,0,1,1,0,0,1,1,1,Scientist
Science_PCB,65,100,53,71,91,,,,,,,,,0,1,0,0,0,1,1,0,0,0,0,1,0,1,0,1,Software Developer
Science_PCB,78,89,65,82,59,,,,,,,,,1,0,1,0,0,0,1,0,0,0,0,0,0,0,1,1,Athlete
Commerce,,,,95,,79,77,51,62,,,,,1,0,0,0,0,0,1,0,1,1,0,1,1,0,1,1,Artist
Science_PCM,70,86,,63,55,100,,,,,,,,0,1,0,1,0,0,0,1,0,1,1,1,1,1,1,1,Doctor
Arts,,,,90,,,,,,56,62,98,71,0,0,0,0,0,0,0,0,1,1,0,1,1,0,1,1,Chartered Accountant
Science_PCM,95,90,,100,50,58,,,,,,,,1,0,1,1,1,0,0,1,0,0,0,1,1,0,0,1,Scientist
Commerce,,,,83,,64,97,93,84,,,,,0,0,0,0,0,1,0,1,0,0,0,0,1,0,0,1,Scientist
Science_PCM,57,80,,75,86,79,,,,,,,,1,0,1,0,0,0,0,0,0,1,0,0,0,1,0,1,Doctor
Arts,,,,94,,,,,,76,92,52,68,0,0,0,1,1,1,0,1,1,1,1,0,1,1,1,0,Engineer
Commerce,,,,63,,59,60,50,56,,,,,1,1,1,0,0,1,1,0,0,0,0,1,0,1,0,0,Chartered Accountant
Science_PCB,57,57,54,54,53,,,,,,,,,0,1,0,1,1,1,0,0,0,1,1,0,1,0,1,1,Software Developer
Science_PCB,68,62,82,72,77,,,,,,,,,0,1,1,0,1,0,0,1,0,0,0,0,0,0,1,0,Artist
Commerce,,,,53,,76,66,58,86,,,,,1,0,0,1,0,0,0,0,1,1,1,0,0,0,1,1,Scientist
Commerce,,,,87,,75,66,69,59,,,,,1,0,1,1,0,1,1,1,0,0,0,0,0,0,0,1,Teacher
Science_PCB,92,73,54,67,72,,,,,,,,,0,1,0,1,0,0,1,0,1,1,0,1,0,0,0,1,Athlete
Arts,,,,61,,,,,,55,55,55,69,1,1,1,0,1,0,1,1,0,0,0,0,0,1,1,1,Doctor
Arts,,,,85,,,,,,86,52,99,57,0,1,0,0,1,0,1,0,1,1,1,0,0,0,0,1,Engineer
Science_PCB,59,72,59,52,60,,,,,,,,,1,1,0,0,0,1,1,1,1,0,1,0,0,0,1,0,Scientist
Commerce,,,,85,,66,80,99,66,,,,,0,1,0,0,1,1,1,0,1,1,1,0,1,1,0,1,Software Developer
Commerce,,,,82,,52,86,69,93,,,,,0,1,0,0,1,1,1,1,0,0,0,1,0,1,0,0,Artist
Science_PCM,69,66,,60,71,70,,,,,,,,1,0,1,1,1,1,0,0,0,1,1,1,0,0,1,1,Teacher
Arts,,,,73,,,,,,92,76,59,86,1,0,1,1,0,0,1,1,0,1,1,0,0,1,0,1,Scientist
Science_PCM,84,88,,53,50,63,,,,,,,,1,0,0,1,0,1,1,1,1,1,1,0,1,0,1,1,Doctor
Science_PCB,54,100,53,69,97,,,,,,,,,1,0,1,1,0,0,0,0,1,1,1,1,1,1,1,0,Software Developer
Commerce,,,,75,,94,55,78,100,,,,,0,1,1,0,0,1,1,1,1,1,1,0,1,0,0,0,Scientist
Arts,,,,70,,,,,,72,72,92,92,0,1,0,0,1,1,0,1,1,0,1,0,0,0,1,1,Politician
Science_PCB,50,91,96,55,72,,,,,,,,,1,1,1,1,1,0,1,1,1,1,0,0,0,0,0,1,Athlete
Commerce,,,,93,,88,71,70,68,,,,,1,0,1,1,0,0,0,0,1,1,1,0,0,1,1,1,Athlete
Science_PCM,93,83,,78,51,76,,,,,,,,0,1,1,0,0,1,1,1,0,0,0,0,1,1,1,0,Artist
Science_PCM,84,59,,89,67,98,,,,,,,,0,0,0,0,1,0,1,1,1,1,0,0,1,0,0,0,Artist
Science_PCM,68,100,,83,100,74,,,,,,,,0,1,1,1,0,1,1,1,1,0,0,0,0,1,0,1,Software Developer
Science_PCM,53,50,,75,70,65,,,,,,,,1,1,1,1,0,1,0,0,1,1,1,1,1,1,1,1,Scientist
Arts,,,,92,,,,,,66,67,67,82,0,0,0,0,0,1,1,1,0,0,1,0,0,0,0,1,Entrepreneur
Arts,,,,51,,,,,,83,90,98,66,0,0,1,1,1,0,0,1,0,0,0,1,0,1,0,1,Teacher
Commerce,,,,52,,59,80,71,65,,,,,0,1,0,0,0,0,0,0,1,0,0,1,1,0,1,0,Doctor
Science_PCB,93,60,65,66,86,,,,,,,,,0,0,1,1,0,1,1,0,1,1,1,1,1,1,0,0,Teacher
Science_PCB,60,100,52,54,60,,,,,,,,,0,0,0,1,1,0,0,1,1,1,0,1,1,1,1,1,Politician
Commerce,,,,54,,79,80,73,83,,,,,0,1,1,1,1,0,0,1,1,0,0,1,1,1,1,0,Scientist
Science_PCM,63,90,,56,76,89,,,,,,,,1,1,1,0,1,0,1,1,0,1,0,0,1,0,1,1,Chartered Accountant
Commerce,,,,99,,63,85,93,100,,,,,1,0,0,0,1,1,0,1,0,1,1,1,0,0,1,0,Politician
Science_PCM,87,67,,82,93,64,,,,,,,,0,0,0,0,0,1,1,0,0,1,1,1,1,1,1,0,Athlete
Commerce,,,,83,,100,73,84,56,,,,,0,0,1,1,1,0,1,1,0,0,1,0,1,0,0,1,Teacher
Commerce,,,,53,,51,100,54,81,,,,,1,0,0,0,1,1,1,0,0,1,1,0,1,1,1,1,Politician
Arts,,,,99,,,,,,81,86,69,84,0,1,0,0,0,0,1,1,0,1,0,1,1,1,1,0,Athlete
Science_PCM,98,80,,70,56,100,,,,,,,,0,1,0,1,1,1,1,1,0,1,1,0,1,1,0,0,Doctor
Science_PCB,61,65,97,93,99,,,,,,,,,1,1,1,0,0,0,0,1,0,1,1,0,0,1,1,0,Politician
Science_PCM,54,72,,66,91,80,,,,,,,,0,1,1,1,0,0,1,1,1,1,1,0,1,1,0,0,Athlete
Arts,,,,64,,,,,,78,93,85,80,1,0,0,1,1,0,0,0,0,0,1,1,0,0,1,0,Doctor
Arts,,,,78,,,,,,91,79,52,70,0,0,0,0,0,1,0,1,1,1,1,0,1,1,1,1,Doctor
Science_PCB,87,91,52,58,90,,,,,,,,,1,0,1,1,0,0,1,1,1,1,0,0,1,1,0,0,Artist
Commerce,,,,95,,55,50,97,54,,,,,1,0,0,0,1,0,1,1,1,1,1,1,0,0,1,0,Teacher
Arts,,,,82,,,,,,51,66,98,100,1,1,1,1,0,0,1,0,1,1,1,0,1,1,0,0,Software Developer
Arts,,,,72,,,,,,71,70,84,95,1,1,0,0,0,0,1,0,1,0,0,0,1,1,1,1,Politician
Science_PCM,84,92,,87,65,91,,,,,,,,1,1,0,1,0,1,0,0,1,1,0,0,0,1,1,0,Entrepreneur
Arts,,,,67,,,,,,72,99,56,80,1,0,0,0,0,0,0,1,0,0,0,1,1,1,1,1,Doctor
Science_PCB,98,98,63,66,68,,,,,,,,,1,0,1,1,1,0,0,0,0,0,1,1,1,0,0,0,Software Developer
Arts,,,,75,,,,,,69,77,89,58,1,0,1,0,0,0,0,1,1,1,1,0,0,0,0,1,Chartered Accountant
Science_PCM,54,57,,90,66,59,,,,,,,,0,0,1,1,0,1,0,1,0,0,1,0,1,0,1,1,Athlete
Science_PCB,92,100,93,89,96,,,,,,,,,1,1,0,0,1,0,1,1,0,1,0,1,1,1,1,1,Software Developer
Science_PCM,64,77,,68,50,51,,,,,,,,0,1,1,1,0,1,0,0,0,1,1,1,1,0,0,1,Politician
Science_PCB,53,93,77,87,66,,,,,,,,,1,1,0,0,0,1,1,0,1,1,1,1,1,1,1,0,Teacher
Science_PCB,84,55,77,100,93,,,,,,,,,0,1,1,1,0,0,1,0,1,1,1,0,0,1,1,1,Teacher
Arts,,,,97,,,,,,75,99,66,73,0,0,0,0,0,0,1,1,0,0,1,1,1,0,1,0,Entrepreneur
Commerce,,,,74,,57,56,100,78,,,,,1,0,0,1,0,1,1,1,1,1,0,0,0,0,1,1,Entrepreneur
Science_PCB,73,69,52,74,96,,,,,,,,,1,0,0,1,0,1,1,0,0,1,0,1,1,1,1,0,Chartered Accountant
Science_PCB,92,95,73,78,64,,,,,,,,,0,0,0,0,0,1,1,0,1,0,1,0,0,1,0,1,Politician
Science_PCB,54,67,52,97,57,,,,,,,,,1,0,1,0,1,1,1,1,0,1,1,0,1,0,1,0,Teacher
Science_PCM,96,50,,63,76,88,,,,,,,,1,1,1,0,0,1,0,0,1,0,0,0,1,1,1,1,Engineer
Science_PCM,52,50,,96,59,83,,,,,,,,1,1,0,1,1,0,1,1,1,0,0,0,0,0,0,0,Athlete
Arts,,,,66,,,,,,86,84,73,62,0,0,0,0,1,0,1,0,0,0,0,1,0,0,1,1,Teacher
Commerce,,,,80,,67,68,76,74,,,,,1,0,1,1,0,0,0,0,1,1,0,0,0,1,1,0,Software Developer
Science_PCM,67,64,,82,92,50,,,,,,,,1,1,0,1,1,1,1,1,0,0,0,0,1,0,0,1,Artist
Commerce,,,,68,,68,81,94,67,,,,,1,0,0,1,0,1,1,0,0,0,0,0,0,0,1,1,Athlete
Arts,,,,95,,,,,,71,92,58,66,1,1,0,1,0,0,0,0,1,0,0,0,1,0,1,0,Entrepreneur
Commerce,,,,98,,89,52,52,75,,,,,0,1,1,1,1,1,0,0,0,0,0,1,1,1,0,1,Doctor
Commerce,,,,54,,70,54,75,64,,,,,0,1,1,1,0,1,1,1,0,0,1,1,1,1,1,0,Teacher
Science_PCM,50,85,,92,67,99,,,,,,,,0,1,1,0,1,1,1,0,1,0,0,1,0,0,1,0,Artist
Science_PCB,60,63,86,94,84,,,,,,,,,1,1,0,0,1,1,1,0,0,1,1,0,1,0,1,1,Artist
Science_PCB,99,60,50,89,64,,,,,,,,,1,0,1,0,0,0,0,1,1,1,1,1,1,1,0,0,Scientist
Commerce,,,,69,,100,51,69,91,,,,,1,0,0,1,0,0,0,1,0,1,0,1,1,1,0,0,Artist
Arts,,,,76,,,,,,73,74,63,84,1,1,0,1,1,0,1,1,0,1,0,0,1,0,0,1,Politician
Science_PCM,77,84,,51,94,63,,,,,,,,1,0,0,0,1,0,0,1,0,0,0,0,1,0,1,1,Artist
Commerce,,,,50,,66,97,86,94,,,,,0,1,0,1,0,1,1,0,1,0,0,0,1,0,1,0,Teacher
Science_PCB,60,81,68,59,70,,,,,,,,,1,0,1,0,1,1,1,0,0,0,0,0,0,0,1,0,Politician
Commerce,,,,76,,82,53,59,99,,,,,0,0,0,1,0,0,0,0,0,0,0,1,1,0,0,1,Entrepreneur
Commerce,,,,54,,75,97,95,64,,,,,1,0,0,0,1,0,1,1,0,1,1,1,0,1,0,1,Doctor
Science_PCB,56,95,90,92,65,,,,,,,,,0,1,0,1,1,0,1,1,1,0,0,0,1,0,1,0,Chartered Accountant
Arts,,,,100,,,,,,54,96,94,57,0,0,1,0,0,1,0,1,1,0,0,0,0,0,1,0,Chartered Accountant
Science_PCB,59,58,95,76,87,,,,,,,,,1,0,0,0,1,0,0,0,0,1,1,0,0,1,0,1,Chartered Accountant
Commerce,,,,66,,51,89,73,97,,,,,1,1,0,1,1,1,0,0,1,0,1,0,0,0,1,1,Engineer
Science_PCB,75,88,59,52,50,,,,,,,,,0,1,1,1,0,1,1,0,1,1,1,0,0,0,1,1,Doctor
Science_PCB,83,59,100,50,75,,,,,,,,,1,0,0,0,0,1,1,1,0,1,1,1,0,1,0,1,Engineer
Commerce,,,,68,,83,97,65,83,,,,,1,1,0,1,1,1,0,0,0,1,1,1,0,1,1,0,Politician
Arts,,,,86,,,,,,51,98,68,85,0,1,0,0,1,0,0,1,1,1,1,1,1,1,1,0,Politician
Commerce,,,,74,,51,66,79,98,,,,,0,1,0,0,0,0,0,1,1,1,0,0,0,1,1,1,Doctor
Science_PCB,98,96,80,59,71,,,,,,,,,1,0,1,1,0,0,1,0,0,1,1,1,1,1,1,1,Engineer
Science_PCM,88,79,,95,89,52,,,,,,,,1,1,0,1,0,0,1,0,1,1,1,1,1,0,1,0,Athlete
Arts,,,,100,,,,,,84,98,73,55,0,0,0,0,0,1,1,1,1,1,0,1,1,0,1,1,Scientist
Arts,,,,58,,,,,,83,97,57,96,1,0,0,0,1,0,0,0,1,0,0,1,1,1,0,0,Scientist
Science_PCB,97,59,76,95,76,,,,,,,,,0,0,1,1,0,0,1,0,0,1,0,0,1,1,1,1,Politician
Science_PCM,83,54,,70,76,86,,,,,,,,1,1,1,0,1,1,1,0,1,1,1,1,1,0,0,1,Software Developer
Science_PCB,63,53,79,72,67,,,,,,,,,0,0,1,0,1,0,0,1,0,0,0,0,1,1,1,1,Chartered Accountant
Arts,,,,70,,,,,,91,56,65,80,1,1,0,1,0,1,1,1,1,1,0,0,0,1,1,0,Chartered Accountant
Science_PCB,66,93,76,82,89,,,,,,,,,0,0,0,1,0,0,1,1,1,1,1,1,0,1,1,0,Entrepreneur
Science_PCB,90,85,80,88,74,,,,,,,,,0,0,1,0,1,1,1,0,1,0,0,0,0,0,0,0,Artist
Science_PCB,78,98,60,93,85,,,,,,,,,0,0,1,1,1,0,0,0,1,0,0,0,0,1,0,0,Entrepreneur
Commerce,,,,80,,92,62,99,94,,,,,1,0,0,0,0,0,0,0,0,1,0,0,1,1,1,0,Teacher
Commerce,,,,53,,91,79,89,70,,,,,0,0,1,1,0,1,0,0,1,1,1,1,0,0,1,0,Artist
Science_PCB,56,69,58,64,67,,,,,,,,,0,1,0,0,0,1,0,0,0,1,1,0,0,0,0,0,Teacher
Arts,,,,56,,,,,,54,57,83,92,0,1,0,1,0,1,1,1,0,0,0,0,1,1,0,0,Scientist
Science_PCB,84,79,83,98,78,,,,,,,,,0,1,1,0,1,1,0,0,1,0,0,1,1,0,1,0,Teacher
Science_PCB,78,58,95,87,98,,,,,,,,,1,0,1,1,0,1,1,0,0,1,0,0,0,1,1,1,Artist
Science_PCM,61,78,,74,82,59,,,,,,,,1,1,1,1,0,1,1,0,0,1,1,0,0,1,1,1,Athlete
Arts,,,,52,,,,,,92,87,69,72,0,1,0,1,0,0,0,0,1,0,1,0,1,0,0,0,Scientist
Science_PCM,54,100,,86,63,70,,,,,,,,0,0,0,0,1,1,1,0,1,1,0,0,0,1,1,1,Teacher
Commerce,,,,51,,67,65,99,93,,,,,0,0,0,1,1,0,0,1,1,0,1,0,0,1,0,0,Athlete
Arts,,,,50,,,,,,81,54,55,64,0,1,1,1,0,1,1,1,1,1,1,1,0,0,1,1,Teacher
Arts,,,,78,,,,,,62,69,85,50,1,0,0,0,0,0,0,1,1,0,0,1,0,1,1,0,Artist
Commerce,,,,96,,57,59,53,55,,,,,0,1,1,0,0,1,0,1,0,1,1,0,1,0,0,1,Scientist
Arts,,,,78,,,,,,70,80,74,98,1,1,1,1,1,0,1,1,0,0,1,1,1,0,0,1,Entrepreneur
Commerce,,,,62,,85,54,66,74,,,,,0,1,1,0,0,1,0,0,1,0,0,0,0,1,1,1,Politician
Science_PCB,84,78,78,61,70,,,,,,,,,0,1,1,0,0,0,0,0,1,0,0,1,0,1,0,0,Politician
Arts,,,,94,,,,,,84,54,69,99,1,1,0,1,0,0,0,1,0,0,1,1,1,1,0,0,Athlete
Science_PCB,85,81,90,83,53,,,,,,,,,0,0,1,1,1,0,1,1,1,0,1,1,1,1,0,0,Artist
Science_PCB,52,79,62,86,79,,,,,,,,,1,0,0,0,1,0,0,1,1,1,1,1,0,1,1,0,Doctor
Arts,,,,87,,,,,,76,73,85,82,0,1,1,0,1,1,0,0,0,1,0,1,1,0,0,1,Engineer
Science_PCB,52,53,98,90,91,,,,,,,,,1,1,1,0,1,1,1,0,1,1,1,1,1,1,0,1,Entrepreneur
Science_PCM,69,81,,99,69,100,,,,,,,,1,0,0,1,1,0,1,0,1,1,1,0,1,0,0,0,Software Developer
Commerce,,,,96,,86,58,80,75,,,,,0,1,1,1,0,0,0,1,0,1,0,1,0,0,1,0,Artist
Arts,,,,80,,,,,,74,81,50,76,0,1,0,0,1,1,0,0,1,1,0,1,1,1,1,0,Chartered Accountant
Arts,,,,94,,,,,,79,57,82,50,0,1,1,0,0,0,1,1,1,1,1,1,0,1,1,1,Entrepreneur
Commerce,,,,56,,89,58,86,69,,,,,1,1,1,0,0,0,0,1,1,0,1,0,0,1,1,0,Politician
Arts,,,,83,,,,,,55,52,98,68,1,0,1,0,0,1,0,0,0,0,0,1,1,1,0,1,Engineer
Commerce,,,,86,,53,57,50,54,,,,,0,1,1,1,1,1,0,1,1,1,1,0,0,1,1,1,Athlete
Commerce,,,,56,,92,58,88,89,,,,,0,1,1,0,0,1,0,1,0,0,1,0,0,1,1,0,Artist
Science_PCB,76,57,66,77,54,,,,,,,,,1,0,0,1,0,1,1,0,0,0,1,0,1,0,0,1,Teacher
Arts,,,,69,,,,,,75,75,83,100,1,0,1,0,0,1,0,0,0,0,1,1,1,0,1,1,Artist
Arts,,,,66,,,,,,81,99,72,86,1,1,0,0,1,0,0,0,1,0,0,0,1,0,1,1,Chartered Accountant
Science_PCB,99,95,91,73,59,,,,,,,,,0,1,0,0,0,1,1,1,0,0,1,0,1,1,1,1,Doctor
Commerce,,,,83,,87,95,86,95,,,,,0,1,1,1,0,0,1,1,1,0,0,0,1,0,1,1,Doctor
Science_PCB,58,92,93,91,63,,,,,,,,,0,0,1,0,0,0,0,1,0,1,1,1,0,0,1,1,Athlete
Arts,,,,80,,,,,,78,67,62,77,1,0,0,0,0,1,0,0,0,1,1,0,0,0,1,0,Engineer
Arts,,,,68,,,,,,96,77,98,67,0,0,1,1,1,0,1,0,0,0,0,0,0,1,0,0,Artist
Commerce,,,,95,,70,87,81,68,,,,,0,0,0,0,1,0,1,0,1,1,0,0,0,0,1,0,Athlete
Commerce,,,,62,,80,63,58,78,,,,,0,1,0,1,1,0,0,1,0,1,0,1,0,1,1,1,Chartered Accountant
Arts,,,,61,,,,,,60,59,99,86,0,1,0,0,0,0,0,1,1,0,0,1,0,1,0,0,Software Developer
Arts,,,,75,,,,,,66,86,52,59,1,1,1,0,1,1,0,0,0,0,0,0,0,0,1,0,Software Developer
Arts,,,,62,,,,,,67,84,100,89,1,0,1,0,1,0,1,1,0,1,0,1,0,1,0,1,Scientist
Commerce,,,,92,,87,76,89,73,,,,,1,1,0,1,0,0,1,0,0,0,0,1,0,0,0,0,Chartered Accountant
Commerce,,,,79,,96,80,62,54,,,,,1,0,0,1,1,0,0,1,0,1,0,0,0,0,0,1,Doctor
Science_PCB,96,92,87,57,94,,,,,,,,,1,0,0,0,0,1,1,0,1,1,0,1,1,0,1,0,Software Developer
Commerce,,,,56,,60,76,51,81,,,,,1,1,1,0,0,0,1,1,0,1,1,1,0,0,0,1,Politician
Science_PCM,60,72,,74,70,64,,,,,,,,1,1,1,0,1,1,1,1,0,1,1,0,1,1,0,0,Athlete
Science_PCM,75,65,,70,87,74,,,,,,,,1,0,0,1,0,1,1,1,1,0,0,1,1,1,0,0,Artist
Science_PCM,79,62,,86,85,68,,,,,,,,0,1,0,0,1,1,0,1,1,1,1,0,1,0,1,0,Software Developer
Commerce,,,,80,,62,64,92,100,,,,,1,0,0,0,1,1,1,0,0,1,0,0,0,0,0,1,Scientist
Science_PCM,95,51,,59,91,63,,,,,,,,0,1,1,0,0,0,1,0,1,0,0,1,1,1,1,0,Politician
Commerce,,,,63,,89,60,73,97,,,,,0,0,0,0,0,0,1,1,1,1,1,0,0,1,1,1,Scientist
Science_PCB,70,83,78,67,68,,,,,,,,,1,0,1,1,0,0,1,1,1,1,0,0,0,1,1,0,Artist
Commerce,,,,96,,100,100,57,77,,,,,0,1,1,0,0,1,0,0,0,1,0,0,0,1,1,0,Scientist
Arts,,,,92,,,,,,65,100,68,92,0,0,0,0,0,0,0,1,1,0,0,1,0,1,0,1,Engineer
Arts,,,,50,,,,,,73,66,83,82,1,0,1,0,0,0,1,1,0,0,1,0,0,0,1,1,Chartered Accountant
Science_PCM,59,61,,86,87,96,,,,,,,,1,0,1,1,0,0,1,1,0,0,0,0,1,1,0,0,Software Developer
Commerce,,,,53,,67,89,86,60,,,,,1,1,1,1,0,1,1,0,1,1,1,1,0,0,0,1,Doctor
Arts,,,,83,,,,,,75,64,91,96,1,0,0,1,0,1,1,1,1,0,1,0,1,0,1,0,Entrepreneur
Science_PCB,64,90,100,82,86,,,,,,,,,1,0,1,1,1,0,1,0,1,0,0,0,0,0,1,1,Engineer
Commerce,,,,84,,99,58,56,86,,,,,0,0,1,0,0,0,1,0,0,1,1,0,0,1,0,0,Engineer
Arts,,,,80,,,,,,91,62,87,50,1,0,1,0,0,1,1,0,1,1,1,0,1,1,1,0,Chartered Accountant
Arts,,,,98,,,,,,51,86,81,95,1,1,1,1,0,0,1,1,0,1,0,1,0,0,0,1,Engineer
Science_PCB,61,59,58,77,94,,,,,,,,,1,0,0,1,0,0,1,0,0,1,1,0,0,1,0,1,Athlete
Commerce,,,,84,,57,55,74,77,,,,,1,0,1,0,0,0,0,0,0,1,0,1,1,1,1,1,Artist
Science_PCM,61,63,,80,63,95,,,,,,,,0,0,0,0,0,0,0,0,1,0,1,1,0,1,1,0,Teacher
Science_PCB,59,92,68,68,81,,,,,,,,,0,0,1,0,1,1,0,0,1,1,1,0,0,0,0,1,Politician
Science_PCM,69,53,,94,89,55,,,,,,,,0,1,0,1,0,0,0,0,1,1,1,0,1,0,0,0,Teacher
Arts,,,,88,,,,,,76,58,86,96,1,0,1,0,0,1,0,1,1,1,0,0,1,1,1,0,Politician
Science_PCM,97,90,,77,76,67,,,,,,,,1,1,0,0,0,1,1,1,1,0,0,0,0,1,1,1,Entrepreneur
Science_PCB,78,54,87,79,90,,,,,,,,,0,0,0,1,1,1,1,1,1,0,1,1,0,0,1,0,Athlete
Arts,,,,59,,,,,,70,68,63,100,0,1,0,0,1,1,1,1,0,1,1,0,1,0,1,0,Politician
Science_PCM,83,65,,69,53,88,,,,,,,,0,0,1,1,1,1,0,1,1,1,1,1,1,1,0,0,Software Developer
Commerce,,,,57,,69,63,70,74,,,,,0,0,1,1,0,0,0,0,1,0,0,0,0,1,1,1,Teacher
Science_PCM,98,77,,83,62,100,,,,,,,,0,1,1,0,1,1,0,0,0,1,1,1,0,1,0,0,Politician
Science_PCB,55,95,72,51,74,,,,,,,,,1,1,1,0,1,0,1,1,0,1,0,0,0,1,1,1,Entrepreneur
Science_PCM,70,73,,64,52,84,,,,,,,,1,1,1,1,1,0,0,1,1,1,1,0,1,1,0,0,Politician
Science_PCM,95,83,,70,100,74,,,,,,,,0,1,0,1,1,0,1,0,0,0,1,0,1,1,0,0,Scientist
Science_PCB,75,87,98,52,86,,,,,,,,,1,0,0,1,1,1,0,0,0,0,1,0,0,0,1,1,Politician
Science_PCB,64,99,60,50,70,,,,,,,,,0,0,0,1,1,1,0,1,1,1,1,1,0,1,1,1,Artist
Commerce,,,,72,,52,80,72,84,,,,,0,1,1,0,1,0,1,0,0,0,0,0,0,0,1,1,Politician
Arts,,,,100,,,,,,74,89,64,55,0,0,0,0,1,1,0,0,0,1,0,1,0,1,0,1,Teacher
Science_PCB,89,92,74,98,66,,,,,,,,,1,0,0,1,0,1,0,0,0,1,0,1,0,0,0,0,Politician
Arts,,,,93,,,,,,87,59,84,74,1,0,0,1,1,1,0,1,0,0,0,1,1,0,0,1,Entrepreneur
Commerce,,,,100,,75,82,58,71,,,,,1,1,1,1,0,0,1,1,1,1,1,1,1,1,1,1,Scientist
Science_PCB,86,89,88,54,99,,,,,,,,,1,0,0,0,0,1,0,1,0,1,1,1,1,1,0,1,Chartered Accountant
Science_PCB,73,73,97,86,64,,,,,,,,,0,0,1,1,1,0,1,1,0,0,1,1,1,0,1,0,Athlete
Science_PCB,63,80,59,100,73,,,,,,,,,0,0,0,1,1,0,0,1,0,1,0,1,0,1,0,1,Chartered Accountant
Arts,,,,56,,,,,,52,51,87,86,0,0,0,0,1,1,1,0,1,1,0,1,0,0,0,0,Scientist
Commerce,,,,54,,70,59,84,58,,,,,0,1,0,0,1,1,1,1,0,0,0,1,0,0,0,0,Entrepreneur
Commerce,,,,61,,60,91,84,59,,,,,0,0,0,0,1,0,1,0,1,0,0,1,0,1,1,1,Politician
Science_PCB,53,97,84,52,95,,,,,,,,,0,1,1,1,0,0,0,0,0,0,1,0,1,1,0,1,Scientist
Science_PCM,64,97,,51,92,77,,,,,,,,0,0,0,1,0,0,0,1,1,0,0,0,1,1,1,0,Software Developer
Commerce,,,,79,,55,74,94,60,,,,,0,1,1,1,0,0,1,1,1,1,0,1,1,1,1,0,Software Developer
Science_PCM,85,56,,83,94,98,,,,,,,,0,0,0,0,0,0,1,1,1,0,0,1,0,0,1,1,Athlete
Commerce,,,,55,,71,58,96,87,,,,,0,1,1,0,1,0,0,1,1,0,0,0,1,0,1,0,Software Developer
Science_PCM,82,61,,93,51,84,,,,,,,,0,0,1,1,0,1,0,0,0,1,1,1,0,0,1,1,Chartered Accountant
Science_PCB,81,80,99,78,62,,,,,,,,,1,0,1,1,1,0,0,1,1,1,1,1,0,0,1,0,Chartered Accountant
Science_PCB,75,73,64,92,74,,,,,,,,,0,1,0,1,1,1,0,0,1,0,0,1,1,0,1,0,Engineer
Science_PCM,95,96,,70,81,74,,,,,,,,1,0,0,1,1,0,1,0,0,0,0,0,1,0,1,0,Teacher
Arts,,,,92,,,,,,62,96,95,65,1,1,0,0,1,0,0,0,0,1,1,0,1,0,1,0,Scientist
Science_PCM,53,64,,68,62,67,,,,,,,,1,1,0,1,0,0,0,1,0,0,0,1,1,1,1,0,Teacher
Commerce,,,,72,,82,85,95,63,,,,,1,0,1,0,1,1,0,0,0,1,1,0,0,1,0,0,Doctor
Science_PCB,90,79,51,50,61,,,,,,,,,1,0,1,0,1,1,1,1,1,0,1,0,0,1,1,0,Entrepreneur
Science_PCM,74,55,,97,71,71,,,,,,,,1,0,1,0,1,1,0,1,0,1,0,0,1,1,0,1,Politician
Commerce,,,,90,,66,76,79,97,,,,,0,1,1,0,0,0,0,1,1,1,1,0,1,1,1,0,Artist
Arts,,,,91,,,,,,84,52,81,79,0,1,0,0,0,1,0,0,0,0,0,0,1,0,0,0,Politician
Commerce,,,,59,,55,88,97,81,,,,,1,0,1,1,0,0,1,0,0,0,0,1,1,1,0,1,Chartered Accountant
Arts,,,,65,,,,,,50,74,89,94,1,1,0,0,0,1,1,0,0,0,1,0,1,1,1,0,Teacher
Science_PCM,76,69,,62,74,67,,,,,,,,0,1,0,0,1,0,0,0,1,0,1,1,1,0,1,1,Entrepreneur
Commerce,,,,88,,65,53,81,71,,,,,1,0,1,0,0,0,1,1,0,0,1,1,0,1,1,1,Scientist
Science_PCB,86,75,69,95,52,,,,,,,,,1,1,0,0,0,1,0,1,1,0,0,0,1,1,1,0,Artist
Science_PCM,74,61,,87,52,73,,,,,,,,0,1,0,0,0,0,0,0,0,0,0,0,0,0,0,1,Athlete
Arts,,,,86,,,,,,98,86,92,71,1,1,0,1,1,1,0,0,1,0,1,1,0,0,0,1,Scientist
Arts,,,,94,,,,,,56,73,79,92,0,0,0,1,1,0,1,0,1,0,1,0,0,1,1,1,Artist
Science_PCM,54,65,,87,71,94,,,,,,,,1,1,0,1,0,0,0,1,1,1,0,0,1,0,1,1,Entrepreneur
Commerce,,,,53,,84,50,93,50,,,,,1,1,1,0,1,1,1,0,1,0,0,1,0,1,1,1,Athlete
Science_PCM,52,84,,88,75,51,,,,,,,,0,0,0,0,0,0,0,1,1,1,1,1,1,1,1,1,Politician
Commerce,,,,96,,62,66,71,96,,,,,0,1,1,1,0,1,0,0,0,1,0,1,0,1,1,1,Doctor
Arts,,,,91,,,,,,89,95,79,52,1,0,1,0,0,1,1,1,0,1,0,0,1,0,1,1,Entrepreneur
Science_PCM,58,72,,55,59,88,,,,,,,,1,1,0,1,0,0,1,1,0,1,1,1,1,0,1,0,Entrepreneur
Arts,,,,89,,,,,,89,81,62,69,0,1,1,0,1,0,1,1,0,0,1,0,1,1,0,1,Engineer
Science_PCB,96,64,61,78,56,,,,,,,,,1,0,0,0,1,1,1,1,0,1,1,1,0,1,0,0,Doctor
Arts,,,,65,,,,,,61,94,80,56,0,0,0,0,0,0,1,1,0,1,1,1,0,1,0,1,Scientist
Science_PCB,85,76,87,99,65,,,,,,,,,0,0,0,1,0,1,1,1,0,1,0,1,0,1,0,0,Entrepreneur
Arts,,,,60,,,,,,98,57,58,65,0,0,0,1,1,1,0,0,0,0,1,1,1,1,1,0,Scientist
Science_PCM,77,92,,74,83,75,,,,,,,,1,0,1,1,0,1,0,1,0,1,0,1,0,0,0,0,Athlete
Commerce,,,,96,,68,71,74,58,,,,,0,1,1,0,1,1,0,0,1,0,0,1,1,1,0,0,Politician
Science_PCM,73,89,,62,63,91,,,,,,,,0,1,1,1,1,1,1,0,1,0,0,1,1,0,1,0,Scientist
Science_PCB,61,85,83,55,70,,,,,,,,,0,0,0,1,1,0,1,0,0,0,1,1,1,1,1,1,Artist
Science_PCB,72,97,80,86,69,,,,,,,,,1,0,1,0,1,0,1,1,0,1,0,1,0,0,1,1,Politician
Arts,,,,85,,,,,,72,73,90,58,1,1,0,1,1,0,0,1,1,0,1,0,0,0,1,1,Teacher
Arts,,,,97,,,,,,65,99,83,67,0,0,0,0,0,1,0,0,1,0,0,1,0,1,0,1,Chartered Accountant
Science_PCM,54,85,,93,79,89,,,,,,,,0,0,1,1,0,1,1,0,0,1,0,0,1,0,1,0,Entrepreneur
Science_PCM,91,51,,70,72,67,,,,,,,,1,0,1,1,0,0,1,0,1,0,1,0,1,1,0,1,Entrepreneur
Science_PCB,66,80,76,66,58,,,,,,,,,0,1,0,0,1,1,1,0,0,0,0,0,1,1,0,0,Artist
Science_PCM,68,82,,58,58,60,,,,,,,,1,1,1,0,1,0,1,0,1,1,0,0,0,0,1,0,Engineer
Science_PCB,83,84,50,96,66,,,,,,,,,0,0,0,1,1,0,1,0,0,0,0,0,0,0,1,0,Engineer
Commerce,,,,99,,55,68,62,85,,,,,0,0,0,0,1,1,1,0,1,1,1,1,0,1,1,1,Engineer
Commerce,,,,86,,53,73,68,87,,,,,1,1,1,1,1,0,0,1,1,1,1,1,1,1,0,0,Teacher
Commerce,,,,77,,77,82,63,59,,,,,0,1,1,0,0,0,1,0,1,1,0,1,0,1,0,0,Engineer
Science_PCB,76,59,72,86,98,,,,,,,,,0,1,1,1,0,0,1,0,1,0,0,0,1,0,0,0,Athlete
Science_PCB,79,99,78,72,55,,,,,,,,,0,0,1,0,0,0,0,1,0,1,0,0,1,0,0,0,Scientist
Science_PCM,59,99,,100,82,58,,,,,,,,1,1,1,1,1,1,1,1,0,1,0,0,1,1,0,0,Doctor
Arts,,,,64,,,,,,60,87,79,73,1,0,0,1,1,1,0,0,0,0,1,0,1,0,1,1,Artist
Arts,,,,51,,,,,,85,69,98,51,1,0,1,0,1,0,0,1,0,0,0,1,0,0,0,0,Politician
Arts,,,,80,,,,,,73,82,67,87,1,1,0,0,1,1,0,0,0,0,0,0,1,1,0,0,Artist
Science_PCB,71,74,85,94,93,,,,,,,,,0,0,1,0,0,1,0,0,1,0,0,0,0,0,1,0,Scientist
Commerce,,,,69,,78,85,79,64,,,,,0,1,1,0,1,0,0,1,1,1,0,1,0,1,1,0,Doctor
Science_PCM,77,92,,83,57,83,,,,,,,,1,0,0,0,1,0,0,0,0,0,1,0,1,0,1,1,Artist
Science_PCM,76,52,,90,92,70,,,,,,,,1,0,0,0,0,1,1,1,1,0,0,0,0,1,0,1,Scientist
Science_PCB,84,81,63,66,96,,,,,,,,,1,1,0,1,0,1,1,1,0,1,0,1,1,0,1,0,Teacher
Commerce,,,,90,,72,84,99,82,,,,,1,1,1,0,1,1,0,0,1,0,0,1,0,1,1,1,Entrepreneur
Science_PCM,53,73,,68,95,86,,,,,,,,1,1,1,0,0,1,1,0,1,1,1,0,0,0,1,0,Scientist
Science_PCM,82,58,,97,84,73,,,,,,,,0,0,1,0,0,0,1,0,0,1,0,1,1,0,1,1,Scientist
Commerce,,,,81,,94,51,59,93,,,,,1,0,1,1,0,1,0,0,1,1,1,1,0,1,0,1,Teacher
Science_PCM,58,63,,86,61,58,,,,,,,,0,0,1,1,0,0,1,1,0,0,0,1,1,1,0,1,Scientist
Science_PCB,61,63,94,69,80,,,,,,,,,1,0,1,0,0,0,0,0,0,0,1,1,1,0,0,1,Engineer
Science_PCM,94,94,,64,99,85,,,,,,,,1,1,1,0,0,1,0,1,1,0,1,0,0,1,0,0,Chartered Accountant
Arts,,,,78,,,,,,95,84,52,54,0,1,0,0,1,0,0,1,0,1,0,1,0,0,0,0,Engineer
Science_PCM,94,60,,70,94,69,,,,,,,,1,1,0,1,1,0,1,0,0,0,1,1,1,0,1,1,Artist
Commerce,,,,82,,64,79,80,100,,,,,0,1,0,1,0,1,1,1,1,1,1,1,0,1,1,0,Chartered Accountant
Science_PCB,97,97,100,66,80,,,,,,,,,0,1,0,0,0,1,0,0,1,1,1,1,1,0,1,0,Athlete
Science_PCM,88,71,,84,97,75,,,,,,,,0,0,0,1,1,0,0,0,1,0,0,1,0,1,0,1,Entrepreneur
Commerce,,,,94,,76,60,69,87,,,,,1,0,0,0,0,0,1,1,1,0,1,1,1,0,0,1,Software Developer
Science_PCB,53,78,54,84,73,,,,,,,,,1,0,0,0,0,0,0,1,1,1,1,0,1,1,0,1,Athlete
Commerce,,,,51,,85,69,86,64,,,,,0,0,0,1,1,0,0,1,0,1,0,1,0,1,1,1,Engineer
Science_PCB,56,72,76,74,52,,,,,,,,,1,1,0,1,0,1,1,0,0,0,1,0,1,1,1,0,Athlete
Science_PCB,69,85,54,94,59,,,,,,,,,1,0,1,1,1,1,0,0,0,1,0,1,0,1,0,0,Teacher
Science_PCB,100,83,70,50,87,,,,,,,,,0,1,1,0,0,1,0,0,0,0,1,0,0,1,0,0,Doctor
Arts,,,,83,,,,,,89,52,72,68,1,0,1,1,0,0,1,0,1,0,1,0,0,0,1,1,Engineer
Commerce,,,,87,,86,74,98,72,,,,,1,1,1,0,1,0,0,0,1,0,0,0,0,0,1,0,Teacher
Science_PCB,75,69,98,88,91,,,,,,,,,0,1,0,0,0,0,1,0,1,0,0,1,1,0,1,0,Artist
Arts,,,,76,,,,,,82,50,98,63,1,1,0,0,0,0,0,1,1,0,0,1,1,0,1,1,Doctor
Arts,,,,63,,,,,,81,73,79,80,0,0,1,0,0,1,1,0,1,0,0,1,1,0,0,1,Teacher
Commerce,,,,74,,62,78,63,79,,,,,0,0,0,0,1,0,1,0,1,1,1,0,0,1,0,0,Engineer
Commerce,,,,51,,93,69,56,91,,,,,0,0,1,0,0,1,1,0,0,0,0,0,0,0,1,0,Politician
Arts,,,,66,,,,,,59,82,78,75,0,1,0,1,1,0,0,0,0,1,0,1,0,0,0,1,Athlete
Arts,,,,67,,,,,,71,99,68,80,1,1,1,0,1,1,1,1,1,0,1,0,1,1,0,1,Artist
Arts,,,,100,,,,,,87,56,96,92,1,0,1,0,0,1,0,1,1,1,0,1,0,1,1,1,Politician
Arts,,,,77,,,,,,51,100,61,68,1,0,1,0,0,0,0,0,1,0,1,1,0,1,1,0,Chartered Accountant
Science_PCB,78,94,86,66,64,,,,,,,,,0,1,1,0,0,0,1,0,1,1,1,1,1,0,0,0,Teacher
Arts,,,,52,,,,,,55,94,58,86,1,1,1,0,1,1,0,0,0,0,1,1,0,1,1,0,Chartered Accountant
Science_PCM,58,96,,81,84,81,,,,,,,,0,0,1,1,0,1,0,0,0,0,0,0,1,0,1,1,Teacher
Science_PCB,59,95,58,76,75,,,,,,,,,1,1,0,0,1,1,1,1,1,1,0,0,0,0,0,0,Artist
Commerce,,,,86,,57,51,70,50,,,,,0,0,0,0,0,1,0,0,1,0,0,1,0,0,0,0,Teacher
Arts,,,,68,,,,,,55,57,75,74,1,1,1,0,0,0,1,1,1,0,0,0,1,0,0,1,Teacher
Commerce,,,,61,,86,65,90,59,,,,,0,0,1,1,1,0,0,0,1,0,1,0,1,1,0,1,Politician
Commerce,,,,59,,83,65,78,80,,,,,0,0,1,0,0,0,0,0,1,1,1,1,0,0,0,1,Chartered Accountant
Science_PCM,66,71,,51,93,90,,,,,,,,1,1,1,0,1,0,0,0,1,1,0,1,0,0,0,1,Entrepreneur
Commerce,,,,64,,76,91,77,94,,,,,0,1,1,0,1,1,1,1,0,1,1,1,1,0,1,1,Artist
Commerce,,,,83,,74,68,66,55,,,,,0,0,0,0,0,1,1,1,1,1,1,0,0,1,1,0,Teacher
Science_PCM,97,91,,59,81,95,,,,,,,,1,0,0,0,1,0,1,0,1,0,0,1,1,0,1,0,Scientist
Science_PCB,71,69,93,100,67,,,,,,,,,1,0,0,0,0,1,0,1,0,0,0,0,1,0,0,1,Artist
Arts,,,,64,,,,,,90,53,93,90,1,0,1,1,1,0,0,0,0,0,0,0,1,1,0,1,Artist
Science_PCB,59,53,69,72,96,,,,,,,,,1,1,1,1,0,0,0,0,1,0,1,1,0,1,1,1,Software Developer
Arts,,,,79,,,,,,70,53,59,51,1,0,0,1,0,1,1,1,0,0,1,0,1,1,0,1,Politician
Science_PCB,52,65,95,97,55,,,,,,,,,0,1,1,1,0,0,0,1,0,1,0,0,1,0,0,1,Teacher
Science_PCM,92,74,,80,89,76,,,,,,,,0,1,1,1,0,1,1,0,1,1,1,0,0,1,1,1,Doctor
Science_PCB,67,87,82,75,81,,,,,,,,,0,1,0,1,1,0,0,0,0,1,0,0,0,0,0,0,Doctor
Arts,,,,94,,,,,,71,87,66,99,1,1,0,1,1,1,1,0,1,1,1,0,0,1,0,1,Doctor
Arts,,,,67,,,,,,88,50,72,88,0,1,1,1,0,0,0,1,0,1,0,0,1,0,0,1,Engineer
Arts,,,,80,,,,,,71,98,57,99,1,1,1,1,0,1,1,1,1,0,0,0,1,1,0,0,Chartered Accountant
Arts,,,,60,,,,,,94,82,68,85,1,0,1,1,0,1,1,0,1,1,1,1,0,0,1,1,Chartered Accountant
Science_PCB,50,83,82,90,67,,,,,,,,,1,0,1,1,0,1,1,0,0,1,0,1,1,0,1,1,Doctor
Arts,,,,60,,,,,,67,94,80,75,1,1,1,1,1,1,1,1,1,1,1,0,1,0,0,0,Software Developer
Science_PCB,89,75,88,90,84,,,,,,,,,0,1,0,0,0,1,1,0,1,0,1,1,0,1,1,0,Athlete
Science_PCB,59,67,54,88,53,,,,,,,,,0,0,0,0,1,0,0,1,0,0,0,0,1,1,1,1,Politician
Commerce,,,,87,,53,50,97,70,,,,,1,0,1,0,0,0,0,1,1,1,0,1,0,1,0,0,Entrepreneur
Commerce,,,,66,,54,70,71,93,,,,,0,0,1,0,1,0,1,0,0,0,0,1,0,1,0,0,Scientist
Arts,,,,53,,,,,,91,66,85,52,0,0,1,1,1,0,0,0,1,1,1,0,1,0,1,0,Teacher
Commerce,,,,67,,75,98,56,92,,,,,0,0,0,0,0,0,1,0,0,1,1,0,0,1,1,0,Athlete
Science_PCM,70,95,,66,89,59,,,,,,,,0,1,1,0,1,1,1,0,1,1,0,1,1,0,1,0,Athlete
Commerce,,,,88,,63,62,88,86,,,,,1,1,1,0,1,1,1,1,1,1,0,1,1,0,1,0,Chartered Accountant
Arts,,,,65,,,,,,78,56,84,72,0,1,1,1,0,0,1,1,1,0,0,0,0,1,0,1,Teacher
Commerce,,,,90,,86,67,90,90,,,,,1,1,1,1,1,0,0,1,0,0,1,0,1,0,1,1,Engineer
Science_PCM,79,76,,90,74,55,,,,,,,,1,0,1,0,0,0,1,1,1,1,0,1,1,0,0,1,Chartered Accountant
Commerce,,,,74,,80,76,61,64,,,,,0,0,1,1,0,1,0,1,0,0,1,0,1,1,1,1,Doctor
Science_PCB,92,70,52,57,85,,,,,,,,,0,1,0,0,1,1,1,1,1,1,1,1,1,0,0,0,Artist
Science_PCB,76,97,84,79,71,,,,,,,,,0,1,1,1,0,0,0,1,1,1,0,0,0,1,0,0,Artist
Science_PCB,82,90,73,93,98,,,,,,,,,1,1,0,1,0,1,0,1,0,0,0,1,0,1,1,1,Engineer
Arts,,,,100,,,,,,81,56,89,75,0,1,0,1,1,0,0,0,0,1,1,0,1,0,1,1,Teacher
Arts,,,,68,,,,,,96,77,51,53,0,1,1,1,0,1,0,1,1,0,0,0,0,0,1,0,Scientist
Commerce,,,,61,,78,54,78,86,,,,,0,0,0,0,0,1,0,0,1,0,1,1,1,1,1,1,Chartered Accountant
Arts,,,,78,,,,,,53,99,68,86,1,1,0,1,0,1,1,0,1,0,1,0,1,1,1,0,Teacher
Arts,,,,79,,,,,,87,61,66,98,0,0,0,1,1,0,1,1,0,1,0,1,0,1,0,1,Engineer
Commerce,,,,86,,89,69,88,81,,,,,0,0,0,1,0,1,1,1,0,1,1,0,1,1,1,1,Teacher
Commerce,,,,70,,97,80,75,89,,,,,0,1,1,0,0,0,1,1,1,0,1,1,1,0,0,1,Scientist
Science_PCM,89,99,,92,68,93,,,,,,,,1,1,0,0,0,1,0,1,0,1,1,0,0,1,0,1,Doctor
Arts,,,,70,,,,,,87,83,57,60,0,1,0,0,1,1,0,1,0,1,1,1,0,1,0,1,Artist
Science_PCM,76,50,,96,88,97,,,,,,,,1,1,1,1,1,1,1,0,1,1,0,0,0,0,0,0,Engineer
Arts,,,,93,,,,,,96,54,73,56,1,0,0,1,1,0,0,0,1,1,0,0,1,1,0,0,Entrepreneur
Commerce,,,,76,,80,55,52,88,,,,,0,0,1,1,0,1,0,1,0,1,1,0,1,1,1,1,Artist
Commerce,,,,66,,61,79,83,51,,,,,0,1,1,1,1,0,0,1,0,0,0,1,1,1,1,1,Software Developer
Arts,,,,82,,,,,,80,68,75,52,1,0,0,1,0,1,1,1,0,1,1,1,1,1,0,0,Politician
Arts,,,,64,,,,,,76,73,58,87,1,1,0,0,0,1,0,0,1,1,0,1,1,1,0,0,Chartered Accountant
Commerce,,,,71,,87,66,81,54,,,,,0,0,1,1,1,0,1,0,1,1,1,0,1,1,0,1,Athlete
Science_PCM,69,57,,61,83,77,,,,,,,,0,0,1,0,1,1,1,1,1,0,0,0,1,1,1,0,Doctor
Science_PCM,62,76,,73,71,50,,,,,,,,1,1,0,1,1,0,1,0,1,1,1,1,1,1,1,0,Scientist
Science_PCB,98,79,67,80,99,,,,,,,,,0,1,1,0,1,0,0,1,1,1,1,0,1,1,0,1,Software Developer
Science_PCB,68,79,71,92,70,,,,,,,,,0,1,0,1,1,0,0,1,0,0,1,0,1,0,0,1,Teacher
Commerce,,,,70,,97,56,79,84,,,,,1,0,0,1,0,1,0,0,1,1,1,0,0,0,0,0,Chartered Accountant
Arts,,,,73,,,,,,55,52,92,59,0,1,0,1,0,1,0,1,1,1,0,1,0,1,1,1,Chartered Accountant
Science_PCM,86,88,,82,96,57,,,,,,,,0,0,1,0,1,0,1,1,0,1,0,0,0,0,1,0,Athlete
Arts,,,,100,,,,,,54,62,74,65,0,0,1,1,1,1,1,1,0,1,0,0,0,0,0,0,Scientist
Commerce,,,,86,,70,100,63,98,,,,,1,0,0,1,1,0,0,0,0,1,1,1,1,0,0,0,Artist
Science_PCM,68,87,,52,91,52,,,,,,,,1,1,0,1,1,1,0,1,0,0,1,0,0,0,1,0,Artist
Science_PCM,60,80,,55,93,88,,,,,,,,1,0,0,0,0,0,0,0,1,1,0,0,0,1,0,1,Scientist
Science_PCM,61,76,,97,73,99,,,,,,,,1,1,1,0,1,0,0,1,1,0,0,0,0,1,0,0,Politician
Science_PCB,57,88,81,61,99,,,,,,,,,0,0,0,1,0,0,1,1,0,1,1,0,0,0,1,1,Athlete
Commerce,,,,99,,95,68,92,97,,,,,0,0,0,1,1,1,1,1,1,1,1,1,0,0,0,1,Athlete
Science_PCB,59,96,88,79,56,,,,,,,,,1,1,0,0,0,0,1,0,0,1,1,1,0,0,0,1,Entrepreneur
Science_PCB,78,68,95,74,78,,,,,,,,,1,0,1,1,0,1,0,1,0,0,1,0,0,1,0,1,Software Developer
Arts,,,,66,,,,,,95,58,93,73,0,0,1,1,1,1,1,0,1,1,0,0,0,0,1,1,Athlete
Commerce,,,,66,,94,73,86,74,,,,,1,0,0,1,1,1,0,1,0,0,1,1,0,1,1,1,Teacher
Science_PCB,95,96,93,69,60,,,,,,,,,1,0,1,0,1,1,1,1,1,0,0,1,1,1,1,0,Software Developer
Science_PCB,69,95,82,90,70,,,,,,,,,1,1,1,1,0,1,0,1,1,1,1,1,1,1,0,0,Scientist
Commerce,,,,100,,68,57,62,67,,,,,0,1,0,1,0,1,0,0,0,0,0,0,1,1,1,1,Teacher
Arts,,,,89,,,,,,56,81,80,85,1,1,0,0,1,0,1,1,0,0,0,1,1,0,0,0,Politician
Science_PCB,52,75,69,69,54,,,,,,,,,1,1,0,0,1,0,0,1,0,0,1,0,1,0,0,1,Chartered Accountant
Science_PCM,86,84,,51,96,66,,,,,,,,0,1,0,0,0,0,0,1,0,1,0,1,1,1,0,0,Teacher
Science_PCB,76,98,90,82,66,,,,,,,,,1,1,1,1,0,1,0,0,0,1,0,1,0,1,1,1,Scientist
Science_PCB,96,59,63,77,67,,,,,,,,,0,0,0,0,1,1,1,1,0,0,0,1,1,1,0,0,Athlete
Science_PCB,66,100,83,73,74,,,,,,,,,1,1,1,1,1,1,0,0,0,0,0,1,0,0,0,1,Athlete
Science_PCM,82,84,,53,66,82,,,,,,,,0,0,1,1,1,1,0,0,1,1,1,1,0,1,0,1,Artist
Science_PCM,61,94,,56,95,59,,,,,,,,1,0,1,1,1,0,0,0,0,0,1,1,1,0,0,1,Athlete
Science_PCM,69,83,,70,87,86,,,,,,,,1,0,0,1,0,0,1,0,1,0,0,1,0,1,1,0,Engineer
Science_PCM,50,86,,57,74,59,,,,,,,,0,1,1,1,1,0,1,1,0,0,1,0,0,0,0,1,Engineer
Science_PCB,56,66,96,76,95,,,,,,,,,0,0,1,1,0,1,1,1,1,0,0,0,1,0,0,0,Politician
Commerce,,,,95,,81,56,71,95,,,,,0,1,1,1,1,0,1,0,0,0,0,0,0,0,0,1,Software Developer
Commerce,,,,79,,78,62,82,73,,,,,1,1,1,1,1,0,0,1,1,0,1,0,0,1,1,0,Artist
Science_PCB,71,67,99,94,95,,,,,,,,,1,0,0,0,1,0,0,0,1,0,1,0,0,0,0,1,Engineer
Science_PCB,99,84,71,75,54,,,,,,,,,1,0,1,1,1,0,0,1,0,0,1,1,0,0,0,1,Politician
Arts,,,,91,,,,,,61,60,61,53,0,1,1,0,1,1,1,0,0,1,0,1,0,0,1,0,Software Developer
Science_PCB,75,72,83,66,53,,,,,,,,,0,1,1,0,0,0,1,1,0,1,0,1,1,0,1,0,Engineer
Science_PCM,99,68,,74,69,93,,,,,,,,0,1,0,0,1,1,1,1,1,0,0,0,0,0,1,1,Teacher
Science_PCM,90,99,,58,85,58,,,,,,,,1,1,1,0,0,1,1,1,0,1,1,1,1,0,1,0,Chartered Accountant
Arts,,,,70,,,,,,97,79,76,59,0,1,0,1,0,0,0,1,1,1,0,1,0,1,1,1,Scientist
Science_PCM,56,66,,51,53,96,,,,,,,,1,1,0,0,0,1,1,0,0,1,0,0,1,0,1,1,Teacher
Commerce,,,,98,,92,58,92,61,,,,,1,1,0,0,1,1,0,1,1,1,1,0,0,1,0,0,Athlete
Arts,,,,67,,,,,,83,55,96,70,1,1,1,1,0,1,1,0,1,0,1,0,1,1,0,1,Artist
Science_PCM,66,50,,98,63,95,,,,,,,,1,0,0,0,0,0,0,0,0,1,0,0,0,1,0,0,Scientist
Arts,,,,89,,,,,,89,87,61,62,1,1,1,1,1,0,1,1,1,1,0,1,1,0,1,0,Teacher
Science_PCB,73,61,74,90,97,,,,,,,,,0,1,0,0,1,0,1,1,0,1,1,1,1,0,1,0,Politician
Science_PCM,52,87,,71,76,91,,,,,,,,1,0,0,0,0,0,1,1,0,0,0,0,1,0,1,1,Doctor
Arts,,,,70,,,,,,94,100,81,97,1,1,0,1,0,0,1,1,0,1,0,1,1,0,0,0,Athlete
Commerce,,,,85,,100,87,50,55,,,,,0,0,0,1,0,1,1,1,1,0,1,0,1,0,0,1,Scientist
Science_PCM,53,58,,69,78,99,,,,,,,,1,0,0,1,1,0,1,1,0,1,0,1,1,1,1,1,Chartered Accountant
Commerce,,,,63,,69,91,93,87,,,,,1,0,0,1,1,1,0,0,1,0,1,0,0,0,0,1,Chartered Accountant
Arts,,,,97,,,,,,53,55,93,62,0,0,1,0,1,1,1,0,1,1,1,0,0,0,0,1,Entrepreneur
Science_PCB,53,99,62,66,75,,,,,,,,,0,1,1,1,1,0,0,0,1,1,0,1,0,0,1,1,Entrepreneur
Science_PCB,63,93,64,67,67,,,,,,,,,0,1,1,1,1,1,0,0,0,0,0,0,1,0,0,1,Entrepreneur
Commerce,,,,95,,94,86,87,95,,,,,0,0,1,1,1,0,1,1,0,1,0,1,1,1,1,1,Scientist
Science_PCB,86,94,57,74,70,,,,,,,,,1,1,1,1,1,1,0,1,0,1,1,1,1,0,1,0,Entrepreneur
Science_PCM,60,58,,56,99,60,,,,,,,,0,0,0,1,0,0,1,1,1,0,1,1,0,0,1,1,Entrepreneur
Science_PCB,52,98,54,74,58,,,,,,,,,0,1,1,1,0,1,0,1,0,0,0,0,0,1,0,1,Teacher
Commerce,,,,77,,67,86,65,70,,,,,1,1,1,0,1,1,0,0,1,1,1,1,0,0,0,1,Chartered Accountant
Science_PCM,87,56,,70,90,58,,,,,,,,0,0,1,0,0,0,0,0,0,0,0,1,0,1,0,0,Doctor
Arts,,,,51,,,,,,53,57,88,76,1,1,0,1,1,1,0,1,0,0,0,1,0,1,1,1,Engineer
Science_PCB,84,57,69,94,86,,,,,,,,,0,0,1,1,0,0,0,1,1,0,1,0,0,1,0,1,Artist
Science_PCM,91,66,,85,95,80,,,,,,,,0,1,0,0,0,1,1,1,0,0,0,1,0,1,0,1,Software Developer
Arts,,,,58,,,,,,97,64,82,54,1,1,0,0,1,0,1,0,1,0,1,0,1,0,1,1,Athlete
Arts,,,,89,,,,,,87,52,51,94,1,1,1,0,1,0,1,1,1,1,0,1,0,1,1,1,Athlete
Arts,,,,94,,,,,,56,52,78,85,0,1,1,1,0,1,1,0,1,1,1,0,0,1,0,0,Teacher
Science_PCB,78,79,97,55,74,,,,,,,,,1,0,1,1,0,0,1,0,1,0,0,0,0,0,1,1,Doctor
Science_PCB,57,100,73,78,100,,,,,,,,,0,1,1,1,0,1,1,0,1,1,0,0,0,0,1,0,Scientist
Commerce,,,,89,,84,54,69,52,,,,,1,1,1,1,1,1,0,0,1,1,0,0,1,0,0,0,Engineer
Science_PCB,95,84,77,50,57,,,,,,,,,1,0,1,0,1,1,1,0,1,1,0,0,1,0,0,0,Chartered Accountant
Science_PCB,87,66,65,70,57,,,,,,,,,1,1,0,1,0,0,1,1,0,1,1,0,0,0,0,0,Engineer
Science_PCM,80,59,,75,74,94,,,,,,,,0,0,0,0,1,0,1,1,0,0,1,1,0,0,0,0,Doctor
Science_PCB,78,99,80,94,70,,,,,,,,,1,1,0,0,0,1,0,1,0,0,1,0,1,0,1,1,Athlete
Science_PCB,53,50,87,72,100,,,,,,,,,0,1,0,1,1,0,1,0,0,0,0,0,1,1,0,0,Politician
Science_PCB,90,50,97,60,54,,,,,,,,,1,0,0,1,1,0,0,1,0,0,0,1,1,0,1,1,Scientist
Commerce,,,,77,,83,81,51,69,,,,,0,1,1,1,1,1,0,1,0,0,1,0,0,1,1,1,Entrepreneur
Science_PCM,58,91,,92,85,86,,,,,,,,0,0,1,1,1,1,0,0,0,1,1,1,1,0,1,1,Doctor
Science_PCB,50,95,56,62,67,,,,,,,,,0,0,0,1,0,1,0,1,0,0,1,0,0,0,1,1,Software Developer
Science_PCM,92,82,,64,65,61,,,,,,,,0,1,1,0,1,0,1,1,0,1,1,0,0,1,1,1,Artist
Commerce,,,,82,,91,54,53,58,,,,,1,0,0,0,1,0,0,1,0,0,0,1,1,0,1,0,Engineer
Commerce,,,,60,,52,57,80,73,,,,,0,1,1,0,0,1,1,0,1,1,0,0,1,1,1,0,Doctor
Science_PCB,89,66,58,86,59,,,,,,,,,0,0,0,0,0,0,1,0,1,0,1,0,0,0,0,0,Artist
Science_PCM,51,86,,88,72,100,,,,,,,,0,0,0,0,1,0,1,1,1,1,0,0,0,0,0,1,Athlete
Science_PCB,57,76,83,95,53,,,,,,,,,1,1,1,0,0,1,0,0,0,0,0,0,0,1,0,0,Scientist
Arts,,,,92,,,,,,76,100,58,56,1,1,0,1,0,0,1,0,0,0,1,0,1,1,0,0,Chartered Accountant
Commerce,,,,80,,74,58,54,64,,,,,0,0,0,1,1,0,1,0,1,0,1,1,0,0,1,0,Engineer
Science_PCM,53,82,,90,60,76,,,,,,,,0,1,0,0,1,1,0,0,1,0,0,1,1,1,1,1,Teacher
Science_PCM,87,87,,80,77,83,,,,,,,,1,1,1,1,1,1,1,1,1,0,1,0,0,0,0,0,Chartered Accountant
Science_PCB,55,67,69,93,65,,,,,,,,,0,0,1,1,0,1,0,0,1,1,0,1,0,1,1,0,Scientist
Science_PCM,82,80,,60,71,61,,,,,,,,0,1,1,1,1,1,1,0,1,1,0,1,1,0,1,1,Politician
Science_PCM,91,80,,69,58,63,,,,,,,,0,0,1,1,1,1,0,1,0,1,1,1,1,1,0,1,Politician
Science_PCB,87,99,59,70,55,,,,,,,,,0,0,1,1,0,1,1,1,1,0,1,1,1,1,0,0,Politician
Arts,,,,84,,,,,,61,88,59,98,0,1,1,0,0,1,1,0,0,1,0,0,1,0,0,1,Scientist
Arts,,,,80,,,,,,82,99,51,58,1,1,0,0,1,1,1,0,1,1,1,1,0,1,1,0,Teacher
Commerce,,,,50,,83,70,67,85,,,,,0,1,1,1,0,0,1,0,0,1,0,1,0,0,0,1,Software Developer
Science_PCB,85,94,86,98,95,,,,,,,,,0,0,0,1,0,1,0,0,0,0,0,1,0,0,1,1,Politician
Science_PCB,62,63,94,64,98,,,,,,,,,1,0,0,1,0,1,1,1,0,0,1,0,1,0,1,0,Chartered Accountant
Science_PCB,52,66,78,78,51,,,,,,,,,0,1,0,1,0,1,1,0,0,0,1,0,1,0,1,0,Politician
Commerce,,,,91,,59,81,98,63,,,,,1,0,0,1,0,0,1,1,1,1,0,0,0,1,0,0,Doctor
Commerce,,,,83,,61,68,80,65,,,,,0,0,0,1,1,0,1,0,1,1,1,1,0,1,0,1,Engineer
Commerce,,,,50,,70,69,91,95,,,,,1,0,1,0,0,1,0,1,0,1,1,0,0,0,1,0,Software Developer
Commerce,,,,72,,74,56,81,97,,,,,1,0,1,1,1,1,1,0,1,1,1,1,1,1,1,0,Chartered Accountant
Commerce,,,,57,,73,95,51,72,,,,,1,1,1,0,0,0,1,0,1,1,0,1,0,0,0,1,Entrepreneur
Arts,,,,90,,,,,,72,53,82,91,0,0,1,1,1,1,0,0,1,1,0,1,0,1,0,0,Artist
Science_PCM,67,82,,55,56,79,,,,,,,,0,1,1,1,0,1,0,0,0,0,1,0,0,0,0,1,Athlete
Commerce,,,,78,,77,84,77,95,,,,,1,1,0,0,0,1,1,1,1,0,0,1,0,1,0,0,Chartered Accountant
Science_PCB,93,76,61,56,95,,,,,,,,,0,1,0,0,1,0,1,0,0,0,0,0,1,1,0,1,Engineer
Commerce,,,,65,,54,86,70,65,,,,,0,0,0,1,1,1,0,1,0,0,0,0,0,0,1,0,Teacher
Commerce,,,,100,,71,81,56,81,,,,,1,1,1,0,0,0,1,1,0,1,1,1,0,0,1,1,Teacher
Commerce,,,,52,,61,85,57,98,,,,,0,1,0,0,0,0,1,0,0,1,0,0,0,0,0,0,Scientist
Science_PCM,67,80,,62,57,54,,,,,,,,0,0,0,1,1,1,1,1,0,1,1,1,0,0,1,0,Politician
Science_PCB,85,51,97,57,90,,,,,,,,,1,1,1,0,0,1,0,1,1,0,0,0,1,1,0,1,Doctor
Science_PCB,91,68,99,79,63,,,,,,,,,0,0,1,1,0,1,0,1,1,1,0,1,1,1,1,0,Doctor
Commerce,,,,72,,80,87,61,74,,,,,0,1,1,1,1,1,0,1,1,0,0,0,1,0,0,0,Scientist
Arts,,,,88,,,,,,54,57,67,89,1,0,0,0,0,0,0,0,1,1,0,0,1,0,1,1,Athlete
Science_PCM,70,82,,51,70,52,,,,,,,,1,0,0,0,1,1,0,0,1,1,1,0,0,1,0,0,Chartered Accountant
Science_PCM,94,72,,63,76,78,,,,,,,,1,1,0,0,0,0,0,0,0,0,1,1,1,1,1,0,Teacher
Commerce,,,,100,,71,81,95,96,,,,,0,1,0,0,0,0,1,0,0,1,0,0,1,1,1,1,Athlete
Arts,,,,67,,,,,,68,66,84,100,0,0,0,1,1,1,0,0,0,0,0,0,1,1,0,0,Artist
Arts,,,,100,,,,,,70,70,71,50,0,1,0,1,0,0,1,1,0,0,1,1,1,0,0,1,Athlete
Science_PCB,100,91,94,57,97,,,,,,,,,1,0,1,1,0,1,1,0,0,0,1,0,1,0,0,0,Software Developer
Science_PCB,79,76,90,68,51,,,,,,,,,1,0,1,0,1,1,1,0,0,1,1,0,0,0,1,1,Chartered Accountant
Science_PCM,50,82,,85,67,93,,,,,,,,0,0,0,0,1,0,1,0,0,1,1,0,0,0,0,0,Athlete
Science_PCM,98,62,,71,75,63,,,,,,,,1,1,1,1,0,1,0,0,0,0,0,0,1,1,0,1,Politician
Science_PCM,57,69,,77,90,77,,,,,,,,1,0,0,0,0,0,1,1,0,1,0,1,0,0,1,0,Software Developer
Arts,,,,76,,,,,,84,53,90,86,0,1,0,1,1,0,1,0,1,0,1,1,1,0,0,0,Doctor
Science_PCM,60,99,,54,78,60,,,,,,,,1,0,1,1,0,0,0,0,0,1,1,1,1,1,0,1,Artist
Arts,,,,96,,,,,,52,86,84,97,0,1,0,1,0,1,1,1,0,0,0,1,1,1,1,1,Entrepreneur
Science_PCM,72,50,,57,71,74,,,,,,,,0,1,0,1,0,1,1,1,1,0,1,0,0,1,1,0,Doctor
Science_PCM,63,83,,92,66,86,,,,,,,,1,1,0,1,1,1,1,1,1,0,0,0,0,0,1,1,Software Developer
Arts,,,,98,,,,,,85,77,99,68,0,0,0,1,1,0,0,1,1,0,0,0,1,1,1,1,Software Developer
Science_PCB,68,64,94,94,59,,,,,,,,,1,0,0,0,0,1,0,0,0,1,0,1,0,1,1,1,Entrepreneur
Science_PCB,73,55,100,50,70,,,,,,,,,1,1,0,1,1,1,1,1,0,0,0,1,1,0,0,1,Athlete
Commerce,,,,84,,66,98,82,54,,,,,1,0,0,0,1,1,1,0,0,1,0,1,1,0,1,1,Teacher
Science_PCM,66,52,,84,67,82,,,,,,,,0,1,0,1,0,1,0,1,0,1,1,0,0,1,0,0,Artist
Science_PCM,87,92,,69,93,50,,,,,,,,1,1,0,0,0,1,0,1,0,0,1,1,1,0,1,1,Engineer
Commerce,,,,96,,74,95,71,79,,,,,0,0,1,0,0,1,0,0,1,1,0,0,0,0,0,1,Politician
Science_PCB,50,85,62,67,99,,,,,,,,,1,1,1,1,0,1,0,1,1,1,1,0,0,0,0,0,Scientist
Commerce,,,,56,,90,83,61,95,,,,,1,0,0,1,1,1,0,1,0,0,1,0,0,0,1,1,Artist
Science_PCM,100,99,,96,79,76,,,,,,,,0,0,0,0,0,0,0,1,1,1,0,1,0,1,0,0,Scientist
Science_PCB,78,78,99,99,83,,,,,,,,,1,0,1,0,0,0,1,0,0,1,1,1,0,0,0,0,Chartered Accountant
Arts,,,,100,,,,,,50,94,58,94,0,1,1,1,0,0,1,0,0,0,1,0,0,1,1,0,Entrepreneur
Science_PCM,79,54,,84,73,94,,,,,,,,1,0,0,1,0,0,0,0,1,1,1,1,1,0,0,0,Teacher
Arts,,,,79,,,,,,85,83,77,94,1,0,1,1,0,1,1,0,1,1,0,0,1,0,0,0,Politician
Science_PCM,50,70,,91,66,88,,,,,,,,0,0,1,1,1,0,0,1,1,1,0,0,0,0,1,1,Entrepreneur
Arts,,,,87,,,,,,64,83,88,93,0,0,1,1,0,1,0,1,1,1,0,1,0,1,0,0,Teacher
Arts,,,,69,,,,,,63,62,87,73,0,1,1,0,1,1,0,0,0,1,1,0,0,1,0,1,Entrepreneur
Commerce,,,,87,,75,71,72,67,,,,,0,0,1,0,1,0,1,0,0,0,1,1,0,0,1,1,Scientist
Science_PCM,100,79,,96,88,86,,,,,,,,1,0,0,0,1,0,1,0,1,0,1,1,0,1,1,1,Doctor
Science_PCB,54,52,83,94,64,,,,,,,,,1,1,1,1,1,1,1,1,1,1,1,1,1,0,0,0,Athlete
Science_PCM,82,71,,86,67,54,,,,,,,,0,1,1,1,1,1,0,0,0,1,1,1,1,0,1,0,Software Developer
Science_PCM,73,62,,50,77,84,,,,,,,,0,0,1,1,0,1,1,1,1,1,1,0,0,1,0,1,Teacher
Commerce,,,,92,,89,85,98,51,,,,,1,0,1,1,1,1,1,1,1,1,0,1,0,1,1,1,Doctor
Science_PCM,73,86,,93,91,64,,,,,,,,0,0,0,1,1,0,0,0,1,1,0,0,1,0,1,1,Chartered Accountant
Arts,,,,85,,,,,,77,99,83,85,0,0,0,1,0,1,1,0,0,1,0,0,1,0,1,0,Chartered Accountant
Commerce,,,,92,,88,55,55,94,,,,,0,0,1,0,0,1,0,1,0,1,0,1,0,1,0,0,Artist
Arts,,,,84,,,,,,100,63,96,61,0,0,1,1,1,1,1,0,0,1,0,1,1,0,1,0,Software Developer
Commerce,,,,100,,81,71,86,58,,,,,0,1,1,0,1,0,0,0,0,1,0,1,1,1,0,0,Doctor
Science_PCB,76,81,74,100,71,,,,,,,,,1,1,0,0,0,0,0,1,1,0,0,1,0,1,0,1,Engineer
Science_PCM,79,59,,75,94,79,,,,,,,,0,1,1,0,0,0,1,0,0,0,1,0,1,1,0,0,Doctor
Science_PCM,94,65,,85,52,68,,,,,,,,1,0,0,1,0,1,1,1,1,1,1,1,1,0,0,1,Teacher
Science_PCB,61,100,78,96,98,,,,,,,,,1,0,0,1,1,0,0,0,0,1,0,1,1,1,0,1,Chartered Accountant
Arts,,,,97,,,,,,67,73,75,59,1,0,0,0,0,0,1,1,1,1,0,1,1,1,0,0,Entrepreneur
Science_PCM,82,89,,80,64,66,,,,,,,,0,0,0,1,1,0,1,1,0,1,1,0,1,0,1,0,Scientist
Science_PCB,77,98,83,70,61,,,,,,,,,1,1,0,1,1,0,1,1,1,0,0,0,1,1,0,1,Entrepreneur
Commerce,,,,82,,99,69,69,96,,,,,0,1,1,0,0,0,0,1,0,1,0,1,0,1,0,1,Athlete
Science_PCM,56,71,,57,52,85,,,,,,,,1,1,1,1,1,1,0,1,1,1,1,1,1,1,1,0,Doctor
Arts,,,,56,,,,,,84,67,64,65,1,1,1,0,0,1,0,1,1,0,0,0,0,1,1,1,Chartered Accountant
Arts,,,,85,,,,,,63,77,77,90,0,0,1,0,0,1,0,0,0,1,1,0,1,0,0,1,Doctor
Arts,,,,86,,,,,,90,99,84,79,1,0,1,1,0,1,1,0,0,1,0,1,1,1,0,0,Software Developer
Science_PCB,77,71,66,91,74,,,,,,,,,0,1,1,0,1,1,0,1,0,1,0,0,0,1,1,1,Doctor
Commerce,,,,75,,65,66,65,59,,,,,1,1,1,0,1,0,0,0,1,0,0,0,0,0,1,0,Entrepreneur
Arts,,,,87,,,,,,98,74,95,68,0,1,1,1,1,0,0,1,0,0,1,1,1,1,0,1,Artist
Arts,,,,62,,,,,,99,82,96,53,0,1,0,1,1,1,1,1,1,1,1,0,1,0,1,1,Politician
Science_PCM,93,98,,65,97,92,,,,,,,,1,1,1,0,0,0,0,0,0,0,1,1,1,0,0,1,Politician
Science_PCM,85,76,,91,73,88,,,,,,,,0,1,0,0,0,1,1,0,1,1,0,1,1,1,0,1,Scientist
Arts,,,,74,,,,,,55,50,73,69,0,0,1,1,0,1,1,1,0,0,0,1,0,0,1,1,Scientist
Commerce,,,,88,,56,77,93,68,,,,,1,1,0,0,0,1,0,0,1,1,1,1,1,1,1,1,Engineer
Science_PCB,69,93,85,50,61,,,,,,,,,1,0,1,0,1,1,0,1,0,0,1,1,1,1,1,1,Teacher
Arts,,,,67,,,,,,71,55,96,68,0,1,1,1,1,1,0,1,1,0,1,0,1,1,1,1,Engineer
Commerce,,,,76,,97,65,86,85,,,,,0,0,1,1,1,1,1,0,1,0,0,0,0,0,0,1,Artist
Science_PCM,53,84,,96,59,86,,,,,,,,1,1,1,0,1,0,1,1,1,1,1,1,0,0,0,1,Artist
Commerce,,,,82,,90,71,61,83,,,,,0,0,0,1,1,0,0,1,0,1,1,1,1,0,1,0,Politician
Arts,,,,93,,,,,,70,93,59,78,0,1,1,0,0,0,1,1,0,1,1,1,0,0,1,0,Chartered Accountant
Arts,,,,52,,,,,,96,67,84,80,0,1,1,1,0,0,1,0,1,0,0,0,1,0,0,1,Teacher
Arts,,,,52,,,,,,56,92,75,65,0,1,0,0,0,1,1,1,1,0,1,1,1,1,0,0,Scientist
Science_PCM,88,57,,60,97,90,,,,,,,,1,1,0,1,0,0,1,1,1,1,0,1,0,0,0,1,Engineer
Science_PCM,56,59,,76,97,83,,,,,,,,0,0,1,1,1,1,1,0,0,0,1,0,1,0,1,0,Politician
Science_PCM,88,85,,87,95,94,,,,,,,,0,1,1,0,0,0,0,0,0,0,0,0,0,1,0,1,Entrepreneur
Commerce,,,,87,,78,80,79,62,,,,,1,1,1,1,1,1,0,0,1,1,1,0,1,0,0,0,Politician
Science_PCM,56,61,,67,72,90,,,,,,,,1,1,1,0,1,0,1,0,0,1,1,1,1,1,1,1,Entrepreneur
Commerce,,,,86,,78,91,79,84,,,,,1,0,0,0,1,1,0,0,1,0,0,1,0,0,1,0,Software Developer
Arts,,,,68,,,,,,96,61,90,94,0,1,1,0,0,1,1,1,1,0,0,0,1,0,0,1,Chartered Accountant
Science_PCM,87,90,,86,57,84,,,,,,,,1,1,0,1,1,1,1,1,0,0,1,0,0,1,0,0,Teacher
Commerce,,,,83,,93,54,70,50,,,,,1,0,1,1,0,0,1,1,0,0,0,0,1,0,1,1,Entrepreneur
Science_PCM,56,65,,67,73,78,,,,,,,,1,0,0,0,0,1,0,1,0,1,1,0,0,0,0,0,Engineer
Science_PCB,54,85,92,71,69,,,,,,,,,1,1,1,1,1,1,0,1,1,1,1,0,0,0,1,0,Athlete
Science_PCM,52,67,,99,55,68,,,,,,,,0,0,0,0,0,1,1,0,0,1,0,0,1,1,1,0,Entrepreneur
Science_PCM,73,75,,79,54,93,,,,,,,,1,1,0,0,0,0,0,0,0,1,0,1,0,0,1,0,Politician
Commerce,,,,63,,74,88,84,76,,,,,1,0,1,0,0,1,0,0,1,0,0,0,0,1,1,0,Scientist
Science_PCB,87,74,94,80,95,,,,,,,,,0,1,0,0,0,0,1,1,0,1,1,0,1,0,0,0,Politician
Science_PCM,56,96,,85,72,65,,,,,,,,1,1,0,0,1,0,0,0,1,1,0,1,0,0,1,0,Engineer
Commerce,,,,76,,60,52,81,89,,,,,0,1,0,0,1,0,1,1,1,0,1,0,0,0,0,1,Teacher
Science_PCM,93,96,,84,51,79,,,,,,,,1,1,1,1,0,0,0,1,0,0,0,0,0,0,0,0,Entrepreneur
Science_PCM,62,72,,68,92,73,,,,,,,,1,1,0,1,0,1,0,0,0,1,1,1,0,1,0,0,Athlete
Science_PCB,80,77,67,57,84,,,,,,,,,0,1,0,0,0,0,0,0,1,0,1,0,1,1,0,0,Athlete
Commerce,,,,81,,79,87,98,69,,,,,1,1,0,0,0,0,0,1,1,0,0,0,1,0,0,1,Entrepreneur
Commerce,,,,84,,77,74,80,100,,,,,1,0,1,0,0,1,0,1,1,1,0,0,1,0,0,1,Athlete
Science_PCB,78,97,83,57,96,,,,,,,,,0,1,1,0,0,1,1,0,1,0,1,0,1,0,0,0,Doctor
Science_PCB,97,97,54,81,80,,,,,,,,,1,1,1,1,0,1,1,1,1,1,1,0,0,1,1,0,Doctor
Science_PCM,60,98,,87,78,68,,,,,,,,1,1,1,0,1,1,1,1,0,0,1,0,1,1,1,0,Chartered Accountant
Science_PCB,72,62,58,100,70,,,,,,,,,0,1,1,0,1,0,1,0,1,0,0,0,1,1,1,0,Doctor
Science_PCB,85,62,51,68,68,,,,,,,,,0,0,1,0,0,0,0,1,1,1,0,0,1,0,1,0,Software Developer
Science_PCM,93,75,,100,98,77,,,,,,,,0,0,0,0,0,0,0,1,1,0,0,1,1,1,1,0,Entrepreneur
Science_PCM,95,79,,82,50,80,,,,,,,,0,1,1,1,0,1,1,0,0,1,1,1,0,1,1,0,Artist
Commerce,,,,56,,72,78,75,74,,,,,0,1,0,0,0,0,0,0,1,0,0,1,1,1,0,0,Athlete
Arts,,,,55,,,,,,84,100,72,50,0,0,1,1,1,0,0,0,1,1,0,1,1,1,0,1,Politician
Arts,,,,75,,,,,,96,61,82,95,1,0,1,0,0,0,1,1,1,1,1,0,1,0,0,0,Politician
Arts,,,,74,,,,,,76,57,85,83,1,0,0,1,1,1,1,0,1,1,0,0,0,1,0,0,Politician
Arts,,,,92,,,,,,75,90,72,79,1,0,1,1,0,0,1,1,0,1,0,1,1,0,0,1,Entrepreneur
Commerce,,,,84,,77,97,78,77,,,,,1,0,0,0,0,0,0,1,0,0,1,0,0,0,1,0,Chartered Accountant
Science_PCB,82,94,84,51,91,,,,,,,,,1,1,1,0,0,0,1,0,0,1,1,0,0,1,1,0,Athlete
Science_PCM,76,90,,71,54,99,,,,,,,,1,0,1,1,1,1,0,1,0,0,0,1,1,1,1,1,Artist
Science_PCB,93,57,93,97,67,,,,,,,,,1,0,1,0,1,1,1,0,1,0,0,1,0,1,1,1,Politician
Science_PCB,54,89,58,81,62,,,,,,,,,0,0,1,0,0,0,1,1,0,0,0,0,0,0,0,1,Engineer
Science_PCB,61,63,51,100,78,,,,,,,,,0,0,1,1,0,0,0,1,0,1,1,1,1,1,1,1,Doctor
Commerce,,,,91,,93,77,91,74,,,,,0,1,0,0,0,1,0,0,0,0,0,0,0,1,0,1,Scientist
Science_PCM,97,84,,73,73,55,,,,,,,,1,1,1,1,1,1,1,0,0,1,1,0,1,1,1,0,Athlete
Science_PCM,52,50,,69,85,86,,,,,,,,0,0,0,1,0,1,1,0,1,0,0,0,1,0,1,1,Teacher
Science_PCM,74,69,,89,54,90,,,,,,,,0,0,1,0,1,0,1,1,1,1,0,0,1,1,0,0,Entrepreneur
Science_PCB,91,63,99,100,89,,,,,,,,,1,0,1,0,0,1,0,0,1,1,0,1,1,0,1,1,Doctor
Commerce,,,,59,,57,88,96,78,,,,,1,1,1,1,1,0,0,0,1,0,1,0,1,1,0,0,Engineer
Arts,,,,95,,,,,,53,77,91,93,0,1,0,1,0,0,1,1,0,0,0,1,1,1,0,1,Engineer
Commerce,,,,79,,71,60,88,59,,,,,1,0,0,1,0,1,0,1,1,0,1,0,0,1,0,0,Engineer
Science_PCM,68,79,,66,76,79,,,,,,,,1,0,1,0,1,0,1,1,0,1,0,1,0,1,1,0,Scientist
Commerce,,,,59,,92,87,74,90,,,,,1,0,0,0,1,1,0,0,1,1,0,0,0,0,0,0,Scientist
Science_PCM,76,76,,64,92,99,,,,,,,,1,0,1,1,1,0,1,0,0,1,1,1,0,1,0,0,Chartered Accountant
Commerce,,,,61,,50,55,53,71,,,,,1,0,0,1,1,0,1,0,0,1,0,1,1,0,0,1,Artist
Commerce,,,,93,,89,76,85,95,,,,,0,0,1,1,0,0,1,1,1,0,0,1,0,1,1,1,Artist
Science_PCM,71,85,,75,67,99,,,,,,,,0,1,1,1,1,0,1,1,0,1,1,0,0,0,1,0,Chartered Accountant
Science_PCM,78,78,,52,89,68,,,,,,,,0,1,0,0,0,0,0,0,1,1,0,0,0,1,1,0,Entrepreneur
Science_PCB,60,77,65,90,93,,,,,,,,,0,0,1,0,0,0,0,1,1,1,0,1,1,0,1,1,Politician
Science_PCM,75,87,,66,68,95,,,,,,,,1,0,1,1,1,0,0,1,0,1,0,1,1,0,1,0,Teacher
Arts,,,,86,,,,,,83,81,56,89,1,0,1,1,0,0,1,0,1,0,0,1,0,0,0,1,Artist
Science_PCM,84,68,,87,94,91,,,,,,,,0,0,0,1,1,1,0,0,0,1,1,1,0,0,1,1,Software Developer
Arts,,,,55,,,,,,86,89,58,58,1,0,1,0,0,0,0,0,1,0,0,0,1,0,0,1,Scientist
Science_PCM,84,66,,81,92,75,,,,,,,,1,0,0,0,0,0,0,1,1,0,0,1,0,1,1,0,Software Developer
Commerce,,,,92,,93,55,57,62,,,,,0,0,0,0,0,1,0,1,1,0,1,0,1,1,1,0,Politician
Commerce,,,,93,,88,88,91,89,,,,,1,0,0,1,1,1,0,0,1,1,1,1,1,0,0,0,Scientist
Arts,,,,59,,,,,,55,78,88,56,0,0,0,0,1,1,1,0,1,1,0,0,0,1,0,0,Politician
Arts,,,,85,,,,,,60,76,56,99,1,1,0,1,0,1,1,1,0,1,0,1,1,0,1,0,Artist
Science_PCM,55,99,,73,98,73,,,,,,,,0,0,1,1,0,0,0,0,0,0,0,1,1,1,1,0,Doctor
Commerce,,,,64,,70,93,93,89,,,,,0,0,0,1,0,0,0,1,1,0,1,0,1,1,1,1,Chartered Accountant
Commerce,,,,56,,77,93,63,92,,,,,1,1,1,1,1,0,1,0,0,1,1,1,1,1,0,0,Athlete
Arts,,,,57,,,,,,82,97,73,66,0,1,0,1,1,0,0,1,1,0,0,0,0,0,0,0,Software Developer
Science_PCB,89,51,65,85,90,,,,,,,,,1,1,1,0,0,0,0,0,1,1,0,1,1,0,1,0,Entrepreneur
Commerce,,,,54,,89,59,80,67,,,,,1,1,1,1,0,0,0,0,0,0,1,1,1,0,0,0,Scientist
Science_PCB,58,85,51,54,56,,,,,,,,,1,1,0,0,0,1,0,0,1,1,0,0,1,0,1,1,Artist
Commerce,,,,90,,82,53,56,88,,,,,1,1,0,0,1,0,1,1,0,0,1,0,1,0,1,0,Scientist
Commerce,,,,66,,87,97,92,66,,,,,1,1,0,0,1,0,0,0,1,0,1,1,1,1,0,0,Politician
Arts,,,,98,,,,,,71,64,89,70,0,1,0,0,0,0,0,1,0,0,1,0,0,1,0,0,Politician
Commerce,,,,79,,73,92,51,78,,,,,1,0,0,0,0,0,0,0,1,1,1,1,0,1,1,0,Teacher
Commerce,,,,63,,71,87,93,89,,,,,0,0,0,0,1,1,1,1,0,0,0,0,1,1,0,1,Software Developer
Science_PCM,95,56,,72,58,50,,,,,,,,0,0,1,0,1,0,0,0,0,1,0,0,1,0,1,1,Athlete
Science_PCM,72,99,,95,94,52,,,,,,,,1,0,1,1,0,1,0,1,0,0,1,1,0,0,1,1,Software Developer
Commerce,,,,51,,85,86,73,56,,,,,0,0,1,1,0,0,1,1,1,1,1,0,1,0,0,1,Doctor
Commerce,,,,86,,65,100,66,97,,,,,1,0,1,0,0,1,1,0,0,0,1,1,1,1,0,1,Artist
Arts,,,,65,,,,,,89,69,80,69,1,1,1,1,0,0,1,0,1,0,0,0,0,1,0,0,Politician
Commerce,,,,61,,99,86,73,98,,,,,1,0,0,0,0,0,0,0,1,0,1,0,1,1,0,1,Doctor
Commerce,,,,52,,99,95,92,58,,,,,1,1,1,0,0,0,1,1,1,0,1,1,0,0,0,0,Chartered Accountant
Commerce,,,,84,,87,80,65,67,,,,,0,1,1,0,1,1,0,0,1,1,0,1,0,1,1,1,Chartered Accountant
Commerce,,,,58,,55,53,95,89,,,,,1,1,0,1,0,1,1,1,1,1,1,1,1,1,1,0,Chartered Accountant
Commerce,,,,80,,76,100,79,59,,,,,0,0,0,0,0,1,0,0,1,0,1,0,0,0,1,0,Politician
Science_PCM,52,64,,72,82,79,,,,,,,,0,0,1,0,0,1,0,1,1,0,0,1,1,0,0,1,Politician
Science_PCB,94,55,96,82,73,,,,,,,,,0,0,0,1,1,0,1,1,1,0,0,0,1,1,0,0,Engineer
Science_PCM,53,76,,74,77,85,,,,,,,,1,1,1,0,0,0,0,1,1,0,1,1,0,0,1,0,Doctor
Science_PCM,87,67,,58,61,75,,,,,,,,1,0,1,1,0,0,0,0,0,0,1,0,1,0,1,1,Entrepreneur
Science_PCB,82,58,100,95,71,,,,,,,,,0,1,0,0,0,0,1,0,1,1,1,0,1,1,1,1,Engineer
Science_PCM,67,69,,60,61,57,,,,,,,,0,0,1,0,0,0,1,0,0,1,1,1,0,1,1,1,Scientist
Science_PCM,75,92,,64,90,69,,,,,,,,0,1,0,0,1,0,1,0,0,1,0,0,0,1,1,1,Teacher
Science_PCB,89,65,56,73,61,,,,,,,,,1,0,1,1,1,0,0,1,1,1,0,0,0,1,0,0,Athlete
Commerce,,,,51,,75,72,58,52,,,,,1,0,1,1,0,0,0,0,0,1,0,1,1,1,1,1,Software Developer
Commerce,,,,70,,99,81,60,56,,,,,0,1,0,1,0,0,1,1,0,0,1,0,1,1,0,1,Software Developer
Science_PCB,64,56,64,55,94,,,,,,,,,0,0,0,1,1,1,1,0,0,1,0,0,0,0,0,1,Politician
Commerce,,,,72,,85,64,63,66,,,,,1,0,1,0,0,0,1,1,0,0,0,0,0,1,1,1,Engineer
Arts,,,,97,,,,,,88,63,59,85,1,0,1,0,1,1,0,1,1,0,0,1,1,1,1,1,Artist
Arts,,,,98,,,,,,100,73,84,50,0,1,0,1,1,1,0,0,0,1,0,0,1,1,1,1,Teacher
Science_PCM,56,68,,61,70,60,,,,,,,,0,0,0,1,1,0,0,1,1,0,1,1,0,0,0,1,Politician
Arts,,,,55,,,,,,70,92,92,57,1,0,0,1,1,0,0,1,0,0,1,0,0,1,1,1,Entrepreneur
Science_PCB,76,68,75,65,63,,,,,,,,,0,0,1,1,0,0,0,1,0,1,1,1,1,1,0,0,Doctor
Science_PCB,66,60,74,86,80,,,,,,,,,0,0,1,0,1,1,1,0,1,0,1,0,1,0,0,0,Software Developer
Science_PCM,84,84,,89,84,62,,,,,,,,1,0,1,0,0,1,1,0,0,1,1,1,0,1,1,1,Artist
Science_PCM,56,65,,67,99,90,,,,,,,,0,1,0,1,0,0,0,1,1,0,0,0,1,0,0,1,Entrepreneur
Science_PCM,91,87,,58,52,85,,,,,,,,0,0,1,0,1,1,1,1,1,1,0,0,0,1,0,1,Athlete
Commerce,,,,65,,88,66,80,76,,,,,0,1,0,1,0,1,1,0,1,0,1,0,0,0,1,0,Doctor
Arts,,,,82,,,,,,75,59,53,55,0,0,1,0,1,0,0,0,1,1,0,0,0,1,0,0,Entrepreneur
Arts,,,,75,,,,,,88,92,75,94,0,1,1,1,0,0,0,0,1,0,0,1,0,1,0,1,Doctor
Science_PCB,71,69,68,94,61,,,,,,,,,1,1,0,0,0,0,1,1,1,1,0,1,1,1,0,0,Doctor
Science_PCB,79,80,58,76,57,,,,,,,,,0,0,1,1,1,0,1,1,0,0,1,0,1,1,1,0,Chartered Accountant
Science_PCM,54,85,,88,97,78,,,,,,,,0,1,0,1,1,0,0,0,0,0,1,1,0,0,0,1,Entrepreneur
Science_PCB,54,57,54,97,66,,,,,,,,,0,0,0,1,0,0,1,1,0,1,1,1,0,0,1,1,Engineer
Science_PCB,95,94,88,90,56,,,,,,,,,1,1,0,0,1,1,0,1,1,1,0,0,0,1,1,1,Politician
Science_PCB,78,91,66,61,59,,,,,,,,,1,1,1,1,0,1,1,1,1,0,0,1,0,0,1,0,Politician
Science_PCM,73,52,,97,84,78,,,,,,,,1,1,0,1,0,1,1,1,1,0,1,0,1,0,1,0,Chartered Accountant
Arts,,,,66,,,,,,85,69,50,52,1,1,1,1,1,0,0,0,1,0,0,1,0,1,1,0,Chartered Accountant
Commerce,,,,100,,73,50,85,66,,,,,0,1,0,1,1,1,1,1,0,0,0,1,0,1,0,1,Teacher
Commerce,,,,51,,80,58,97,81,,,,,1,1,1,0,0,0,1,1,1,0,0,0,0,0,0,1,Entrepreneur
Commerce,,,,93,,63,91,78,75,,,,,0,1,0,1,1,1,1,0,1,1,0,1,1,0,1,0,Politician
Arts,,,,87,,,,,,53,54,90,99,1,1,1,0,0,0,0,0,1,0,0,0,1,1,0,1,Software Developer
Science_PCM,69,84,,80,56,92,,,,,,,,0,1,0,1,0,0,1,0,0,1,1,0,0,1,1,1,Scientist
Arts,,,,70,,,,,,69,64,69,67,0,1,0,0,0,0,1,0,1,1,0,1,1,1,1,1,Chartered Accountant
Commerce,,,,82,,51,73,76,82,,,,,0,1,0,1,0,0,1,0,1,0,0,1,1,0,1,1,Chartered Accountant
Commerce,,,,72,,76,83,74,56,,,,,0,0,1,1,0,0,1,0,1,1,0,0,0,0,0,0,Chartered Accountant
Commerce,,,,62,,95,54,52,86,,,,,1,1,0,1,1,1,0,0,1,0,0,0,0,1,0,0,Artist
Science_PCB,78,79,65,84,55,,,,,,,,,1,0,1,1,0,0,0,1,1,1,1,1,1,0,1,1,Doctor
Science_PCB,80,91,96,65,88,,,,,,,,,1,0,0,1,0,1,1,1,1,0,1,1,1,1,0,0,Teacher
Commerce,,,,100,,86,93,65,58,,,,,1,1,0,1,0,0,0,1,0,1,1,0,1,0,1,0,Politician
Science_PCM,96,88,,80,94,59,,,,,,,,1,1,0,0,0,1,1,1,1,1,0,0,1,0,0,1,Chartered Accountant
Arts,,,,85,,,,,,85,81,93,51,0,0,0,0,1,1,0,1,0,1,0,1,1,0,1,0,Teacher
Science_PCM,87,55,,74,61,68,,,,,,,,1,1,0,1,1,0,1,0,0,1,0,0,0,1,0,1,Athlete
Science_PCB,60,93,60,63,93,,,,,,,,,0,0,1,1,1,1,0,0,0,0,1,1,0,1,1,0,Athlete
Commerce,,,,83,,74,91,74,88,,,,,0,0,1,1,0,0,1,1,0,1,0,1,0,0,0,0,Software Developer
Science_PCB,86,52,74,95,69,,,,,,,,,0,0,0,1,0,1,0,1,0,0,0,0,1,1,1,1,Politician
Science_PCB,70,53,74,85,79,,,,,,,,,1,0,0,1,1,0,1,1,0,0,1,0,1,0,0,1,Software Developer
Science_PCB,83,100,84,88,93,,,,,,,,,0,0,0,0,1,0,0,1,1,0,1,1,0,1,0,1,Engineer
Arts,,,,97,,,,,,88,89,71,61,0,1,1,1,1,0,1,1,0,0,1,0,0,1,0,0,Doctor
Science_PCB,70,80,78,83,57,,,,,,,,,1,0,0,1,0,1,0,1,1,1,0,0,0,1,1,1,Software Developer
Science_PCM,92,55,,66,73,95,,,,,,,,0,1,1,1,0,0,0,1,0,0,0,1,0,0,1,0,Software Developer
Arts,,,,72,,,,,,84,57,69,54,0,0,1,0,0,0,0,1,0,1,0,1,0,0,1,0,Chartered Accountant
Science_PCB,52,99,99,97,86,,,,,,,,,0,1,0,0,1,0,0,0,1,0,0,1,0,0,1,0,Athlete
Arts,,,,66,,,,,,67,89,91,91,0,0,1,1,0,1,1,0,1,0,0,1,1,0,1,0,Entrepreneur
Arts,,,,59,,,,,,60,54,78,80,0,0,0,0,0,0,1,0,0,1,0,1,1,1,0,0,Politician
Science_PCM,90,61,,75,89,77,,,,,,,,0,1,1,0,1,0,1,1,1,0,1,0,1,1,1,0,Entrepreneur
Science_PCM,53,93,,61,96,56,,,,,,,,0,1,0,0,1,1,0,1,1,0,0,1,1,0,1,1,Engineer
Arts,,,,64,,,,,,74,63,77,83,1,1,1,0,0,1,1,0,1,0,1,1,0,1,1,1,Entrepreneur
Science_PCM,72,58,,56,84,88,,,,,,,,1,0,1,1,0,1,1,1,0,0,1,0,1,1,1,1,Chartered Accountant
Commerce,,,,87,,55,79,97,54,,,,,0,1,1,0,1,1,1,0,0,0,0,0,0,1,0,1,Scientist
Arts,,,,76,,,,,,76,67,98,80,1,1,1,1,1,1,0,0,0,1,0,1,0,1,0,0,Software Developer
Commerce,,,,69,,91,52,85,55,,,,,1,0,0,1,1,1,1,1,0,1,1,1,1,1,1,0,Scientist
Arts,,,,61,,,,,,84,89,68,85,1,1,1,0,0,1,1,1,1,0,1,0,0,0,1,1,Artist
Science_PCM,50,73,,97,58,50,,,,,,,,0,0,1,0,0,0,1,0,1,0,1,1,1,1,1,1,Chartered Accountant
Commerce,,,,86,,95,83,70,64,,,,,1,0,0,0,0,0,1,1,0,0,1,1,0,0,1,0,Scientist
Commerce,,,,89,,72,60,95,74,,,,,1,0,1,0,0,0,1,1,1,0,1,0,0,0,0,0,Doctor
Commerce,,,,51,,61,98,60,93,,,,,0,1,0,1,1,1,1,0,0,1,1,1,0,0,0,1,Scientist
Science_PCB,65,57,59,90,51,,,,,,,,,0,0,0,1,0,1,0,0,0,0,0,1,0,0,0,1,Artist
Arts,,,,65,,,,,,57,88,75,87,1,0,0,0,0,0,1,1,0,0,1,0,1,1,0,0,Engineer
Arts,,,,97,,,,,,63,51,86,88,0,0,0,0,0,1,1,1,1,0,0,1,1,0,1,1,Chartered Accountant
Arts,,,,74,,,,,,83,76,66,70,0,1,1,1,0,0,1,1,1,0,0,0,1,0,0,0,Teacher
Science_PCM,87,50,,62,85,69,,,,,,,,1,1,0,0,0,0,1,1,0,0,1,1,0,1,0,1,Scientist
Science_PCM,60,96,,69,79,79,,,,,,,,0,0,0,0,1,1,0,0,1,1,1,0,0,1,1,0,Artist
Commerce,,,,50,,69,79,98,78,,,,,0,1,0,1,0,1,1,1,0,0,0,0,0,1,1,1,Politician
Science_PCB,63,76,93,97,59,,,,,,,,,1,0,1,0,1,0,1,1,1,0,0,0,1,1,0,1,Entrepreneur
Arts,,,,53,,,,,,91,74,70,65,0,0,1,1,1,0,1,1,0,0,0,0,1,0,1,1,Athlete
Science_PCB,73,81,53,52,72,,,,,,,,,0,0,0,0,0,0,0,1,1,0,0,1,0,1,0,1,Scientist
Science_PCM,58,58,,84,84,80,,,,,,,,0,0,1,1,1,0,0,0,1,1,1,0,0,0,0,0,Entrepreneur
Commerce,,,,71,,96,98,94,80,,,,,1,0,1,0,0,1,1,0,1,0,1,1,0,0,1,0,Entrepreneur
Science_PCB,66,91,92,82,79,,,,,,,,,0,1,0,1,1,1,1,1,0,1,1,1,1,0,1,1,Doctor
Science_PCM,57,71,,81,53,79,,,,,,,,0,1,1,1,1,1,1,0,1,1,1,1,0,1,1,1,Doctor
Science_PCB,96,78,51,85,72,,,,,,,,,1,0,1,0,0,0,0,0,0,0,1,1,1,1,0,0,Athlete
Science_PCB,53,53,71,69,94,,,,,,,,,0,1,0,0,1,0,1,0,1,0,1,1,1,0,0,0,Scientist
Science_PCB,99,56,85,99,69,,,,,,,,,1,1,0,0,1,1,0,0,1,0,1,0,1,1,0,0,Scientist
Science_PCM,51,83,,75,94,93,,,,,,,,0,1,1,0,0,0,1,1,1,0,0,0,1,0,0,0,Scientist
Commerce,,,,54,,99,52,64,65,,,,,0,0,1,0,0,0,0,1,1,1,0,0,1,0,0,0,Entrepreneur
Commerce,,,,67,,81,99,76,87,,,,,1,1,0,1,1,1,0,1,1,1,0,1,0,1,1,0,Software Developer
Science_PCM,73,84,,57,98,57,,,,,,,,1,1,1,0,1,1,0,1,1,0,0,1,1,0,1,1,Doctor
Science_PCB,97,54,90,53,55,,,,,,,,,1,1,0,1,0,0,1,0,1,0,1,1,1,0,1,0,Athlete
Science_PCB,54,98,93,85,54,,,,,,,,,1,0,1,1,0,1,1,1,0,1,1,1,1,0,1,1,Software Developer
Science_PCB,90,67,84,53,79,,,,,,,,,0,1,0,1,1,0,0,1,1,1,1,1,1,1,1,0,Athlete
Commerce,,,,82,,54,87,72,87,,,,,0,0,1,1,0,0,0,0,0,1,0,0,0,1,0,1,Chartered Accountant
Commerce,,,,60,,66,83,60,81,,,,,1,0,0,0,0,0,0,0,1,0,1,0,1,0,1,1,Athlete
Science_PCB,53,90,68,86,84,,,,,,,,,1,0,1,1,1,0,0,0,1,0,0,0,0,0,0,1,Entrepreneur
Science_PCB,83,52,83,63,74,,,,,,,,,0,0,0,1,0,0,1,0,1,0,0,1,1,1,0,0,Politician
Science_PCB,63,56,64,81,72,,,,,,,,,1,0,0,0,0,1,1,0,1,1,0,0,0,0,1,1,Software Developer
Arts,,,,51,,,,,,99,72,90,58,0,1,0,0,1,0,1,0,0,1,0,1,1,1,1,0,Scientist
Commerce,,,,98,,64,70,65,89,,,,,1,0,0,1,1,0,0,0,0,0,0,0,1,1,1,1,Entrepreneur
Science_PCM,72,51,,76,84,85,,,,,,,,1,1,0,1,0,1,0,1,0,0,1,0,1,0,1,0,Engineer
Commerce,,,,71,,89,98,65,85,,,,,1,1,1,1,0,1,1,0,1,1,1,0,1,1,0,1,Scientist
Science_PCM,58,56,,80,57,76,,,,,,,,1,1,0,1,0,0,0,1,0,1,0,1,1,1,1,0,Teacher
Arts,,,,72,,,,,,53,77,78,94,0,0,0,1,0,0,1,0,1,1,1,0,0,0,0,1,Entrepreneur
Science_PCB,58,81,70,70,91,,,,,,,,,1,1,0,1,1,1,1,1,1,1,0,1,1,1,1,0,Artist
Science_PCM,62,78,,63,95,64,,,,,,,,1,0,0,1,1,1,1,0,0,0,0,0,0,1,0,1,Doctor
Science_PCM,82,62,,83,78,63,,,,,,,,1,1,0,0,1,0,0,1,0,0,1,1,1,0,0,1,Athlete
Science_PCM,63,85,,68,91,60,,,,,,,,1,1,1,1,1,1,1,0,0,1,0,0,0,0,1,1,Engineer
Arts,,,,89,,,,,,66,53,65,73,1,0,1,1,0,1,1,1,1,1,1,1,1,0,1,0,Politician
Science_PCM,69,87,,95,56,52,,,,,,,,0,1,0,1,1,1,0,1,1,0,1,0,1,0,1,0,Artist
Science_PCB,61,67,97,73,54,,,,,,,,,0,0,1,1,1,1,1,1,0,0,0,0,1,1,1,1,Entrepreneur
Science_PCB,89,100,84,90,96,,,,,,,,,1,1,0,0,0,1,0,1,0,0,1,1,1,1,1,1,Teacher
Commerce,,,,75,,99,85,59,66,,,,,0,0,1,1,1,1,0,0,0,1,0,1,1,0,0,1,Politician
Commerce,,,,67,,89,92,76,98,,,,,1,0,1,1,0,1,1,1,0,0,1,0,0,0,1,0,Artist
Arts,,,,65,,,,,,92,62,93,65,0,0,1,0,0,1,0,1,1,0,1,1,0,1,1,0,Software Developer
Arts,,,,96,,,,,,86,74,61,51,0,0,1,1,0,0,0,1,1,1,0,1,0,1,1,1,Chartered Accountant
Science_PCB,76,55,91,83,94,,,,,,,,,0,1,0,0,1,0,0,1,1,1,0,0,0,0,0,1,Scientist
Science_PCM,93,91,,62,100,81,,,,,,,,1,0,0,1,1,1,1,0,0,1,1,0,0,0,0,1,Chartered Accountant
Arts,,,,95,,,,,,83,60,54,82,0,1,1,1,0,1,0,1,0,1,0,0,0,1,0,1,Engineer
Science_PCM,87,80,,83,59,84,,,,,,,,1,0,0,0,0,0,1,0,0,1,0,0,0,1,0,1,Artist
Science_PCM,63,51,,59,86,78,,,,,,,,0,0,1,0,0,0,0,1,0,1,1,1,0,0,0,1,Athlete
Arts,,,,65,,,,,,76,59,92,100,1,0,1,1,0,0,1,1,0,1,0,1,0,1,1,0,Software Developer
Arts,,,,91,,,,,,79,67,80,64,0,1,0,1,0,0,1,1,1,1,0,0,1,0,0,0,Software Developer
Science_PCB,65,66,64,55,58,,,,,,,,,1,0,0,1,1,0,0,1,1,1,1,1,0,0,1,1,Athlete
Arts,,,,79,,,,,,50,91,83,82,0,1,0,0,0,0,1,1,0,1,1,1,1,1,0,0,Software Developer
Arts,,,,81,,,,,,80,83,79,86,1,0,1,0,1,0,1,0,0,1,0,0,1,1,1,0,Chartered Accountant
Commerce,,,,68,,53,84,59,77,,,,,1,1,0,0,1,1,1,0,0,0,0,0,0,1,1,1,Politician
Arts,,,,53,,,,,,89,52,63,92,1,1,1,1,1,0,1,1,0,1,0,0,1,0,0,0,Athlete
Arts,,,,54,,,,,,58,96,60,88,1,1,1,0,0,0,1,0,1,0,1,1,0,1,0,0,Doctor
Science_PCB,58,85,61,90,53,,,,,,,,,1,1,1,0,0,0,0,0,1,0,0,0,1,1,0,0,Athlete
Science_PCB,69,77,72,52,51,,,,,,,,,0,0,1,1,1,0,1,0,0,1,1,1,1,1,0,1,Doctor
Commerce,,,,79,,90,56,54,78,,,,,0,1,0,1,1,1,1,1,0,0,0,0,1,1,1,1,Entrepreneur
Science_PCM,88,66,,50,91,86,,,,,,,,1,1,1,0,1,0,1,1,1,1,0,1,1,0,0,0,Engineer
Science_PCB,90,86,96,74,51,,,,,,,,,0,1,1,0,0,1,0,0,1,0,0,0,1,0,0,0,Engineer
Commerce,,,,75,,65,97,75,99,,,,,0,0,0,1,1,0,1,0,1,1,0,0,0,1,0,1,Teacher
Science_PCB,56,61,86,83,86,,,,,,,,,1,1,1,1,1,0,0,1,1,1,0,0,1,1,0,0,Teacher
Arts,,,,97,,,,,,63,100,82,88,1,0,1,1,0,1,0,1,1,0,0,0,1,1,0,1,Entrepreneur
Science_PCB,68,52,57,61,62,,,,,,,,,0,1,1,0,1,0,1,0,0,0,0,0,0,1,0,1,Entrepreneur
Science_PCB,90,67,86,81,79,,,,,,,,,1,1,0,0,0,1,0,1,0,0,1,1,0,1,0,1,Chartered Accountant
Science_PCM,99,61,,54,89,88,,,,,,,,0,0,1,0,0,0,1,1,1,1,0,0,1,1,0,1,Chartered Accountant
Arts,,,,80,,,,,,51,54,63,91,1,1,0,0,1,1,0,0,0,0,1,1,1,1,0,0,Scientist
Science_PCB,67,80,54,56,92,,,,,,,,,1,1,0,1,0,1,0,1,1,0,1,0,0,0,1,1,Entrepreneur
Arts,,,,79,,,,,,76,79,73,75,1,1,1,0,0,0,1,0,0,1,0,1,0,0,1,0,Software Developer
Arts,,,,76,,,,,,63,73,99,60,1,1,0,0,0,1,0,1,1,0,1,0,1,0,1,0,Doctor
Commerce,,,,50,,57,62,89,55,,,,,1,1,0,1,1,0,1,0,1,1,0,1,0,1,0,1,Chartered Accountant
Arts,,,,88,,,,,,82,76,60,77,0,0,0,0,1,1,1,1,0,0,0,0,0,0,1,1,Engineer
Science_PCM,54,78,,88,64,84,,,,,,,,1,0,1,1,1,0,0,1,1,0,0,1,1,0,0,1,Athlete
Science_PCM,91,59,,75,97,52,,,,,,,,0,1,1,0,1,0,1,0,0,1,1,0,1,1,1,1,Scientist
Science_PCM,99,53,,55,59,61,,,,,,,,1,1,0,0,1,0,1,0,1,0,1,0,0,0,1,1,Teacher
Commerce,,,,50,,53,81,68,76,,,,,1,1,1,1,1,1,1,1,1,0,0,1,1,1,1,1,Chartered Accountant
Commerce,,,,59,,93,96,53,95,,,,,1,0,0,1,1,1,0,0,0,1,0,0,0,1,0,1,Engineer
Commerce,,,,69,,91,74,74,65,,,,,1,1,0,0,1,0,0,0,0,1,1,1,1,0,0,0,Teacher
Commerce,,,,73,,69,53,70,54,,,,,1,0,1,0,1,0,0,0,0,0,0,1,1,1,0,0,Engineer
Commerce,,,,58,,98,80,56,57,,,,,1,1,0,1,0,1,1,1,1,1,1,0,1,1,0,1,Athlete
Commerce,,,,73,,55,78,58,59,,,,,1,1,1,0,0,1,0,1,1,0,0,1,0,0,1,0,Artist
Science_PCM,98,52,,75,56,82,,,,,,,,0,1,0,1,0,1,0,1,1,1,1,0,1,1,1,0,Scientist
Science_PCM,90,54,,83,69,89,,,,,,,,0,1,1,0,0,0,1,1,1,1,1,1,1,1,0,1,Teacher
Science_PCM,88,64,,89,86,68,,,,,,,,0,1,0,0,0,1,1,1,1,0,1,0,0,0,0,1,Athlete
Commerce,,,,87,,68,89,86,96,,,,,0,0,1,1,1,1,0,0,1,1,1,0,1,0,1,1,Chartered Accountant
Science_PCB,53,91,85,88,54,,,,,,,,,1,0,0,0,1,0,1,1,0,0,1,0,1,0,1,1,Entrepreneur
Commerce,,,,85,,77,83,77,81,,,,,1,0,0,0,1,0,0,0,0,1,0,1,0,0,1,1,Athlete
Arts,,,,80,,,,,,52,52,95,61,1,0,0,1,1,0,0,1,0,0,0,0,0,0,0,0,Athlete
Arts,,,,86,,,,,,71,59,98,60,0,1,0,1,1,0,1,0,1,0,0,1,0,0,1,1,Athlete
Arts,,,,58,,,,,,62,89,97,89,0,1,0,1,0,1,1,1,0,1,0,0,0,1,1,0,Engineer
Science_PCB,58,83,58,99,100,,,,,,,,,1,1,0,0,0,0,1,0,1,1,1,0,1,1,0,0,Engineer
Commerce,,,,64,,62,63,64,85,,,,,1,0,1,0,1,0,1,1,0,0,0,1,1,1,0,1,Scientist
Commerce,,,,57,,85,98,90,94,,,,,1,0,1,1,1,0,0,1,0,0,1,1,0,0,0,1,Engineer
Commerce,,,,96,,58,99,88,71,,,,,1,1,1,1,1,0,1,1,0,0,0,1,0,1,1,0,Politician
Science_PCM,99,78,,68,79,87,,,,,,,,1,0,1,1,0,0,1,0,1,0,1,0,1,1,1,0,Doctor
Commerce,,,,82,,86,86,77,97,,,,,0,0,1,0,0,1,1,1,1,0,0,1,1,1,1,1,Scientist
Science_PCM,78,94,,83,67,87,,,,,,,,0,1,1,1,0,1,1,0,1,0,1,1,1,1,0,0,Engineer
Science_PCM,63,66,,62,80,54,,,,,,,,1,0,0,1,0,1,1,0,1,0,0,0,0,0,1,1,Teacher
Science_PCM,87,89,,64,100,78,,,,,,,,1,1,0,1,0,1,1,1,1,0,1,1,1,1,1,0,Scientist
Arts,,,,66,,,,,,68,86,75,99,0,1,0,0,0,1,1,1,1,1,0,0,1,0,0,0,Artist
Science_PCM,70,99,,71,96,74,,,,,,,,0,1,0,1,1,0,1,0,1,1,1,0,1,0,1,0,Teacher
Science_PCB,63,64,100,50,84,,,,,,,,,1,1,1,0,1,1,0,1,0,0,0,1,1,1,0,1,Software Developer
Commerce,,,,55,,99,67,60,83,,,,,0,0,1,1,0,1,0,1,1,0,1,0,1,1,0,1,Engineer
Arts,,,,90,,,,,,82,88,76,99,0,1,1,1,0,0,1,1,1,0,0,1,1,0,0,1,Athlete
Science_PCB,70,83,84,92,56,,,,,,,,,0,1,0,1,0,1,1,1,1,1,0,1,0,1,1,0,Athlete
Arts,,,,75,,,,,,98,87,58,97,1,1,0,0,0,1,1,0,1,1,1,0,0,1,0,1,Engineer
Science_PCM,98,54,,98,63,74,,,,,,,,1,0,0,1,0,1,0,1,1,1,0,0,0,0,0,0,Scientist
Science_PCB,94,100,78,98,93,,,,,,,,,1,1,0,0,1,1,0,0,1,1,1,0,0,1,1,0,Entrepreneur
Arts,,,,95,,,,,,56,88,64,54,0,1,1,0,1,1,0,1,0,0,0,1,1,1,0,0,Software Developer
Science_PCM,61,77,,81,79,71,,,,,,,,0,0,0,1,0,1,1,0,0,0,1,0,0,0,1,0,Athlete
Commerce,,,,83,,84,55,90,92,,,,,1,0,1,1,0,1,1,1,1,0,1,0,1,0,1,1,Entrepreneur
Science_PCM,97,50,,81,91,100,,,,,,,,0,0,1,1,1,0,0,1,1,0,1,1,0,1,1,1,Chartered Accountant
Commerce,,,,90,,73,83,75,85,,,,,1,0,1,0,0,1,0,1,1,1,0,0,1,0,1,1,Athlete
Science_PCB,85,65,67,77,68,,,,,,,,,0,0,1,0,0,0,1,1,1,0,0,0,0,0,0,0,Teacher
Science_PCM,71,69,,78,57,82,,,,,,,,0,0,1,1,0,0,1,1,0,0,0,0,1,0,0,0,Teacher
Science_PCB,60,74,71,71,89,,,,,,,,,1,1,1,0,1,0,0,0,1,1,0,1,0,1,1,1,Chartered Accountant
Arts,,,,65,,,,,,64,57,87,97,1,1,1,1,1,1,0,0,0,0,1,1,0,0,0,1,Artist
Science_PCB,67,97,62,68,78,,,,,,,,,1,0,1,1,1,1,0,1,1,0,1,0,0,1,1,1,Entrepreneur
Arts,,,,89,,,,,,93,78,86,63,0,1,0,1,1,1,1,1,0,1,1,0,1,0,1,0,Doctor
Science_PCM,86,85,,85,69,98,,,,,,,,0,1,0,1,0,0,1,1,0,0,0,1,1,1,1,1,Entrepreneur
Science_PCM,75,59,,90,73,90,,,,,,,,0,0,1,1,1,0,0,1,1,1,1,1,0,1,0,0,Athlete
Science_PCM,96,100,,59,89,52,,,,,,,,0,1,0,1,0,0,1,1,0,1,1,0,0,0,0,0,Scientist
Science_PCB,86,66,80,56,59,,,,,,,,,1,0,0,1,0,0,1,1,0,1,1,0,1,1,0,1,Entrepreneur
Arts,,,,72,,,,,,89,72,88,98,0,1,0,0,1,0,1,0,1,1,0,1,1,0,0,1,Artist
Commerce,,,,94,,76,57,77,63,,,,,0,1,0,0,0,1,1,0,1,1,0,0,0,0,0,0,Engineer
Arts,,,,89,,,,,,76,86,50,59,0,1,0,0,0,1,0,1,1,0,1,0,0,1,1,0,Athlete
Science_PCB,63,52,71,82,64,,,,,,,,,0,0,1,1,1,1,0,0,1,1,0,1,0,0,1,0,Scientist
Commerce,,,,98,,56,52,78,63,,,,,0,1,1,0,1,0,1,1,1,0,0,1,0,0,0,0,Politician
Arts,,,,91,,,,,,53,100,52,86,1,1,0,1,1,0,0,0,1,1,1,1,0,1,1,0,Teacher
Commerce,,,,74,,60,77,84,97,,,,,1,1,1,0,0,1,0,1,1,0,0,1,1,1,1,1,Athlete
Science_PCB,76,62,94,79,82,,,,,,,,,1,1,0,1,0,0,0,1,0,0,0,1,0,1,0,0,Teacher
Arts,,,,52,,,,,,56,83,91,73,0,1,1,1,0,1,1,0,1,0,0,0,0,0,1,1,Scientist
Commerce,,,,76,,98,60,80,100,,,,,0,0,0,1,0,0,1,1,1,0,0,1,0,1,0,1,Engineer
Science_PCM,90,72,,87,90,87,,,,,,,,1,1,1,0,1,0,0,0,1,0,0,1,0,0,1,0,Entrepreneur
Science_PCM,55,84,,62,71,56,,,,,,,,1,0,1,1,1,1,1,0,0,0,1,0,0,0,1,1,Entrepreneur
Science_PCB,83,84,55,84,95,,,,,,,,,1,0,0,1,1,1,1,1,0,0,1,0,0,0,1,1,Engineer
Science_PCM,68,53,,96,91,52,,,,,,,,1,1,0,0,1,0,1,0,0,0,0,1,1,1,1,0,Engineer
Science_PCM,63,83,,97,87,74,,,,,,,,0,1,1,0,0,1,1,1,1,0,1,1,1,0,0,1,Software Developer
Science_PCM,56,100,,76,50,86,,,,,,,,1,1,0,0,0,0,0,0,0,0,1,1,0,1,1,0,Scientist
Science_PCM,85,77,,55,80,84,,,,,,,,1,1,0,0,1,1,0,0,1,0,1,0,1,0,1,1,Entrepreneur
Arts,,,,92,,,,,,69,55,89,66,0,0,0,0,1,0,0,1,1,1,1,1,1,0,1,1,Teacher
Science_PCM,64,90,,64,68,62,,,,,,,,0,0,0,1,0,1,0,0,1,0,0,1,1,0,0,0,Teacher
Commerce,,,,82,,91,62,86,82,,,,,1,0,1,1,0,0,0,0,1,0,1,1,0,0,1,1,Entrepreneur
Commerce,,,,80,,82,93,59,82,,,,,1,0,0,1,1,1,1,0,1,0,1,1,1,1,0,1,Teacher
Science_PCM,91,65,,86,79,88,,,,,,,,0,1,0,1,0,0,0,1,1,0,0,1,0,0,1,1,Teacher
Science_PCM,56,80,,64,51,64,,,,,,,,0,1,1,0,1,0,0,1,0,0,0,0,1,0,0,0,Scientist
Commerce,,,,79,,57,52,57,77,,,,,0,1,1,1,1,1,1,1,1,1,0,1,1,0,1,1,Artist
Arts,,,,52,,,,,,95,54,72,94,1,1,1,0,0,1,0,0,1,1,1,0,0,0,0,0,Software Developer
Commerce,,,,91,,97,90,74,93,,,,,1,0,0,1,1,0,0,1,0,0,0,0,0,0,0,0,Athlete
Science_PCB,81,86,69,96,66,,,,,,,,,1,1,1,1,1,0,1,0,1,0,1,0,0,0,1,0,Software Developer
Commerce,,,,71,,64,64,69,73,,,,,0,0,0,0,0,0,0,1,1,1,0,0,0,0,1,0,Chartered Accountant
Science_PCM,93,77,,79,83,86,,,,,,,,1,0,1,1,1,1,0,0,0,0,0,0,0,1,0,0,Doctor
Arts,,,,76,,,,,,68,86,60,56,0,1,0,1,1,0,0,0,1,1,1,0,0,0,1,0,Doctor
Science_PCM,53,59,,83,99,64,,,,,,,,0,0,0,0,0,0,1,1,1,1,0,1,1,0,0,0,Scientist
Science_PCM,63,57,,96,92,84,,,,,,,,0,1,0,0,0,1,1,1,1,1,0,1,0,1,1,1,Scientist
Commerce,,,,100,,56,95,70,79,,,,,1,1,0,1,1,1,0,0,0,1,1,1,0,0,0,1,Software Developer
Arts,,,,95,,,,,,52,54,95,82,1,0,0,1,0,1,0,0,0,0,1,0,1,0,1,1,Scientist
Arts,,,,92,,,,,,61,84,94,51,1,0,1,0,1,1,1,0,1,1,1,1,1,1,0,1,Teacher
Science_PCB,59,80,84,83,90,,,,,,,,,0,0,1,0,0,0,1,1,1,1,1,1,0,0,1,0,Scientist
Science_PCM,85,59,,82,51,100,,,,,,,,0,0,1,0,1,0,1,1,1,1,0,0,1,0,0,1,Artist
Science_PCB,64,69,58,99,71,,,,,,,,,1,0,1,0,1,0,1,0,0,1,0,0,1,1,0,1,Engineer
Science_PCM,79,91,,67,61,67,,,,,,,,1,1,1,0,1,0,1,1,0,1,1,1,0,1,0,1,Teacher
Commerce,,,,64,,97,71,71,94,,,,,0,1,0,1,1,1,0,1,1,0,0,0,1,0,1,0,Athlete
Science_PCM,83,85,,91,95,84,,,,,,,,1,1,0,0,1,1,0,1,0,0,0,0,0,0,0,1,Scientist
Science_PCB,54,60,88,71,68,,,,,,,,,1,1,1,1,0,1,0,1,1,1,1,1,0,0,0,1,Chartered Accountant
Science_PCB,63,72,89,53,91,,,,,,,,,1,0,0,1,1,0,0,0,0,1,0,0,0,1,1,0,Scientist
Commerce,,,,93,,87,67,72,95,,,,,0,0,0,0,0,1,1,1,1,1,0,0,0,0,0,0,Entrepreneur
Arts,,,,89,,,,,,95,85,53,75,1,0,1,0,0,0,0,1,1,0,1,0,1,0,1,0,Doctor
Science_PCM,69,66,,66,84,65,,,,,,,,0,1,0,0,1,0,1,0,0,1,0,1,1,0,1,1,Politician
Commerce,,,,55,,58,62,73,54,,,,,1,1,0,0,0,1,1,1,0,1,1,0,0,1,1,1,Doctor
Commerce,,,,96,,61,86,81,74,,,,,0,0,1,1,1,1,1,0,0,1,0,1,0,1,0,1,Engineer
Science_PCM,62,68,,77,82,63,,,,,,,,1,1,1,1,1,1,0,1,1,1,1,1,1,1,0,1,Chartered Accountant
Arts,,,,80,,,,,,69,72,85,76,0,0,1,0,1,0,0,1,1,1,1,0,0,0,0,0,Doctor
Arts,,,,82,,,,,,81,66,80,93,1,1,0,0,1,1,0,0,1,0,1,1,0,1,1,0,Athlete
Commerce,,,,76,,73,78,100,77,,,,,1,0,1,1,1,1,1,1,1,1,1,0,1,1,1,0,Teacher
Science_PCB,56,87,57,98,83,,,,,,,,,1,1,0,0,0,0,0,1,1,1,0,0,1,1,0,1,Politician
Science_PCB,93,86,50,56,53,,,,,,,,,1,0,1,0,0,1,1,1,0,0,1,0,1,0,0,0,Athlete
Science_PCM,89,58,,58,54,74,,,,,,,,0,1,1,1,1,0,1,0,0,1,0,1,1,1,1,0,Doctor
Science_PCM,67,60,,69,92,71,,,,,,,,1,0,0,1,0,0,0,0,1,1,0,1,1,0,1,0,Chartered Accountant
Science_PCB,81,50,83,63,79,,,,,,,,,0,0,0,0,1,0,1,0,0,1,0,0,0,1,0,1,Chartered Accountant
Science_PCB,63,71,71,81,85,,,,,,,,,0,1,1,0,1,1,0,0,0,1,0,1,1,0,1,1,Chartered Accountant
Arts,,,,54,,,,,,70,54,75,87,1,1,0,1,0,1,1,1,1,0,0,0,1,0,0,1,Doctor
Science_PCB,56,83,72,65,62,,,,,,,,,1,0,1,0,1,0,1,1,1,0,0,0,1,0,0,0,Software Developer
Arts,,,,50,,,,,,95,58,62,95,1,1,0,0,1,1,0,0,0,0,0,1,1,1,1,0,Chartered Accountant
Arts,,,,73,,,,,,54,57,65,95,0,0,0,0,1,0,0,0,0,1,0,0,0,1,0,1,Athlete
Commerce,,,,82,,53,92,65,60,,,,,1,1,0,0,0,0,1,0,0,0,1,1,1,1,0,1,Athlete
Commerce,,,,69,,86,79,50,80,,,,,0,0,1,1,1,0,0,1,1,1,1,1,0,0,1,1,Scientist
Science_PCB,96,83,93,75,92,,,,,,,,,0,0,1,1,0,1,1,1,1,0,1,0,0,1,0,0,Athlete
Arts,,,,58,,,,,,79,83,89,65,0,1,0,0,1,0,1,0,0,1,0,1,0,1,0,1,Artist
Science_PCB,87,51,92,56,87,,,,,,,,,0,1,1,1,0,1,0,1,1,0,0,1,0,1,0,0,Entrepreneur
Arts,,,,72,,,,,,53,99,53,60,1,1,1,1,1,0,0,0,0,1,0,0,1,1,0,1,Teacher
Arts,,,,84,,,,,,94,50,56,93,0,0,1,1,1,0,0,0,0,0,0,1,0,1,0,0,Teacher
Science_PCB,84,86,84,56,88,,,,,,,,,0,1,0,0,0,1,1,1,1,0,1,0,0,0,1,0,Scientist
Science_PCB,57,57,53,79,87,,,,,,,,,0,1,0,0,1,1,1,1,1,0,0,1,0,0,1,1,Doctor
Commerce,,,,81,,97,97,74,91,,,,,0,1,0,0,0,0,0,0,0,1,1,0,1,1,0,1,Entrepreneur
Science_PCM,83,65,,84,56,85,,,,,,,,0,1,0,0,1,0,0,1,1,1,1,0,1,1,0,0,Teacher
Arts,,,,69,,,,,,90,68,62,78,1,1,1,1,0,0,0,0,1,1,0,0,1,1,0,0,Doctor
Arts,,,,73,,,,,,84,88,63,78,1,0,0,1,1,1,0,0,1,0,0,1,0,0,1,0,Entrepreneur
Science_PCB,81,78,74,73,97,,,,,,,,,0,0,0,1,1,1,0,0,0,1,1,0,0,0,1,0,Politician
Arts,,,,51,,,,,,62,89,52,56,1,1,1,0,1,1,1,0,0,1,0,1,1,0,1,1,Chartered Accountant
Commerce,,,,84,,92,88,79,85,,,,,1,0,1,1,1,1,0,0,0,0,1,1,1,0,0,0,Chartered Accountant
Commerce,,,,52,,55,96,92,52,,,,,1,1,0,1,1,0,1,1,1,0,1,1,0,0,0,0,Entrepreneur
Arts,,,,68,,,,,,77,63,92,75,0,1,1,0,0,1,1,0,1,1,1,1,0,1,0,1,Athlete
Arts,,,,81,,,,,,100,98,65,70,0,1,0,1,0,0,0,1,0,1,1,1,1,1,1,0,Athlete
Commerce,,,,98,,64,70,72,96,,,,,0,0,1,0,0,0,1,0,1,0,1,0,0,1,0,0,Software Developer
Science_PCM,70,87,,84,87,100,,,,,,,,0,0,0,1,1,1,0,0,0,1,1,0,1,1,0,1,Athlete
Science_PCM,61,58,,61,92,69,,,,,,,,0,1,0,1,0,1,0,1,1,1,1,1,1,0,0,0,Athlete
Arts,,,,79,,,,,,82,78,76,97,1,1,0,1,1,0,1,0,1,0,1,1,1,1,1,1,Entrepreneur
Science_PCM,50,97,,87,95,53,,,,,,,,0,1,0,0,0,0,1,0,0,1,0,1,1,0,0,1,Scientist
Arts,,,,95,,,,,,69,76,70,58,1,0,0,1,1,1,1,0,0,0,0,0,0,0,0,1,Scientist
Commerce,,,,58,,67,79,50,65,,,,,0,0,1,0,1,0,1,0,0,0,1,1,0,1,1,1,Engineer
Arts,,,,72,,,,,,70,67,96,58,0,0,0,0,0,0,1,0,1,1,0,1,1,1,1,0,Athlete
Science_PCB,75,57,90,87,84,,,,,,,,,1,1,0,1,0,1,0,0,0,1,0,1,0,0,1,1,Entrepreneur
Commerce,,,,77,,89,55,84,74,,,,,1,1,1,0,1,1,0,1,0,0,0,0,1,1,1,1,Athlete
Commerce,,,,82,,56,69,86,94,,,,,0,0,1,1,1,1,0,1,0,1,0,0,1,1,0,1,Artist
Science_PCM,69,86,,61,59,80,,,,,,,,1,1,0,1,1,0,0,0,1,1,1,1,1,0,0,0,Chartered Accountant
Arts,,,,61,,,,,,57,68,62,53,1,0,1,1,0,0,0,0,1,1,0,1,0,0,0,1,Chartered Accountant
Commerce,,,,53,,68,98,67,99,,,,,1,1,1,0,0,0,0,0,1,0,1,1,1,0,0,1,Entrepreneur
Science_PCB,56,83,74,52,77,,,,,,,,,1,1,1,1,1,0,0,1,1,0,0,0,1,1,1,1,Politician
Science_PCM,52,60,,72,75,54,,,,,,,,0,0,0,1,0,0,0,0,0,0,1,0,1,1,1,1,Software Developer
Science_PCB,51,79,55,96,66,,,,,,,,,1,0,0,1,1,0,1,1,1,1,1,0,1,1,1,0,Software Developer
Science_PCB,82,96,57,91,76,,,,,,,,,1,0,1,0,1,1,0,0,1,0,1,1,1,0,0,1,Teacher
Arts,,,,73,,,,,,74,83,80,91,0,0,1,1,1,0,0,0,1,0,1,0,0,0,0,1,Athlete
Arts,,,,78,,,,,,100,74,84,84,0,0,1,0,1,0,0,1,0,1,0,1,1,0,0,1,Athlete
Science_PCM,98,61,,79,51,92,,,,,,,,0,0,1,0,1,0,0,0,1,0,1,1,0,0,1,1,Software Developer
Commerce,,,,54,,62,53,95,81,,,,,1,0,1,0,0,0,0,0,1,0,1,1,1,1,0,0,Artist
Science_PCB,94,60,74,78,60,,,,,,,,,1,0,0,1,1,1,0,1,0,0,1,1,1,0,0,0,Scientist
Science_PCB,59,77,94,80,95,,,,,,,,,0,0,0,0,1,0,0,1,0,0,1,0,0,0,0,0,Software Developer
Science_PCB,71,72,85,85,82,,,,,,,,,1,0,1,0,0,1,0,0,1,0,1,0,1,0,1,0,Athlete
Science_PCM,91,75,,90,71,64,,,,,,,,0,0,0,1,1,1,1,1,1,0,0,0,0,0,0,0,Entrepreneur
Science_PCM,64,58,,53,70,53,,,,,,,,1,0,1,0,0,1,1,0,1,0,0,1,1,1,0,1,Entrepreneur
Science_PCB,76,50,68,60,61,,,,,,,,,0,0,1,1,1,1,1,0,1,1,0,1,1,0,0,1,Athlete
Arts,,,,92,,,,,,57,66,59,68,1,0,1,1,0,0,0,0,0,0,1,0,1,1,1,1,Engineer
Science_PCB,91,60,74,98,76,,,,,,,,,1,1,0,1,0,1,1,1,0,1,1,0,0,1,0,1,Chartered Accountant
Science_PCM,52,89,,100,73,79,,,,,,,,1,0,0,1,0,0,1,1,1,1,0,0,1,1,1,0,Teacher
Science_PCB,73,71,87,75,78,,,,,,,,,0,0,0,1,0,1,1,1,1,1,0,1,1,0,0,0,Teacher
Arts,,,,74,,,,,,53,80,88,73,1,1,1,1,0,0,0,1,1,0,1,1,1,1,0,1,Engineer
Science_PCM,64,93,,57,75,65,,,,,,,,1,0,0,0,0,1,1,0,1,1,0,0,0,1,1,0,Entrepreneur
Science_PCM,70,96,,99,76,60,,,,,,,,0,1,0,1,0,1,1,0,1,1,0,1,1,1,1,1,Engineer
Science_PCM,80,85,,52,51,81,,,,,,,,1,0,0,1,1,1,1,1,1,1,0,0,1,0,1,0,Athlete
Science_PCB,66,98,96,98,72,,,,,,,,,1,0,0,0,0,0,0,0,0,1,0,0,1,0,1,0,Chartered Accountant
Commerce,,,,66,,51,80,50,82,,,,,1,0,1,1,1,1,1,1,0,0,1,0,0,0,0,0,Engineer
Science_PCM,56,86,,80,58,98,,,,,,,,0,0,1,1,1,1,1,0,0,1,0,0,1,0,1,1,Athlete
Science_PCB,64,93,53,79,71,,,,,,,,,0,1,1,0,0,1,0,1,1,1,1,1,0,0,1,0,Politician
Science_PCB,85,64,87,100,71,,,,,,,,,1,0,0,0,0,1,0,0,1,0,1,1,1,0,0,0,Athlete
Arts,,,,81,,,,,,82,56,59,79,0,1,1,0,1,0,1,0,1,1,1,1,1,1,0,1,Scientist
Science_PCB,83,97,94,96,86,,,,,,,,,1,1,0,0,1,1,0,1,0,1,0,1,0,0,0,0,Software Developer
Science_PCB,90,51,60,78,66,,,,,,,,,0,1,1,1,1,1,1,0,1,0,1,1,0,1,0,1,Scientist
Arts,,,,75,,,,,,68,74,85,100,0,0,0,0,0,0,0,0,1,0,1,1,0,0,1,1,Scientist
Arts,,,,84,,,,,,55,60,80,88,0,0,1,0,1,1,1,1,1,0,0,1,1,0,0,1,Teacher
Science_PCM,98,93,,51,62,70,,,,,,,,1,0,0,1,0,0,1,1,0,0,0,0,0,1,1,1,Entrepreneur
Science_PCM,83,56,,91,65,60,,,,,,,,1,0,1,0,1,1,1,1,1,0,1,1,0,0,0,0,Politician
Science_PCM,58,81,,89,100,89,,,,,,,,1,1,1,0,0,1,0,1,0,1,1,0,1,0,0,0,Politician
Science_PCB,84,65,61,72,70,,,,,,,,,1,0,1,1,0,0,1,0,0,0,0,0,1,0,1,0,Chartered Accountant
Arts,,,,51,,,,,,82,82,83,69,1,0,1,1,1,1,1,1,1,0,0,0,1,0,0,0,Scientist
Arts,,,,73,,,,,,54,99,86,56,0,1,1,1,1,1,0,1,1,1,0,0,1,1,1,1,Chartered Accountant
Commerce,,,,90,,68,70,71,96,,,,,1,1,1,1,1,1,0,0,1,1,1,0,1,1,1,0,Politician
Commerce,,,,66,,52,81,66,92,,,,,1,1,1,0,0,1,1,1,1,0,0,1,1,1,1,0,Athlete
Science_PCM,72,71,,91,54,57,,,,,,,,0,0,0,1,1,1,0,0,1,0,1,0,1,1,0,1,Software Developer
Science_PCB,61,52,52,83,99,,,,,,,,,0,0,1,0,0,1,0,1,1,1,0,1,0,1,0,1,Artist
Arts,,,,76,,,,,,58,65,64,82,1,1,0,1,1,1,0,1,0,1,1,0,0,1,0,0,Scientist
Arts,,,,53,,,,,,70,51,96,97,1,0,0,0,0,0,0,0,1,1,0,0,0,0,1,0,Engineer
Arts,,,,65,,,,,,75,100,55,80,1,1,0,1,0,1,0,1,0,1,1,1,0,1,1,1,Engineer
Science_PCB,82,52,64,94,97,,,,,,,,,1,1,0,1,1,0,1,0,1,1,1,1,1,1,1,0,Software Developer
Arts,,,,85,,,,,,81,64,71,57,0,0,1,1,1,1,0,1,1,1,1,1,1,1,0,1,Software Developer
Science_PCB,64,96,74,54,89,,,,,,,,,1,1,0,0,0,0,1,0,0,0,0,1,1,1,0,1,Software Developer
Science_PCB,76,53,69,73,62,,,,,,,,,0,1,0,0,1,1,0,1,1,1,1,0,0,1,0,0,Teacher
Arts,,,,92,,,,,,77,52,91,85,0,1,1,0,0,1,1,0,1,1,1,0,1,1,1,1,Engineer
Science_PCM,93,50,,60,70,82,,,,,,,,0,1,0,1,1,1,1,1,1,1,1,1,0,0,1,0,Artist
Commerce,,,,74,,81,67,70,97,,,,,1,0,0,0,1,0,0,1,1,1,1,1,0,0,1,1,Teacher
Science_PCB,52,96,86,69,81,,,,,,,,,0,0,1,1,0,1,1,0,0,0,1,1,0,1,0,0,Entrepreneur
Commerce,,,,85,,86,85,84,71,,,,,0,1,1,1,1,1,1,0,1,0,1,0,0,0,0,0,Scientist
Science_PCM,97,63,,98,97,97,,,,,,,,1,1,1,0,0,0,0,1,0,0,0,1,1,0,0,0,Teacher
Commerce,,,,98,,52,82,60,53,,,,,0,1,0,0,1,1,1,1,0,0,1,1,0,0,0,1,Doctor
Science_PCM,79,56,,92,94,96,,,,,,,,1,1,0,0,0,1,1,0,1,1,1,0,0,0,0,1,Scientist
Science_PCB,96,87,59,69,79,,,,,,,,,0,1,0,1,0,1,0,1,1,0,1,1,0,1,0,0,Politician
Commerce,,,,64,,56,73,87,99,,,,,1,0,0,1,0,0,1,1,0,0,0,1,1,0,1,0,Engineer
Science_PCB,79,62,55,76,73,,,,,,,,,1,1,0,0,1,0,0,1,1,0,1,1,0,1,1,0,Teacher
Arts,,,,94,,,,,,92,55,96,88,1,0,1,0,0,1,1,0,0,0,1,0,1,0,0,1,Athlete
Commerce,,,,89,,68,62,81,81,,,,,0,0,1,1,1,1,1,1,0,1,0,0,0,1,0,1,Software Developer
Science_PCB,60,95,72,77,71,,,,,,,,,1,1,0,0,1,1,1,1,0,1,0,1,0,0,1,1,Politician
Science_PCB,61,85,76,84,94,,,,,,,,,0,0,1,0,1,0,0,0,1,1,1,0,1,1,1,0,Athlete
Commerce,,,,61,,97,65,77,62,,,,,1,0,0,1,1,0,1,1,1,1,1,0,1,0,1,0,Teacher
Arts,,,,90,,,,,,68,74,54,95,1,0,1,0,1,1,0,0,0,1,1,0,1,1,1,0,Athlete
Science_PCM,84,53,,62,68,64,,,,,,,,0,1,0,0,0,0,0,0,1,0,1,1,0,0,0,0,Politician
Science_PCM,95,70,,56,62,92,,,,,,,,0,0,1,0,0,1,1,0,1,1,0,0,0,0,1,0,Chartered Accountant
Arts,,,,84,,,,,,69,54,69,96,0,0,1,1,1,1,1,1,1,0,0,1,1,0,0,0,Scientist
Commerce,,,,90,,65,97,50,95,,,,,1,1,1,1,0,0,0,0,1,0,1,1,1,1,1,0,Teacher
Commerce,,,,50,,99,50,83,88,,,,,1,0,0,1,1,0,0,1,1,1,0,0,1,1,1,1,Artist
Science_PCB,94,72,71,63,57,,,,,,,,,0,0,0,0,0,1,1,0,0,0,0,1,0,1,1,1,Scientist
Commerce,,,,50,,91,91,53,90,,,,,0,1,0,0,1,0,1,0,1,1,1,1,0,1,1,1,Chartered Accountant
Science_PCM,81,91,,60,87,100,,,,,,,,1,1,0,0,0,0,0,0,1,1,1,1,1,0,1,0,Entrepreneur
Arts,,,,62,,,,,,53,71,57,68,0,0,0,1,0,0,0,1,1,0,1,1,1,0,0,1,Teacher
Science_PCM,92,85,,77,79,78,,,,,,,,0,0,0,1,1,0,0,1,0,1,1,1,0,1,0,1,Entrepreneur
Science_PCB,79,96,93,94,87,,,,,,,,,1,1,0,1,1,0,0,1,1,0,1,0,1,0,1,0,Athlete
Commerce,,,,98,,59,100,92,80,,,,,0,0,1,0,0,1,1,0,1,0,0,1,1,1,0,1,Teacher
Science_PCM,76,95,,66,58,58,,,,,,,,1,0,0,1,0,1,1,1,0,0,0,0,1,0,0,0,Software Developer
Science_PCB,67,53,61,73,55,,,,,,,,,1,0,0,1,0,0,0,0,0,1,1,1,1,0,1,0,Athlete
Science_PCM,89,58,,66,67,50,,,,,,,,1,0,1,0,0,1,1,0,1,0,0,0,0,0,1,0,Chartered Accountant
Arts,,,,80,,,,,,73,58,82,50,1,0,0,0,0,1,0,0,1,1,1,1,0,0,1,1,Doctor
Arts,,,,56,,,,,,98,95,67,86,0,0,1,1,0,1,0,0,1,0,1,0,0,0,0,1,Engineer
Arts,,,,53,,,,,,61,58,74,85,0,0,1,0,1,0,0,0,1,1,0,1,0,1,0,1,Entrepreneur
Commerce,,,,52,,66,66,95,91,,,,,1,1,0,1,0,1,0,1,0,1,0,0,1,0,0,0,Engineer
Science_PCM,57,91,,67,95,76,,,,,,,,0,0,0,0,0,0,1,0,0,0,1,0,1,0,0,1,Politician
Science_PCM,64,98,,94,65,79,,,,,,,,0,1,0,0,0,1,0,1,1,0,1,0,1,1,0,1,Entrepreneur
Science_PCB,61,90,50,68,70,,,,,,,,,0,0,0,0,0,1,0,1,0,1,0,1,0,0,1,1,Politician
Science_PCM,63,62,,70,96,86,,,,,,,,1,0,1,0,1,0,1,1,0,0,1,0,1,0,0,1,Doctor
Arts,,,,79,,,,,,79,85,82,91,1,1,0,1,0,1,0,0,1,1,0,0,0,0,0,0,Doctor
Science_PCB,79,95,97,66,78,,,,,,,,,1,1,1,0,0,1,0,0,0,1,0,0,1,1,0,0,Entrepreneur
Arts,,,,61,,,,,,88,57,60,100,0,0,1,0,0,0,1,1,1,1,0,1,1,1,1,1,Software Developer
Commerce,,,,69,,52,82,77,62,,,,,1,1,1,0,1,0,0,1,0,0,1,0,0,0,0,0,Artist
Commerce,,,,78,,66,84,78,63,,,,,0,1,0,1,0,0,0,1,1,0,1,0,1,0,1,0,Athlete
Commerce,,,,63,,63,75,62,85,,,,,1,1,1,0,0,0,0,0,0,1,1,0,0,0,0,0,Politician
Science_PCB,90,69,83,77,80,,,,,,,,,0,1,1,1,1,0,1,1,0,1,0,1,1,1,0,1,Chartered Accountant
Arts,,,,67,,,,,,87,78,61,74,1,1,0,0,0,0,0,0,1,1,1,0,1,0,0,1,Artist
Commerce,,,,71,,57,93,74,73,,,,,0,0,0,1,0,0,1,0,1,1,1,0,1,0,0,1,Athlete
Arts,,,,53,,,,,,80,59,89,54,1,1,1,1,0,1,0,1,0,1,1,1,0,0,0,0,Engineer
Arts,,,,72,,,,,,84,57,73,58,0,1,1,0,0,0,0,1,0,0,1,0,0,0,1,0,Chartered Accountant
Commerce,,,,92,,75,59,82,68,,,,,1,1,0,0,1,1,1,0,1,0,0,0,0,1,1,0,Teacher
Arts,,,,90,,,,,,55,92,96,74,0,1,1,1,0,0,0,1,0,0,1,0,0,0,0,1,Politician
Science_PCB,66,67,81,78,75,,,,,,,,,0,1,1,0,1,1,1,0,0,0,0,1,0,1,0,1,Engineer
Science_PCM,56,63,,61,78,51,,,,,,,,0,1,0,1,1,0,1,0,0,0,0,0,1,1,0,1,Engineer
Science_PCB,92,97,83,54,57,,,,,,,,,1,0,0,0,1,0,1,1,0,1,0,1,1,0,1,0,Teacher
Commerce,,,,54,,70,61,66,78,,,,,0,0,0,0,0,0,1,0,0,0,0,1,1,1,1,0,Software Developer
Science_PCM,69,64,,83,63,83,,,,,,,,0,1,1,1,1,1,1,1,1,1,0,0,0,0,0,1,Athlete
Commerce,,,,79,,96,98,99,68,,,,,1,0,1,0,0,1,0,1,0,0,1,0,1,1,1,1,Scientist
Science_PCB,67,68,83,80,52,,,,,,,,,1,1,0,1,1,0,1,1,0,1,1,1,0,0,0,0,Doctor
Commerce,,,,94,,50,59,86,84,,,,,0,0,0,1,1,1,0,0,0,0,1,1,0,0,1,0,Doctor
Commerce,,,,64,,81,51,54,60,,,,,0,0,1,1,1,1,0,1,0,0,0,1,1,1,1,1,Athlete
Arts,,,,76,,,,,,71,86,99,92,0,0,1,1,0,1,1,0,0,1,1,1,0,1,0,1,Doctor
Science_PCM,53,63,,54,62,66,,,,,,,,0,1,0,1,1,1,1,0,0,0,1,1,0,0,1,1,Chartered Accountant
Science_PCM,72,95,,90,60,87,,,,,,,,0,0,0,0,0,1,1,1,0,1,0,1,0,1,1,0,Chartered Accountant
Arts,,,,88,,,,,,74,56,52,59,1,1,0,0,1,1,1,0,1,0,1,1,0,0,1,1,Engineer
Arts,,,,60,,,,,,57,94,95,52,0,1,0,0,0,0,0,1,1,1,1,1,1,1,1,0,Engineer
Science_PCB,61,62,82,66,89,,,,,,,,,0,0,0,0,0,1,1,1,1,0,0,1,0,1,0,1,Entrepreneur
Science_PCM,81,64,,70,67,97,,,,,,,,1,1,1,1,0,1,1,0,1,1,0,0,1,0,1,1,Doctor
Science_PCB,94,91,88,97,70,,,,,,,,,0,1,1,0,1,1,0,1,0,1,1,1,0,1,1,1,Politician
Science_PCM,89,75,,99,69,78,,,,,,,,1,1,1,1,1,1,1,1,1,0,0,1,1,1,0,1,Doctor
Commerce,,,,98,,67,78,67,66,,,,,0,0,0,1,0,0,0,1,0,0,1,0,0,0,1,1,Teacher
Science_PCB,98,79,83,96,93,,,,,,,,,1,1,0,1,1,1,1,1,0,1,0,1,0,1,0,1,Entrepreneur
Arts,,,,54,,,,,,75,85,65,66,1,0,0,0,1,0,1,0,0,1,0,1,0,1,1,1,Entrepreneur
Science_PCB,96,76,74,84,93,,,,,,,,,1,1,0,1,0,1,1,0,1,0,0,0,0,0,0,0,Scientist
Arts,,,,85,,,,,,76,63,64,80,0,0,1,1,0,0,0,1,0,0,0,0,1,0,1,1,Engineer
Arts,,,,55,,,,,,97,72,75,61,0,1,0,1,0,1,1,1,0,0,0,1,0,1,0,0,Entrepreneur
Science_PCM,56,97,,71,50,63,,,,,,,,1,1,0,1,0,1,1,0,0,1,1,0,0,0,0,0,Politician
Science_PCB,64,60,82,89,70,,,,,,,,,0,0,0,0,1,0,1,0,1,1,1,1,0,1,1,1,Teacher
Science_PCM,55,75,,79,68,59,,,,,,,,1,0,0,0,1,1,1,1,0,1,1,1,0,0,0,0,Engineer
Commerce,,,,90,,95,59,83,92,,,,,0,0,0,1,1,0,0,0,1,1,0,1,1,1,0,0,Athlete
Arts,,,,78,,,,,,78,79,99,91,0,0,1,0,1,1,1,1,0,0,0,0,0,0,0,1,Entrepreneur
Arts,,,,85,,,,,,94,77,63,85,0,0,1,0,1,1,1,1,1,0,0,0,0,0,0,1,Politician
Science_PCB,54,83,89,57,87,,,,,,,,,0,1,1,1,0,0,0,0,1,0,0,1,0,1,0,1,Chartered Accountant
Science_PCB,71,93,84,73,67,,,,,,,,,1,0,1,0,1,1,0,1,1,0,1,0,0,1,1,0,Artist
Commerce,,,,59,,91,90,82,56,,,,,0,1,1,1,0,1,0,0,0,1,0,1,1,0,0,1,Teacher
Arts,,,,90,,,,,,98,63,67,70,1,1,1,0,1,0,1,0,0,0,0,0,0,0,1,0,Engineer
Commerce,,,,85,,80,59,90,66,,,,,1,0,0,0,1,0,1,1,1,0,0,0,0,1,0,1,Scientist
Science_PCB,53,55,83,90,66,,,,,,,,,0,1,1,1,1,0,1,0,0,1,0,1,1,1,1,1,Scientist
Science_PCM,71,51,,78,52,54,,,,,,,,0,1,1,1,0,1,1,1,0,0,0,1,0,0,1,0,Athlete
Arts,,,,90,,,,,,61,68,89,54,0,0,1,0,1,1,1,1,0,1,1,1,1,1,0,0,Engineer
Science_PCM,71,94,,79,55,98,,,,,,,,0,0,0,1,0,0,0,0,1,1,0,1,0,0,1,0,Scientist
Arts,,,,94,,,,,,58,77,91,57,1,0,0,0,1,1,1,0,0,0,0,1,1,1,1,0,Engineer
Science_PCM,51,61,,68,61,94,,,,,,,,0,0,1,0,1,1,0,1,0,0,0,1,1,1,0,1,Software Developer
Science_PCB,57,52,76,56,72,,,,,,,,,0,0,1,0,1,0,0,0,0,1,0,0,1,1,0,0,Artist
Arts,,,,77,,,,,,100,72,66,92,1,0,0,0,1,0,1,0,0,0,1,1,1,0,0,0,Doctor
Science_PCM,69,72,,61,59,52,,,,,,,,0,0,1,1,1,0,1,0,1,0,0,1,1,0,0,1,Artist
Commerce,,,,68,,86,77,55,68,,,,,0,0,1,1,0,1,0,1,0,0,0,0,0,1,0,0,Doctor
Science_PCM,74,57,,84,72,56,,,,,,,,0,0,1,1,0,0,0,0,0,1,1,1,1,0,1,1,Scientist
Arts,,,,87,,,,,,78,81,70,61,1,0,0,0,0,0,1,0,0,0,0,1,0,0,0,1,Athlete
Science_PCB,87,97,72,58,71,,,,,,,,,1,0,1,1,0,0,1,1,1,1,1,0,0,1,0,0,Athlete
Arts,,,,78,,,,,,94,72,55,91,0,1,1,0,0,0,0,1,0,0,1,0,0,1,1,1,Scientist
Arts,,,,52,,,,,,78,100,55,72,1,0,1,0,0,1,1,0,0,0,0,1,1,1,0,0,Teacher
Commerce,,,,69,,86,66,90,79,,,,,1,1,0,0,1,1,1,1,0,1,0,0,0,1,0,1,Athlete
Commerce,,,,50,,88,60,70,90,,,,,0,0,0,1,1,1,0,1,0,0,1,0,0,0,0,0,Scientist
Science_PCM,95,81,,60,74,83,,,,,,,,1,0,0,0,0,1,1,0,1,1,1,0,1,1,0,1,Athlete
Arts,,,,56,,,,,,75,82,50,57,1,1,0,1,1,0,1,1,0,0,0,1,1,0,0,0,Software Developer
Arts,,,,59,,,,,,84,64,86,80,1,1,0,0,0,0,1,1,0,0,1,1,1,0,0,1,Entrepreneur
Commerce,,,,67,,100,67,97,90,,,,,0,1,0,1,1,1,1,1,1,1,1,0,0,1,0,0,Software Developer
Commerce,,,,90,,84,50,77,66,,,,,1,0,0,1,1,0,0,1,0,0,1,0,1,0,0,0,Scientist
Science_PCB,81,55,64,50,55,,,,,,,,,0,1,0,0,1,1,0,0,1,0,0,0,1,1,1,0,Politician
Arts,,,,95,,,,,,52,74,99,77,1,0,0,0,0,1,1,1,0,1,0,1,1,1,0,0,Software Developer
Arts,,,,95,,,,,,90,62,54,58,1,1,0,0,1,1,0,0,0,0,1,0,1,1,1,0,Software Developer
Arts,,,,85,,,,,,82,84,61,93,1,1,1,1,0,0,1,0,0,0,1,1,0,1,1,0,Doctor
Science_PCM,75,61,,81,100,65,,,,,,,,1,1,1,0,0,0,1,0,1,1,0,0,0,0,0,1,Doctor
Arts,,,,62,,,,,,90,70,55,77,0,1,0,0,0,0,1,1,0,1,1,1,1,1,0,1,Doctor
Science_PCB,99,71,66,86,68,,,,,,,,,1,0,1,0,0,1,1,0,0,1,0,0,0,0,0,1,Engineer
Commerce,,,,79,,93,59,85,58,,,,,1,0,0,1,0,1,0,0,1,0,1,0,1,1,0,1,Artist
Arts,,,,95,,,,,,89,63,66,94,0,1,0,0,1,1,1,0,0,1,1,0,1,1,0,0,Engineer
Arts,,,,82,,,,,,65,73,96,95,1,1,1,1,0,0,1,1,0,1,0,1,0,1,0,0,Engineer
Science_PCB,92,85,87,76,84,,,,,,,,,0,1,1,0,1,0,1,0,1,1,0,0,0,1,0,0,Doctor
Science_PCM,77,67,,83,84,78,,,,,,,,0,1,1,0,1,1,0,0,0,0,0,1,1,1,0,0,Software Developer
Commerce,,,,64,,73,96,58,93,,,,,0,0,1,1,0,1,0,1,0,1,0,0,1,0,0,1,Chartered Accountant
Science_PCB,99,99,95,69,66,,,,,,,,,1,1,1,0,1,1,0,1,1,0,1,1,0,1,1,0,Artist
Arts,,,,94,,,,,,79,99,100,83,1,0,0,1,1,1,1,1,1,0,1,1,0,1,1,1,Teacher
Science_PCB,73,60,66,82,67,,,,,,,,,1,0,1,1,1,1,0,1,1,1,0,1,1,1,1,1,Engineer
Science_PCM,52,58,,65,90,59,,,,,,,,0,0,1,1,1,0,0,0,0,0,0,0,1,1,1,0,Software Developer
Science_PCB,81,58,87,59,59,,,,,,,,,0,1,1,1,0,0,0,0,1,0,0,1,1,0,1,1,Software Developer
Arts,,,,76,,,,,,54,90,65,88,1,1,1,1,1,0,0,0,0,0,0,0,1,0,1,0,Doctor
Science_PCB,75,95,68,72,83,,,,,,,,,1,1,0,0,0,0,0,1,0,1,0,1,0,1,1,1,Software Developer
Science_PCB,79,71,61,86,63,,,,,,,,,1,0,0,1,0,1,1,0,1,0,0,0,0,1,0,1,Scientist
Arts,,,,98,,,,,,88,56,55,70,0,0,1,0,1,1,1,1,1,1,0,1,1,0,0,1,Entrepreneur
Commerce,,,,72,,56,99,87,55,,,,,0,1,1,1,1,0,0,1,1,1,1,1,1,1,1,1,Software Developer
Science_PCB,90,91,65,81,54,,,,,,,,,1,0,0,1,1,0,1,0,1,1,1,1,0,1,1,1,Software Developer
Commerce,,,,58,,77,93,96,88,,,,,0,0,0,0,0,1,0,1,0,1,1,0,1,0,1,0,Athlete
Science_PCB,69,81,69,50,69,,,,,,,,,0,1,0,0,0,1,1,0,1,1,0,1,0,0,1,1,Athlete
Science_PCB,59,88,74,97,92,,,,,,,,,1,1,0,1,0,0,1,0,0,0,0,0,1,1,1,1,Engineer
Science_PCB,79,90,51,71,95,,,,,,,,,1,1,1,1,1,1,0,0,1,0,0,0,1,1,0,0,Chartered Accountant
Science_PCM,64,72,,95,94,93,,,,,,,,0,0,0,0,1,1,1,0,1,1,0,0,1,0,0,1,Scientist
Arts,,,,69,,,,,,60,95,96,76,0,1,0,0,1,1,1,1,1,1,1,1,0,1,0,0,Teacher
Arts,,,,87,,,,,,68,76,56,51,1,0,0,0,0,1,1,0,0,1,1,1,0,0,1,0,Athlete
Commerce,,,,98,,87,79,61,83,,,,,0,1,0,0,1,0,1,1,1,1,1,0,1,0,1,0,Scientist
Arts,,,,77,,,,,,89,73,96,59,0,0,1,1,0,0,1,0,0,1,0,0,0,1,0,1,Artist
Science_PCM,77,56,,75,83,58,,,,,,,,0,1,1,1,0,0,0,0,0,1,1,0,0,0,1,0,Teacher
Arts,,,,55,,,,,,84,53,64,69,0,1,0,0,0,0,1,0,0,0,1,0,0,0,1,0,Athlete
Commerce,,,,87,,95,72,74,92,,,,,1,1,1,1,0,1,1,1,0,0,0,0,0,0,0,1,Athlete
Commerce,,,,85,,59,100,50,83,,,,,1,0,1,0,0,0,0,1,0,0,1,0,1,0,1,0,Entrepreneur
Science_PCM,93,61,,74,89,60,,,,,,,,0,1,1,0,1,0,0,0,1,0,1,1,1,0,1,0,Engineer
Arts,,,,87,,,,,,87,59,60,100,1,0,0,0,0,0,0,0,0,0,1,1,0,1,1,1,Entrepreneur
Science_PCM,61,84,,52,60,66,,,,,,,,0,0,0,0,0,1,0,0,1,1,0,0,1,0,1,0,Chartered Accountant
Arts,,,,71,,,,,,100,65,74,58,0,0,1,1,0,0,1,0,0,0,1,1,1,0,1,1,Teacher
Commerce,,,,64,,74,50,90,70,,,,,1,1,0,0,1,1,0,1,0,1,0,1,1,0,0,0,Doctor
Arts,,,,77,,,,,,58,61,99,61,1,1,0,1,0,1,0,0,1,1,0,0,1,0,1,0,Politician
Arts,,,,90,,,,,,82,53,95,100,1,0,1,1,1,1,0,0,0,1,0,1,0,1,1,1,Artist
Science_PCM,85,92,,58,61,86,,,,,,,,1,1,1,1,0,1,1,0,0,0,1,0,1,1,0,1,Artist
Science_PCM,69,68,,61,92,93,,,,,,,,1,1,1,0,0,0,1,0,1,1,1,0,0,0,0,0,Athlete
Science_PCM,76,67,,86,64,61,,,,,,,,1,1,0,0,1,1,1,0,1,1,1,0,1,0,1,0,Doctor
Arts,,,,54,,,,,,69,94,55,87,0,0,0,0,1,0,0,1,0,0,1,0,0,1,0,0,Teacher
Arts,,,,98,,,,,,74,57,82,81,1,1,0,1,1,0,0,1,1,0,0,1,0,1,0,0,Engineer
Commerce,,,,84,,61,97,60,64,,,,,0,1,0,1,1,1,0,1,1,0,0,0,1,0,1,1,Doctor
Arts,,,,88,,,,,,80,78,99,83,1,0,0,0,1,0,1,1,1,0,1,1,1,1,1,1,Athlete
Science_PCB,73,77,58,80,89,,,,,,,,,1,0,1,1,1,1,0,0,0,0,1,1,1,1,1,1,Politician
Science_PCB,96,85,91,80,63,,,,,,,,,0,1,1,1,0,0,0,1,0,1,0,1,1,1,0,1,Athlete
Science_PCB,90,66,87,63,60,,,,,,,,,1,0,0,0,1,0,0,0,1,1,0,1,0,0,0,1,Doctor
Commerce,,,,81,,66,94,69,53,,,,,1,0,1,0,1,0,1,0,0,0,0,1,0,0,1,1,Software Developer
Arts,,,,94,,,,,,66,81,76,52,1,1,0,1,0,0,0,1,0,0,0,0,1,0,0,0,Scientist
Commerce,,,,52,,51,77,57,97,,,,,0,1,1,1,1,1,0,1,1,0,0,0,1,0,0,0,Scientist
Commerce,,,,74,,99,68,88,84,,,,,0,1,1,0,1,1,0,0,1,0,0,0,0,1,0,0,Artist
Arts,,,,64,,,,,,84,55,52,56,0,1,1,0,1,1,1,1,0,1,1,0,0,1,1,1,Engineer
Arts,,,,70,,,,,,70,66,75,80,0,1,1,0,1,0,1,0,1,0,0,1,1,0,1,0,Entrepreneur
Arts,,,,84,,,,,,50,75,56,80,1,1,1,0,1,1,0,0,0,1,1,0,1,1,0,0,Artist
Arts,,,,76,,,,,,68,86,63,58,0,1,0,1,0,0,1,1,1,1,0,0,0,1,0,1,Chartered Accountant
Science_PCB,99,72,52,80,68,,,,,,,,,1,1,1,0,1,0,1,0,0,1,0,0,1,0,0,1,Software Developer
Science_PCB,92,100,90,77,84,,,,,,,,,0,1,1,1,0,0,1,0,0,0,0,1,1,0,0,1,Chartered Accountant
Commerce,,,,52,,92,92,66,51,,,,,1,0,0,1,1,1,0,0,0,0,1,1,1,0,1,0,Entrepreneur
Commerce,,,,85,,51,99,99,98,,,,,0,0,0,0,1,0,1,0,0,1,0,1,0,1,1,1,Politician
Commerce,,,,61,,87,72,98,89,,,,,1,0,1,0,1,0,1,1,1,1,1,1,0,1,1,1,Scientist
Arts,,,,71,,,,,,59,59,77,79,1,0,0,0,0,0,0,1,1,0,0,1,1,1,1,0,Politician
Science_PCM,94,57,,60,70,71,,,,,,,,0,1,1,0,0,1,0,0,1,1,1,0,0,0,0,1,Scientist
Arts,,,,58,,,,,,100,85,77,56,1,0,1,1,0,0,1,1,1,0,1,0,0,0,1,0,Entrepreneur
Arts,,,,65,,,,,,79,74,100,59,0,0,0,0,0,0,1,0,1,0,1,1,1,0,0,1,Teacher
Science_PCM,68,82,,79,85,100,,,,,,,,1,0,0,1,1,0,0,0,0,0,0,0,1,1,0,1,Scientist
Science_PCB,65,98,55,75,74,,,,,,,,,1,1,1,0,1,0,0,0,0,1,0,1,0,1,0,0,Artist
Arts,,,,85,,,,,,65,93,54,57,1,0,0,1,1,0,0,1,1,0,1,1,1,0,1,0,Chartered Accountant
Commerce,,,,61,,53,70,51,60,,,,,1,1,0,1,1,1,1,0,1,0,1,0,0,1,0,1,Politician
Arts,,,,55,,,,,,79,72,50,52,0,1,0,0,0,1,0,0,0,0,0,1,1,1,1,1,Entrepreneur
Arts,,,,96,,,,,,85,55,67,51,0,0,1,1,1,1,0,0,1,0,1,0,1,1,0,0,Scientist
Arts,,,,95,,,,,,74,61,69,67,1,0,0,1,0,0,0,1,1,1,0,0,1,1,1,0,Entrepreneur
Commerce,,,,68,,65,58,100,93,,,,,0,1,0,1,0,1,0,1,0,0,1,1,1,0,1,0,Teacher
Arts,,,,78,,,,,,97,61,79,71,0,1,1,1,1,0,0,1,0,0,1,0,0,0,1,0,Software Developer
Arts,,,,77,,,,,,73,88,58,92,1,1,0,1,0,1,0,0,1,1,1,1,0,0,0,1,Entrepreneur
Science_PCB,73,93,62,57,53,,,,,,,,,0,0,1,0,1,1,0,0,1,0,1,1,1,1,0,1,Engineer
Arts,,,,93,,,,,,67,51,66,85,1,1,1,0,0,0,0,0,1,0,0,0,0,1,0,1,Engineer
Science_PCM,78,86,,74,84,53,,,,,,,,0,1,0,0,0,1,0,0,0,1,0,0,0,0,0,1,Engineer
Arts,,,,54,,,,,,94,82,59,73,0,1,1,1,1,0,1,1,0,0,0,1,0,1,0,0,Entrepreneur
Science_PCB,71,65,89,99,72,,,,,,,,,0,1,1,0,0,1,0,0,1,1,0,0,0,0,1,1,Engineer
Arts,,,,97,,,,,,84,88,52,56,0,1,0,1,1,1,1,0,0,0,1,1,1,0,0,1,Artist
Science_PCB,96,56,84,87,55,,,,,,,,,0,1,0,0,0,0,0,1,1,1,0,1,1,1,1,1,Scientist
Commerce,,,,57,,51,98,67,85,,,,,1,0,0,1,0,0,0,0,0,1,0,1,0,1,1,0,Doctor
Science_PCM,73,90,,91,84,57,,,,,,,,0,1,0,0,1,0,1,1,0,1,1,1,0,1,0,0,Artist
Science_PCM,54,90,,83,100,71,,,,,,,,1,0,1,0,1,0,0,1,1,1,1,1,1,1,0,0,Engineer
Arts,,,,84,,,,,,58,56,57,72,0,0,0,1,1,1,0,0,0,1,0,1,0,1,1,0,Artist
Science_PCM,92,96,,90,97,55,,,,,,,,0,1,1,1,0,0,1,1,0,0,0,0,1,1,1,1,Teacher
Science_PCM,88,51,,73,70,56,,,,,,,,1,1,0,0,1,0,0,1,0,1,1,0,1,1,0,0,Politician
Science_PCM,67,69,,70,74,95,,,,,,,,1,1,1,1,0,0,0,0,0,1,0,1,1,1,0,0,Artist
Science_PCM,85,55,,94,70,82,,,,,,,,1,1,1,1,1,0,0,1,0,0,0,0,1,1,1,0,Doctor
Commerce,,,,96,,98,97,90,50,,,,,1,1,0,0,1,1,0,0,1,1,0,0,0,1,0,0,Chartered Accountant
Arts,,,,81,,,,,,92,80,97,81,1,0,0,0,1,0,0,0,0,0,1,0,0,1,1,0,Engineer
Arts,,,,52,,,,,,59,58,87,95,0,0,1,1,1,0,1,0,0,1,0,0,0,1,0,0,Software Developer
Science_PCB,57,62,79,65,91,,,,,,,,,0,1,0,0,1,0,0,1,1,0,1,1,0,1,1,0,Teacher
Arts,,,,66,,,,,,83,79,55,51,0,0,1,0,0,1,0,0,1,1,0,0,1,1,1,0,Politician
Science_PCM,61,72,,93,89,89,,,,,,,,0,1,1,0,1,0,0,1,1,1,0,1,1,0,1,1,Politician
Science_PCM,55,55,,87,61,82,,,,,,,,0,1,0,0,1,0,1,1,1,1,0,1,1,1,0,0,Politician
Science_PCM,98,99,,77,95,65,,,,,,,,0,1,1,0,0,0,0,1,0,1,1,1,1,0,1,0,Software Developer
Science_PCB,78,73,73,55,92,,,,,,,,,0,1,0,0,0,1,0,0,1,0,1,1,1,0,1,0,Artist
Commerce,,,,58,,68,51,87,93,,,,,1,0,0,1,0,0,1,0,1,1,1,1,0,0,0,1,Athlete
Science_PCB,63,51,99,91,93,,,,,,,,,1,0,0,0,0,0,1,0,1,0,1,1,0,0,0,0,Teacher
Arts,,,,99,,,,,,89,90,75,89,0,1,0,1,1,1,1,0,1,1,0,1,1,0,1,0,Engineer
Arts,,,,96,,,,,,70,74,87,56,1,0,0,0,1,1,1,1,0,1,0,1,0,0,0,1,Software Developer
Arts,,,,88,,,,,,50,88,65,79,1,1,0,0,0,0,0,0,1,1,0,0,0,0,0,1,Doctor
Commerce,,,,98,,86,82,88,56,,,,,1,1,1,0,0,0,1,0,0,0,1,1,0,1,1,1,Software Developer
Science_PCM,81,84,,92,50,83,,,,,,,,1,1,0,0,0,0,1,0,0,0,0,0,1,1,1,1,Politician
Science_PCM,69,72,,75,53,86,,,,,,,,1,0,1,1,1,1,0,0,0,1,0,0,0,0,1,1,Software Developer
Science_PCM,64,93,,75,92,77,,,,,,,,1,0,0,1,0,1,0,1,0,1,0,0,1,1,1,0,Engineer
Commerce,,,,66,,64,71,59,82,,,,,1,0,1,0,1,1,0,0,1,0,1,0,0,1,0,1,Doctor
Commerce,,,,73,,74,80,96,50,,,,,0,1,1,0,0,1,0,0,0,0,1,1,1,0,1,1,Chartered Accountant
Science_PCM,58,92,,79,71,91,,,,,,,,1,0,0,1,0,1,1,1,0,0,1,1,0,1,1,0,Artist
Science_PCM,63,69,,76,59,91,,,,,,,,0,1,0,1,1,0,1,1,1,0,0,1,1,1,0,0,Artist
Science_PCB,50,66,54,54,97,,,,,,,,,0,0,1,1,1,0,1,0,1,0,0,1,0,0,1,1,Politician
Arts,,,,95,,,,,,91,57,53,51,1,0,0,1,0,0,0,1,1,1,0,0,1,0,0,1,Politician
Arts,,,,64,,,,,,63,99,51,90,1,1,0,0,0,0,1,0,1,1,0,1,0,1,1,0,Engineer
Science_PCM,85,77,,92,80,60,,,,,,,,1,0,0,1,1,1,1,1,0,0,0,1,0,1,1,1,Teacher
Science_PCM,72,56,,85,52,66,,,,,,,,1,1,0,1,0,1,1,0,0,0,1,1,1,0,1,0,Engineer
Arts,,,,81,,,,,,84,98,82,75,0,0,0,0,0,1,1,0,1,1,0,1,0,1,0,0,Engineer
Science_PCB,79,68,53,66,90,,,,,,,,,0,1,0,1,1,1,0,1,1,0,0,0,0,1,0,0,Artist
Arts,,,,65,,,,,,73,95,53,96,0,1,0,1,0,0,1,0,1,0,1,1,0,0,0,0,Engineer
Science_PCB,93,71,58,83,80,,,,,,,,,0,1,1,0,0,1,1,1,0,1,0,1,0,1,1,0,Doctor
Commerce,,,,50,,83,62,63,98,,,,,1,1,1,1,0,0,0,1,0,1,0,0,1,1,1,0,Scientist
Commerce,,,,78,,96,95,84,95,,,,,0,0,1,1,0,1,0,0,1,1,0,1,0,0,1,1,Doctor
Science_PCM,100,71,,79,81,92,,,,,,,,0,1,1,0,0,1,1,1,1,0,1,0,0,0,0,0,Doctor
Science_PCB,87,92,73,87,68,,,,,,,,,1,0,1,1,1,1,1,1,0,0,0,1,0,0,1,0,Entrepreneur
Commerce,,,,85,,53,96,53,58,,,,,1,0,1,1,1,1,1,0,0,0,0,1,0,1,0,1,Teacher
Science_PCM,86,94,,51,57,99,,,,,,,,1,1,0,0,0,0,0,0,1,0,0,1,1,1,0,1,Artist
Science_PCM,58,95,,95,79,54,,,,,,,,1,0,1,0,1,0,0,0,1,1,0,1,0,0,1,0,Teacher
Science_PCB,74,93,53,55,90,,,,,,,,,0,0,0,1,1,1,1,0,0,1,0,1,0,0,1,0,Chartered Accountant
Science_PCB,66,58,87,54,76,,,,,,,,,0,0,0,0,1,1,0,0,1,0,1,1,0,0,0,0,Chartered Accountant
Commerce,,,,59,,76,52,86,83,,,,,0,1,1,0,1,1,1,1,0,0,1,1,1,0,1,1,Artist
Science_PCB,66,85,90,57,83,,,,,,,,,1,1,0,1,0,0,0,0,1,1,1,1,1,0,1,1,Athlete
Science_PCM,77,68,,61,61,100,,,,,,,,1,0,1,0,1,0,0,1,1,1,1,0,0,0,1,1,Doctor
Commerce,,,,56,,71,96,63,53,,,,,1,0,0,0,0,1,1,0,1,0,1,0,0,1,1,0,Artist
Commerce,,,,97,,96,89,92,52,,,,,0,0,1,0,0,0,1,0,0,0,1,0,0,0,1,1,Doctor
Arts,,,,75,,,,,,52,66,68,71,1,1,1,0,0,0,0,1,0,1,1,1,1,1,1,1,Athlete
Arts,,,,61,,,,,,87,53,83,95,1,1,0,0,1,0,1,1,1,0,1,1,1,0,1,1,Artist
Science_PCB,50,82,92,98,50,,,,,,,,,1,0,0,0,0,1,0,0,1,0,1,1,0,1,0,0,Engineer
Science_PCB,54,64,51,71,60,,,,,,,,,0,1,1,0,1,1,0,0,0,0,0,0,1,0,0,1,Scientist
Arts,,,,51,,,,,,63,70,68,100,1,0,0,1,0,1,0,0,0,0,0,0,0,0,1,0,Teacher
Science_PCM,95,100,,94,89,70,,,,,,,,0,1,1,0,1,1,1,1,0,0,1,1,0,1,1,1,Politician
Science_PCM,89,74,,90,74,93,,,,,,,,0,1,0,1,1,0,0,1,1,1,1,0,0,1,0,0,Engineer
Commerce,,,,80,,90,50,85,100,,,,,1,1,1,0,0,0,0,1,1,0,0,1,0,1,1,1,Politician
Science_PCB,77,98,93,97,56,,,,,,,,,0,0,1,1,1,0,0,0,1,1,1,0,1,1,0,1,Scientist
Arts,,,,77,,,,,,51,68,82,85,1,0,1,1,0,1,1,0,0,0,1,1,0,0,0,0,Doctor
Science_PCM,98,88,,66,58,63,,,,,,,,0,0,1,0,1,1,0,0,0,1,0,1,1,0,0,1,Software Developer
Commerce,,,,78,,61,72,51,99,,,,,1,1,1,0,1,0,1,1,0,0,0,1,1,0,0,0,Athlete
Commerce,,,,55,,81,65,68,66,,,,,0,0,0,1,0,1,1,0,1,0,0,1,1,0,0,0,Doctor
Commerce,,,,93,,63,62,71,74,,,,,1,0,1,1,0,1,1,1,0,1,0,1,1,0,0,1,Doctor
Science_PCB,56,63,83,84,65,,,,,,,,,1,0,0,0,1,0,0,0,0,0,0,0,1,1,0,0,Chartered Accountant
Science_PCM,82,75,,95,78,55,,,,,,,,1,1,0,0,1,1,0,0,1,0,0,1,0,0,1,0,Entrepreneur
Science_PCB,88,82,54,63,82,,,,,,,,,0,1,1,1,1,1,0,0,1,0,0,0,1,1,0,1,Artist
Science_PCB,68,88,85,70,80,,,,,,,,,1,1,0,0,0,0,1,1,1,1,0,1,0,1,0,1,Engineer
Commerce,,,,53,,56,78,77,97,,,,,0,1,0,1,1,1,1,1,1,1,0,1,0,1,0,0,Scientist
Science_PCM,65,98,,86,58,85,,,,,,,,0,0,1,0,1,1,1,1,0,0,0,0,1,1,1,0,Engineer
Science_PCB,50,91,52,83,52,,,,,,,,,1,1,1,0,1,1,1,1,1,1,1,1,1,1,0,0,Scientist
Science_PCB,52,70,64,91,94,,,,,,,,,1,1,1,0,0,1,1,0,0,0,0,0,0,0,1,0,Software Developer
Commerce,,,,50,,94,63,66,77,,,,,1,1,0,1,0,1,0,0,0,0,1,0,1,1,0,0,Entrepreneur
Arts,,,,73,,,,,,53,69,61,53,0,1,1,0,0,1,0,0,1,1,0,0,0,1,1,0,Artist
Science_PCB,60,72,55,61,81,,,,,,,,,1,1,0,1,1,1,0,1,1,0,1,0,0,0,1,1,Chartered Accountant
Arts,,,,71,,,,,,80,97,92,59,1,1,1,0,0,1,0,0,0,0,1,0,1,1,1,1,Chartered Accountant
Arts,,,,57,,,,,,89,69,72,73,1,1,0,0,1,1,0,1,1,1,0,1,0,0,0,1,Artist
Arts,,,,81,,,,,,62,76,53,53,0,0,0,0,1,0,1,0,0,1,1,1,0,0,0,0,Athlete
Arts,,,,76,,,,,,79,60,55,67,0,0,1,0,0,1,0,1,1,1,1,1,1,0,1,1,Engineer
Science_PCM,64,93,,68,85,62,,,,,,,,0,0,1,1,1,0,0,0,1,0,0,0,0,0,1,1,Politician
Arts,,,,57,,,,,,81,79,85,66,0,0,1,1,1,1,0,1,0,0,1,1,1,0,1,0,Engineer
Arts,,,,67,,,,,,93,69,63,78,1,1,0,0,0,1,0,0,1,1,1,0,0,0,1,0,Chartered Accountant
Science_PCM,86,81,,93,87,78,,,,,,,,1,1,0,1,0,0,0,1,0,0,0,0,0,1,0,1,Doctor
Arts,,,,77,,,,,,97,68,78,93,1,1,1,0,1,0,0,1,0,0,0,1,1,0,0,1,Scientist
Science_PCM,64,64,,84,52,54,,,,,,,,0,0,1,1,1,1,0,1,0,1,1,1,0,1,0,0,Software Developer
Science_PCM,97,83,,85,57,86,,,,,,,,0,0,0,1,0,1,1,1,1,1,0,0,1,0,0,1,Politician
Commerce,,,,76,,53,63,93,95,,,,,0,0,1,0,0,1,0,1,1,1,0,1,0,1,1,1,Scientist
Science_PCM,90,75,,54,95,62,,,,,,,,1,0,0,1,0,1,1,0,1,1,0,0,0,0,1,1,Software Developer
Commerce,,,,51,,83,65,92,77,,,,,1,0,0,1,1,0,1,0,0,0,0,0,1,0,0,1,Engineer
Commerce,,,,97,,88,83,100,67,,,,,1,1,1,1,1,0,1,1,1,1,0,0,1,0,1,0,Engineer
Arts,,,,97,,,,,,57,71,61,76,0,1,1,0,1,1,1,0,1,1,1,1,1,0,1,1,Artist
Commerce,,,,79,,83,52,69,51,,,,,0,1,0,1,1,0,0,1,1,1,1,1,0,0,1,0,Entrepreneur
Arts,,,,73,,,,,,88,91,92,65,0,1,1,1,0,0,0,1,1,1,1,1,1,1,0,1,Software Developer
Arts,,,,89,,,,,,63,94,95,62,1,0,1,0,0,0,1,0,1,0,1,1,0,0,0,0,Entrepreneur
Science_PCB,59,55,69,68,59,,,,,,,,,0,1,1,0,0,0,0,1,0,1,0,0,0,1,0,1,Athlete
Science_PCB,76,92,54,65,93,,,,,,,,,0,0,1,0,1,0,1,1,0,1,0,0,1,1,0,1,Chartered Accountant
Commerce,,,,84,,84,63,50,64,,,,,1,0,0,1,0,0,0,0,0,0,1,0,0,1,0,1,Engineer
Commerce,,,,68,,52,84,72,85,,,,,0,1,0,1,1,1,0,1,1,0,0,0,0,1,0,1,Entrepreneur
Commerce,,,,82,,62,50,59,52,,,,,1,1,1,1,0,1,0,1,1,0,1,0,0,0,0,0,Entrepreneur
Science_PCM,57,67,,74,58,99,,,,,,,,1,0,1,1,0,0,1,0,0,1,0,1,0,1,0,0,Athlete
Science_PCB,55,98,89,66,62,,,,,,,,,0,1,0,1,0,1,0,0,0,0,0,0,1,1,0,1,Artist
Science_PCB,78,55,52,75,93,,,,,,,,,1,0,0,0,0,1,0,0,1,0,0,1,1,0,1,0,Entrepreneur
Science_PCB,99,55,66,69,80,,,,,,,,,0,0,0,0,1,1,1,0,1,0,0,1,0,1,0,1,Engineer
Arts,,,,95,,,,,,75,84,84,83,0,0,0,0,1,0,1,1,0,1,1,0,1,1,1,1,Scientist
Science_PCM,69,76,,77,79,58,,,,,,,,1,0,0,1,0,0,1,0,0,1,1,1,1,0,1,1,Teacher
Arts,,,,85,,,,,,100,67,54,51,0,1,1,0,1,1,0,0,1,1,1,0,0,1,1,0,Software Developer
Science_PCM,61,79,,65,87,69,,,,,,,,0,0,0,0,0,0,1,1,0,1,0,1,1,1,0,1,Engineer
Science_PCB,84,80,58,72,66,,,,,,,,,1,1,0,0,0,0,0,1,0,0,1,1,0,1,0,0,Teacher
Science_PCM,50,89,,70,79,96,,,,,,,,1,1,1,1,0,1,0,0,0,1,0,0,1,1,0,0,Engineer
Commerce,,,,64,,85,99,71,63,,,,,1,0,0,0,1,0,0,0,0,0,1,1,1,1,0,0,Scientist
Science_PCM,81,68,,86,92,77,,,,,,,,1,1,1,1,1,0,0,0,1,1,1,0,0,0,0,1,Software Developer
Science_PCB,87,58,86,68,74,,,,,,,,,1,1,0,1,1,1,1,1,1,1,0,1,1,0,1,0,Teacher
Science_PCB,56,83,88,58,85,,,,,,,,,0,1,0,1,0,0,1,1,0,0,1,0,0,0,1,0,Teacher
Commerce,,,,57,,89,79,95,96,,,,,1,1,1,1,0,0,1,0,1,1,1,1,1,1,1,1,Chartered Accountant
Science_PCM,63,53,,87,64,67,,,,,,,,0,0,0,0,1,1,1,1,0,1,0,1,0,1,0,1,Entrepreneur
Arts,,,,89,,,,,,90,82,54,66,1,0,1,0,0,0,1,0,0,0,1,0,0,0,1,0,Teacher
Science_PCB,68,73,73,90,75,,,,,,,,,1,1,1,0,1,1,1,1,0,0,1,1,0,1,1,1,Entrepreneur
Arts,,,,50,,,,,,82,57,90,100,0,0,0,0,0,0,0,1,0,0,1,1,1,1,1,0,Athlete
Science_PCB,80,83,84,78,72,,,,,,,,,1,1,0,0,0,1,0,1,1,0,0,0,1,0,0,0,Entrepreneur
Science_PCB,96,99,95,95,52,,,,,,,,,1,0,0,0,1,1,1,0,0,1,0,1,0,1,1,1,Politician
Science_PCM,82,76,,58,99,86,,,,,,,,1,1,1,1,1,0,0,0,0,1,1,1,0,1,0,0,Engineer
Arts,,,,51,,,,,,95,97,79,99,1,0,1,0,0,0,0,1,0,1,1,1,1,1,1,0,Artist
Science_PCB,88,100,67,70,94,,,,,,,,,1,0,0,1,0,1,0,0,1,1,1,0,0,0,0,1,Scientist
Science_PCB,95,60,52,82,82,,,,,,,,,1,0,0,1,0,1,0,1,1,0,0,1,0,1,0,0,Teacher
Arts,,,,57,,,,,,77,69,93,79,0,0,1,1,0,1,0,1,0,1,1,0,0,0,0,0,Scientist
Science_PCM,99,99,,55,76,91,,,,,,,,0,0,1,0,0,1,1,0,0,0,1,0,1,1,1,0,Artist
Science_PCM,87,99,,98,53,51,,,,,,,,0,1,1,0,1,1,0,0,0,0,0,0,0,1,1,1,Entrepreneur
Commerce,,,,99,,68,58,90,74,,,,,0,1,1,0,1,0,0,1,0,1,1,0,0,0,1,1,Scientist
Commerce,,,,63,,61,58,57,61,,,,,1,1,0,1,0,1,1,0,0,1,0,0,0,0,1,0,Athlete
Arts,,,,94,,,,,,81,98,55,62,0,0,0,1,0,0,0,1,1,1,1,1,1,0,1,0,Chartered Accountant
Science_PCM,58,84,,83,59,94,,,,,,,,1,1,1,0,1,0,1,1,1,0,0,1,0,1,1,0,Politician
Arts,,,,68,,,,,,66,74,80,63,1,0,1,0,1,0,1,1,0,1,0,0,0,1,1,1,Athlete
Commerce,,,,84,,82,96,56,100,,,,,0,1,0,1,0,1,1,1,1,0,0,1,1,0,1,1,Doctor
Science_PCM,78,74,,64,53,98,,,,,,,,1,1,0,0,1,0,0,0,0,0,1,0,0,1,1,1,Athlete
Commerce,,,,57,,58,57,56,65,,,,,0,0,1,1,0,1,0,0,0,0,0,1,0,1,1,0,Entrepreneur
Science_PCM,99,63,,94,67,91,,,,,,,,0,1,0,1,1,1,0,0,0,0,0,1,0,0,1,0,Chartered Accountant
Arts,,,,84,,,,,,83,92,80,86,1,1,1,0,1,0,0,0,0,1,1,0,1,1,0,1,Athlete
Commerce,,,,69,,93,78,91,81,,,,,1,1,1,0,1,1,1,0,0,1,0,1,0,0,0,0,Entrepreneur
Commerce,,,,66,,71,85,60,72,,,,,0,0,0,0,0,0,0,0,1,1,1,0,1,0,1,0,Entrepreneur
Arts,,,,59,,,,,,89,98,51,74,0,0,0,1,1,1,1,1,0,1,0,1,0,1,1,0,Engineer
Arts,,,,58,,,,,,53,73,63,74,1,0,0,1,0,0,0,1,1,1,1,0,0,0,0,0,Athlete
Arts,,,,73,,,,,,55,70,81,55,0,1,1,1,0,1,1,1,1,0,1,0,1,0,0,1,Athlete
Arts,,,,51,,,,,,79,87,66,62,1,0,1,0,0,0,1,1,1,1,1,1,1,0,0,1,Entrepreneur
Arts,,,,72,,,,,,64,84,97,57,1,1,1,1,0,1,1,1,1,1,1,0,0,0,1,1,Scientist
Science_PCB,67,55,65,94,51,,,,,,,,,0,1,1,1,1,1,1,1,0,0,1,1,1,1,1,0,Teacher
Science_PCM,99,89,,76,84,70,,,,,,,,1,1,1,1,0,0,0,0,0,0,1,1,0,0,1,0,Software Developer
Arts,,,,85,,,,,,79,61,100,53,1,1,0,1,0,0,0,0,0,0,1,0,0,0,0,0,Athlete
Arts,,,,58,,,,,,61,90,78,51,1,0,1,1,0,1,1,0,0,0,0,0,1,0,1,1,Engineer
Science_PCM,76,53,,69,56,79,,,,,,,,1,1,0,1,0,1,1,0,1,1,1,1,1,0,0,1,Doctor
Commerce,,,,69,,82,82,59,91,,,,,0,1,0,1,0,1,1,0,0,0,1,1,1,1,1,0,Entrepreneur
Science_PCB,98,64,64,65,70,,,,,,,,,1,0,1,0,0,1,1,0,0,1,1,0,1,1,1,1,Teacher
Science_PCB,94,78,81,81,89,,,,,,,,,1,1,0,1,1,1,0,0,0,0,1,1,1,0,1,1,Chartered Accountant
Science_PCB,59,64,54,64,82,,,,,,,,,1,1,1,0,1,1,1,1,1,0,0,0,0,1,1,0,Software Developer
Science_PCB,70,98,90,94,66,,,,,,,,,1,1,1,1,0,1,0,0,0,1,0,0,1,0,1,1,Politician
Commerce,,,,87,,96,91,85,59,,,,,0,1,1,0,0,1,1,1,0,1,0,0,0,0,1,0,Artist
Arts,,,,56,,,,,,96,66,94,57,0,1,1,1,0,0,1,0,1,0,0,0,0,0,0,0,Doctor
Science_PCB,66,66,83,63,53,,,,,,,,,0,0,0,0,1,0,0,1,1,0,0,0,1,1,0,1,Artist
Commerce,,,,64,,76,98,88,97,,,,,0,1,0,1,0,1,1,1,0,0,0,0,1,1,1,0,Artist
Science_PCM,50,66,,58,59,63,,,,,,,,1,0,0,0,1,0,0,0,1,0,0,1,1,1,1,1,Doctor
Science_PCM,61,62,,98,56,75,,,,,,,,0,0,0,0,0,0,0,0,1,1,1,0,1,1,0,0,Chartered Accountant
Science_PCB,93,62,75,98,88,,,,,,,,,0,0,1,0,0,1,0,0,0,1,0,0,0,0,1,1,Teacher
Science_PCM,76,87,,57,86,52,,,,,,,,1,1,0,1,1,1,0,0,1,0,1,0,1,0,0,0,Artist
Arts,,,,68,,,,,,81,84,65,75,0,1,1,0,1,0,0,0,1,0,0,1,0,0,1,0,Engineer
Science_PCB,69,61,90,86,73,,,,,,,,,1,1,0,0,1,1,1,0,0,0,1,0,1,1,1,1,Politician
Science_PCM,68,91,,67,85,79,,,,,,,,0,0,1,0,1,0,0,1,0,0,1,1,1,1,1,1,Teacher
Arts,,,,58,,,,,,65,73,81,93,1,1,0,0,1,1,1,0,1,1,1,0,0,0,1,0,Scientist
Arts,,,,67,,,,,,59,57,90,60,1,0,0,1,1,1,1,1,0,0,0,0,0,1,1,0,Software Developer
Commerce,,,,72,,82,50,93,72,,,,,0,0,0,1,0,1,1,1,0,1,0,0,0,0,0,0,Politician
Science_PCM,86,63,,93,87,50,,,,,,,,0,1,0,1,0,0,1,0,0,1,0,0,1,1,0,1,Software Developer
Arts,,,,92,,,,,,85,65,73,93,1,1,1,1,1,0,0,1,0,0,1,1,1,1,1,0,Doctor
Science_PCM,98,63,,55,70,86,,,,,,,,0,1,1,0,1,1,1,0,0,0,1,0,0,1,1,1,Doctor
Commerce,,,,84,,54,61,70,88,,,,,1,0,0,0,1,1,0,1,1,0,1,0,1,0,1,0,Teacher
Commerce,,,,94,,51,89,98,86,,,,,1,0,1,1,1,1,0,1,0,0,0,1,1,1,0,1,Engineer
Science_PCM,72,95,,68,65,68,,,,,,,,1,1,0,0,1,1,0,0,1,0,1,0,1,1,1,0,Software Developer
Commerce,,,,68,,100,76,89,65,,,,,1,1,1,0,0,0,1,1,0,1,0,1,0,0,0,0,Artist
Science_PCM,83,93,,80,69,64,,,,,,,,0,1,1,0,0,0,0,0,1,0,0,0,0,1,1,0,Engineer
Science_PCB,50,92,58,58,89,,,,,,,,,1,1,0,1,0,0,0,1,1,0,1,1,0,0,1,1,Chartered Accountant
Commerce,,,,87,,70,76,70,94,,,,,0,1,1,0,1,0,0,0,0,1,1,1,0,0,0,1,Teacher
Science_PCB,82,83,68,68,99,,,,,,,,,0,1,0,1,0,0,0,0,0,0,1,0,0,1,1,1,Software Developer
Arts,,,,97,,,,,,77,90,82,80,1,1,1,0,0,1,0,0,1,0,0,0,1,1,1,0,Entrepreneur
Science_PCM,86,71,,60,85,91,,,,,,,,0,0,0,1,1,1,0,1,0,0,0,0,0,0,1,1,Scientist
Science_PCB,76,98,55,84,50,,,,,,,,,0,1,0,0,1,1,0,0,1,1,0,1,1,1,1,1,Chartered Accountant
Science_PCM,73,95,,52,62,95,,,,,,,,1,0,1,1,0,1,0,1,1,0,1,1,0,0,0,0,Entrepreneur
Science_PCB,53,97,55,99,50,,,,,,,,,1,1,1,0,0,0,1,1,1,1,0,1,1,0,1,0,Doctor
Science_PCB,100,63,53,95,92,,,,,,,,,1,1,0,1,1,0,1,0,0,0,1,0,1,0,1,1,Entrepreneur
Commerce,,,,56,,94,72,69,76,,,,,1,1,0,0,1,0,0,1,0,1,1,0,0,1,0,0,Doctor
Science_PCM,61,88,,57,75,75,,,,,,,,0,1,1,1,1,1,1,0,1,0,1,1,1,1,0,0,Engineer
Arts,,,,69,,,,,,55,66,92,82,1,1,0,1,0,0,1,1,0,0,1,1,1,0,0,0,Athlete
Commerce,,,,63,,87,71,82,58,,,,,1,1,1,1,0,1,1,0,1,1,0,1,1,0,0,0,Entrepreneur
Arts,,,,77,,,,,,61,95,85,77,1,0,1,0,1,0,1,0,1,0,1,1,1,0,0,0,Engineer
Commerce,,,,56,,88,69,58,75,,,,,0,0,1,0,0,0,1,0,0,1,0,1,1,1,1,1,Engineer
Science_PCM,99,79,,53,50,59,,,,,,,,0,0,0,1,0,1,1,1,1,1,1,0,1,0,1,1,Politician
Science_PCM,91,76,,83,50,82,,,,,,,,0,0,0,0,0,0,0,1,0,1,0,1,0,1,0,1,Artist
Commerce,,,,84,,99,82,52,97,,,,,1,0,0,1,1,0,1,0,0,1,0,1,0,1,0,1,Teacher
Science_PCM,98,80,,93,90,97,,,,,,,,0,0,1,1,0,0,1,0,1,1,1,1,0,0,1,0,Scientist
Commerce,,,,78,,50,97,76,94,,,,,1,0,0,1,0,0,1,0,0,1,1,1,1,0,0,0,Artist
Arts,,,,80,,,,,,57,84,61,54,0,1,0,0,0,1,1,1,0,1,0,1,1,1,1,0,Chartered Accountant
Science_PCB,58,82,76,55,61,,,,,,,,,0,1,1,1,1,0,0,0,0,1,1,0,1,0,1,0,Politician
Arts,,,,65,,,,,,54,74,62,80,1,0,1,1,0,1,1,1,1,1,0,1,0,0,0,0,Athlete
Science_PCB,70,98,74,94,67,,,,,,,,,1,1,1,1,0,0,0,1,1,1,0,1,1,0,0,0,Politician
Arts,,,,95,,,,,,79,56,73,67,0,1,0,1,1,1,1,0,0,0,0,1,0,0,1,0,Teacher
Science_PCM,85,63,,75,97,58,,,,,,,,1,1,0,0,0,1,0,0,0,0,1,0,1,1,1,1,Doctor
Commerce,,,,68,,69,61,56,74,,,,,0,1,0,1,0,1,0,0,1,1,1,0,0,1,1,1,Scientist
Science_PCB,57,92,95,83,69,,,,,,,,,1,0,1,1,0,0,0,1,0,1,1,0,1,1,0,0,Athlete
Science_PCB,60,87,54,54,91,,,,,,,,,1,0,1,0,1,1,0,0,0,0,0,0,0,1,0,0,Engineer
Science_PCM,77,57,,54,50,66,,,,,,,,1,0,1,1,1,0,0,0,1,0,0,0,1,0,1,1,Chartered Accountant
Science_PCM,65,97,,59,59,94,,,,,,,,0,1,1,0,0,1,0,0,1,1,0,0,1,0,1,1,Entrepreneur
Science_PCM,91,87,,97,91,53,,,,,,,,1,1,0,1,1,1,1,1,0,0,0,0,1,0,1,1,Artist
Science_PCB,86,93,86,94,93,,,,,,,,,1,0,0,0,0,0,0,0,1,1,1,0,0,0,1,1,Software Developer
Science_PCB,90,97,97,69,60,,,,,,,,,0,0,0,0,1,0,1,1,0,1,0,1,1,0,1,0,Software Developer
Arts,,,,69,,,,,,99,50,86,68,0,1,1,1,1,0,1,0,1,0,0,1,1,1,0,1,Entrepreneur
Commerce,,,,50,,61,93,61,66,,,,,0,1,0,0,1,0,0,1,1,0,0,1,1,0,1,0,Athlete
Commerce,,,,73,,54,51,68,83,,,,,1,1,1,1,0,0,0,0,0,1,1,0,1,1,0,0,Chartered Accountant
Science_PCM,95,89,,80,79,68,,,,,,,,0,0,0,1,0,1,1,1,0,1,1,0,0,0,1,0,Teacher
Commerce,,,,88,,70,63,91,95,,,,,1,0,0,1,1,1,0,1,0,1,0,0,0,0,1,0,Teacher
Arts,,,,68,,,,,,55,58,58,73,0,1,0,0,1,0,0,1,1,0,0,1,0,1,0,1,Doctor
Commerce,,,,69,,81,63,86,90,,,,,1,0,0,0,0,0,1,1,1,0,0,0,1,1,1,1,Athlete
Science_PCB,61,81,78,80,53,,,,,,,,,0,1,1,0,0,0,1,0,1,1,0,0,1,0,0,0,Artist
Commerce,,,,91,,72,77,54,72,,,,,1,0,1,0,1,0,0,0,0,0,1,1,0,1,0,0,Politician
Arts,,,,97,,,,,,87,94,61,72,0,1,1,1,0,0,1,0,1,1,1,1,0,1,0,1,Engineer
Science_PCM,86,85,,77,86,73,,,,,,,,0,0,1,1,0,0,0,1,1,0,0,1,1,0,0,1,Software Developer
Science_PCB,100,72,67,64,87,,,,,,,,,0,1,0,1,0,0,1,1,0,0,1,0,0,1,1,0,Artist
Commerce,,,,99,,74,97,52,80,,,,,1,0,1,1,0,0,1,1,0,1,0,0,0,0,0,0,Software Developer
Science_PCB,91,67,89,100,51,,,,,,,,,1,1,1,0,0,1,1,0,0,0,0,0,0,0,1,0,Entrepreneur
Commerce,,,,69,,91,83,94,59,,,,,0,1,0,1,1,1,0,1,0,1,0,0,1,1,0,1,Entrepreneur
Commerce,,,,61,,60,100,75,70,,,,,1,1,1,1,0,0,0,0,1,0,1,1,0,0,0,0,Teacher
Science_PCB,74,97,66,92,79,,,,,,,,,1,1,1,0,1,1,0,1,1,1,1,0,1,0,1,0,Athlete
Science_PCB,84,97,81,85,95,,,,,,,,,0,0,1,1,1,0,0,1,1,0,0,0,0,1,0,1,Chartered Accountant
Arts,,,,83,,,,,,78,74,60,53,0,0,1,1,1,1,0,1,0,1,1,0,1,1,0,1,Engineer
Arts,,,,77,,,,,,50,61,64,52,1,0,0,1,1,1,0,0,1,1,0,0,0,0,1,1,Teacher
Arts,,,,90,,,,,,99,93,100,86,0,0,0,0,1,0,0,0,1,0,1,1,0,0,0,1,Engineer
Science_PCB,67,74,99,55,54,,,,,,,,,0,0,0,1,0,0,0,1,1,0,1,1,0,0,0,1,Software Developer
Science_PCB,90,50,73,74,54,,,,,,,,,1,1,0,0,1,1,0,1,1,0,0,0,0,0,1,1,Athlete
Arts,,,,91,,,,,,84,61,95,72,1,1,0,0,1,0,1,0,0,0,0,0,0,1,0,0,Doctor
Arts,,,,77,,,,,,98,80,63,71,1,1,1,0,0,1,1,1,1,0,0,0,0,1,0,0,Artist
Science_PCM,86,86,,64,98,74,,,,,,,,1,1,1,0,0,1,1,1,1,0,1,0,0,0,1,0,Teacher
Science_PCB,61,70,97,87,55,,,,,,,,,0,1,0,1,0,0,0,0,0,0,1,1,0,1,0,1,Athlete
Science_PCM,75,52,,64,56,84,,,,,,,,1,0,0,1,0,0,1,1,0,0,1,0,0,1,0,1,Artist
Commerce,,,,81,,55,74,62,53,,,,,0,0,0,0,0,0,0,1,1,0,1,0,1,0,1,0,Politician
Science_PCB,88,70,54,94,54,,,,,,,,,0,1,0,1,1,0,1,0,1,1,0,1,1,1,1,0,Athlete
Arts,,,,98,,,,,,93,52,74,95,1,0,0,0,1,1,1,0,1,0,0,1,1,1,1,1,Teacher
Science_PCB,65,50,87,63,98,,,,,,,,,1,1,0,1,0,0,0,0,0,0,0,1,1,0,1,0,Doctor
Science_PCM,57,83,,97,65,61,,,,,,,,1,0,0,0,0,0,1,1,1,1,0,0,1,0,1,1,Engineer
Arts,,,,74,,,,,,82,60,70,77,0,1,1,0,1,1,0,1,0,0,1,1,1,0,0,1,Artist
Commerce,,,,77,,57,97,85,64,,,,,0,1,1,1,0,1,0,0,1,0,0,0,1,0,1,0,Athlete
Arts,,,,83,,,,,,78,61,72,50,0,1,1,0,1,0,1,1,0,1,0,0,1,1,0,1,Chartered Accountant
Arts,,,,84,,,,,,71,75,97,97,0,0,0,1,1,0,1,0,1,0,0,1,0,1,0,1,Entrepreneur
Science_PCB,67,96,82,83,96,,,,,,,,,0,0,1,0,1,1,0,1,0,1,1,1,1,1,1,0,Chartered Accountant
Commerce,,,,65,,67,70,61,51,,,,,1,0,1,0,0,1,1,1,0,0,1,0,0,1,1,0,Politician
Arts,,,,74,,,,,,79,86,94,59,0,1,0,1,1,0,0,0,0,0,0,1,1,0,0,0,Entrepreneur
Science_PCM,70,93,,72,59,52,,,,,,,,0,1,1,1,1,0,1,0,0,0,1,1,0,1,0,0,Teacher
Science_PCB,55,88,59,52,94,,,,,,,,,1,0,0,0,0,1,1,0,0,0,0,1,1,0,1,1,Doctor
Arts,,,,61,,,,,,92,92,87,52,0,1,1,1,1,1,1,1,1,0,1,0,1,1,1,0,Teacher
Commerce,,,,99,,51,56,87,67,,,,,1,0,0,1,0,0,1,1,0,0,1,0,1,0,0,1,Doctor
Arts,,,,96,,,,,,99,69,90,95,0,1,1,0,1,1,0,0,1,1,0,0,1,1,1,1,Teacher
Arts,,,,82,,,,,,61,90,68,59,1,0,0,1,1,0,0,0,0,0,1,0,1,1,1,0,Engineer
Science_PCM,82,93,,94,82,91,,,,,,,,0,1,0,1,1,1,1,0,0,1,1,1,0,0,1,1,Chartered Accountant
Science_PCM,82,94,,60,55,83,,,,,,,,0,0,0,0,1,1,0,0,1,1,0,0,1,0,1,0,Software Developer
Science_PCB,74,59,95,80,88,,,,,,,,,0,1,0,1,0,0,0,0,0,1,1,0,1,1,1,0,Chartered Accountant
Science_PCB,58,73,65,63,64,,,,,,,,,1,0,0,0,1,0,1,1,0,1,0,1,1,1,1,1,Doctor
Science_PCM,82,98,,55,53,55,,,,,,,,0,1,0,1,0,1,1,1,1,0,1,0,0,1,1,1,Scientist
Science_PCM,62,80,,61,90,71,,,,,,,,0,0,1,0,1,1,0,1,0,0,0,1,1,0,1,0,Entrepreneur
Science_PCM,89,77,,82,88,85,,,,,,,,1,1,0,0,1,0,1,0,0,0,0,1,0,1,0,1,Athlete
Arts,,,,76,,,,,,99,55,88,57,0,0,1,1,1,1,1,0,1,1,1,0,1,0,0,1,Athlete
Science_PCB,91,59,84,89,78,,,,,,,,,0,0,1,1,1,1,0,0,1,0,0,0,1,1,0,0,Engineer
Arts,,,,79,,,,,,56,90,54,77,0,0,0,0,0,1,0,0,0,0,0,0,0,0,1,0,Entrepreneur
Science_PCB,71,81,75,93,84,,,,,,,,,0,1,0,0,1,1,1,1,0,0,0,0,1,1,0,1,Engineer
Science_PCM,72,76,,85,54,58,,,,,,,,0,1,1,1,0,0,1,0,1,0,1,1,0,0,0,1,Entrepreneur
Commerce,,,,95,,97,72,100,77,,,,,0,0,1,0,0,0,1,0,0,1,0,0,0,0,1,1,Software Developer
Science_PCM,62,95,,83,93,71,,,,,,,,0,1,1,0,1,1,0,1,1,0,1,1,0,0,0,0,Engineer
Arts,,,,54,,,,,,78,97,100,94,1,1,0,0,1,1,0,0,0,0,0,1,0,1,1,1,Software Developer
Arts,,,,87,,,,,,51,99,77,71,0,1,0,1,1,1,1,1,0,0,0,0,0,1,0,0,Scientist
Arts,,,,54,,,,,,62,78,77,84,0,0,0,0,1,0,0,1,0,0,1,1,1,1,0,0,Scientist
Commerce,,,,50,,94,59,82,79,,,,,1,1,1,1,0,0,1,1,1,1,1,1,1,0,1,1,Doctor
Science_PCB,72,69,55,60,79,,,,,,,,,1,1,1,0,0,1,1,1,0,0,1,1,1,1,0,0,Engineer
Science_PCB,81,57,93,85,76,,,,,,,,,0,1,0,0,0,0,1,0,0,1,1,1,0,0,0,1,Chartered Accountant
Arts,,,,86,,,,,,89,100,57,91,1,1,1,0,0,0,0,0,1,1,0,1,0,1,0,1,Athlete
Science_PCB,91,71,87,83,51,,,,,,,,,1,1,0,0,0,1,0,1,0,0,0,0,1,1,0,1,Entrepreneur
Science_PCB,90,94,74,88,69,,,,,,,,,1,0,1,0,0,0,0,1,0,1,0,0,1,0,0,0,Scientist
Science_PCB,64,63,79,87,69,,,,,,,,,1,0,0,0,0,1,0,0,1,0,1,1,0,0,1,0,Athlete
Science_PCB,98,73,81,69,100,,,,,,,,,1,0,0,0,1,0,0,1,1,1,0,0,1,1,0,1,Entrepreneur
Science_PCM,75,55,,71,61,84,,,,,,,,0,1,0,0,0,0,1,1,0,1,0,1,1,0,1,0,Scientist
Arts,,,,55,,,,,,56,85,90,93,0,1,0,0,0,0,0,0,0,0,1,0,0,1,0,1,Engineer
Science_PCB,54,99,97,60,92,,,,,,,,,1,1,1,0,0,1,0,0,1,1,0,1,0,1,0,1,Teacher
Commerce,,,,90,,82,51,59,82,,,,,1,1,0,0,1,1,0,1,1,0,1,1,1,0,0,0,Artist
Arts,,,,65,,,,,,60,68,60,94,0,1,0,0,0,1,0,0,0,1,1,0,0,0,0,1,Doctor
Arts,,,,51,,,,,,56,90,98,58,0,1,1,0,0,1,1,0,1,0,0,1,0,0,0,0,Software Developer
Arts,,,,63,,,,,,79,64,69,50,0,0,0,0,0,0,1,0,0,1,1,0,1,0,0,1,Teacher
Science_PCB,69,88,69,68,59,,,,,,,,,0,0,0,1,0,1,0,0,1,1,1,1,1,1,0,0,Artist
Commerce,,,,79,,87,51,59,91,,,,,0,0,0,1,0,1,0,1,0,1,0,1,1,1,0,1,Artist
Arts,,,,55,,,,,,50,97,88,84,1,0,1,1,1,1,1,0,0,1,0,0,1,0,0,1,Artist
Science_PCM,85,66,,89,64,81,,,,,,,,1,1,1,0,0,1,1,0,1,1,0,1,0,1,0,0,Entrepreneur
Arts,,,,90,,,,,,67,90,53,57,0,0,0,1,0,0,1,1,0,0,1,1,0,0,0,0,Doctor
Arts,,,,76,,,,,,53,66,74,74,1,0,0,0,1,1,0,1,0,0,0,1,1,0,0,1,Software Developer
Arts,,,,100,,,,,,73,53,98,85,0,1,0,0,0,0,1,0,0,1,0,0,1,1,1,0,Software Developer
Arts,,,,96,,,,,,75,74,51,62,0,1,1,1,1,1,1,0,0,0,0,0,1,0,0,0,Engineer
Arts,,,,94,,,,,,58,57,72,96,1,1,1,0,1,0,1,0,0,0,0,0,0,0,0,0,Chartered Accountant
Science_PCM,62,81,,72,92,68,,,,,,,,0,1,0,1,0,1,1,1,0,1,1,0,1,0,1,0,Teacher
Commerce,,,,93,,99,94,55,57,,,,,1,1,0,1,1,1,1,1,1,0,0,1,0,0,0,1,Politician
Arts,,,,87,,,,,,51,71,85,98,0,0,0,0,1,1,1,0,1,1,1,1,1,0,1,0,Entrepreneur
Commerce,,,,57,,60,100,52,58,,,,,1,0,0,1,0,1,0,1,0,1,0,1,0,0,1,0,Politician
Arts,,,,71,,,,,,63,78,65,70,0,0,0,1,0,0,1,0,0,1,1,1,0,1,0,1,Software Developer
Arts,,,,62,,,,,,62,97,100,72,1,0,1,1,0,0,1,1,0,0,0,1,0,0,0,1,Entrepreneur
Science_PCB,76,64,98,91,95,,,,,,,,,0,1,0,1,0,1,0,0,1,0,0,1,0,0,0,1,Athlete
Commerce,,,,72,,92,97,96,84,,,,,0,0,0,1,1,1,0,1,1,0,0,0,0,0,0,0,Teacher
Science_PCM,95,65,,82,56,97,,,,,,,,0,1,1,1,0,0,1,0,0,1,1,1,0,0,1,1,Entrepreneur
Science_PCB,61,66,76,71,93,,,,,,,,,0,1,1,1,0,0,1,0,1,0,1,0,0,1,1,1,Doctor
Science_PCM,51,84,,79,65,62,,,,,,,,0,0,1,1,1,1,1,1,1,0,0,0,0,0,0,1,Entrepreneur
Science_PCM,97,87,,91,87,90,,,,,,,,1,1,0,0,1,0,0,0,0,1,1,1,0,1,0,0,Entrepreneur
Arts,,,,56,,,,,,80,87,80,68,1,1,1,0,0,0,1,1,0,1,1,1,1,0,1,1,Engineer
Science_PCM,51,93,,84,70,74,,,,,,,,1,0,1,0,1,0,1,0,0,0,1,0,0,0,1,1,Artist
Science_PCB,86,52,58,61,98,,,,,,,,,1,1,0,0,0,1,0,1,0,1,1,0,0,0,1,1,Entrepreneur
Commerce,,,,78,,100,81,77,67,,,,,0,0,1,1,0,0,0,0,1,0,0,1,1,0,0,1,Chartered Accountant
Arts,,,,95,,,,,,97,100,53,61,1,0,0,1,1,1,0,1,1,0,0,0,0,0,1,0,Athlete
Arts,,,,77,,,,,,74,96,75,97,1,0,0,1,1,0,0,0,1,1,1,0,1,1,1,1,Teacher
Arts,,,,65,,,,,,76,60,78,98,0,1,0,1,0,1,0,0,0,0,1,1,1,1,0,0,Doctor
Science_PCB,75,69,92,100,67,,,,,,,,,1,1,0,1,0,1,0,1,1,1,0,1,0,1,1,1,Entrepreneur
Commerce,,,,56,,94,75,64,71,,,,,1,1,0,1,0,0,0,0,0,1,0,0,1,0,0,1,Chartered Accountant
Science_PCB,78,69,63,74,52,,,,,,,,,1,0,1,1,1,1,0,1,0,1,0,1,1,1,0,0,Doctor
Commerce,,,,59,,91,51,64,98,,,,,0,1,1,1,1,0,0,0,1,0,1,1,1,1,0,1,Artist
Arts,,,,67,,,,,,86,57,74,72,1,0,0,0,0,0,1,1,1,0,1,1,1,0,0,1,Chartered Accountant
Science_PCB,92,65,66,100,87,,,,,,,,,1,1,1,1,1,1,1,0,0,0,1,0,0,1,1,0,Engineer
Commerce,,,,58,,83,70,83,54,,,,,1,1,0,1,0,0,1,1,1,0,0,0,0,1,1,1,Athlete
Science_PCB,81,70,79,90,81,,,,,,,,,0,1,1,0,0,0,0,1,1,0,1,0,0,0,0,1,Engineer
Arts,,,,96,,,,,,91,65,88,90,1,1,1,1,0,1,1,1,1,1,0,1,0,1,0,0,Software Developer
Commerce,,,,69,,87,62,51,88,,,,,1,0,0,0,0,0,0,0,0,0,1,0,0,0,0,1,Doctor
Science_PCM,90,78,,70,58,70,,,,,,,,0,1,0,0,1,0,0,0,1,0,1,0,1,0,0,1,Software Developer
Arts,,,,96,,,,,,87,70,82,71,1,1,1,0,1,1,0,0,0,0,0,0,0,0,0,0,Scientist
Commerce,,,,61,,89,75,87,64,,,,,0,1,0,0,0,1,1,0,0,0,0,0,1,1,0,0,Software Developer
Science_PCM,95,83,,85,100,55,,,,,,,,0,1,1,1,0,1,0,0,0,1,1,1,1,0,1,1,Chartered Accountant
Arts,,,,60,,,,,,93,100,90,59,0,1,0,0,1,0,1,0,0,1,1,1,1,1,0,1,Doctor
Commerce,,,,58,,69,62,57,73,,,,,0,0,0,0,1,0,0,1,1,0,1,0,0,0,0,1,Teacher
Commerce,,,,86,,65,95,93,99,,,,,0,0,0,1,1,0,1,1,1,0,0,0,1,1,1,1,Teacher
Science_PCB,77,70,50,53,79,,,,,,,,,1,1,0,0,1,0,1,1,0,1,1,0,1,0,0,1,Engineer
Science_PCB,76,85,72,67,52,,,,,,,,,0,0,1,1,1,0,0,1,0,0,0,0,0,0,0,1,Scientist
Commerce,,,,88,,97,58,87,81,,,,,1,1,1,0,0,1,0,1,1,0,1,0,1,0,1,0,Scientist
Science_PCM,59,67,,51,71,70,,,,,,,,0,1,1,1,0,1,1,1,1,0,1,1,1,1,1,0,Software Developer
Science_PCM,53,62,,90,82,98,,,,,,,,1,1,1,0,0,0,1,0,0,1,0,0,1,0,0,0,Teacher
Science_PCB,68,65,51,59,58,,,,,,,,,1,1,1,0,1,0,0,1,1,1,1,0,1,0,0,0,Scientist
Commerce,,,,68,,56,90,61,56,,,,,0,1,1,1,1,1,1,0,0,1,1,0,0,1,0,1,Software Developer
Science_PCB,77,100,68,79,69,,,,,,,,,1,1,1,0,0,0,0,1,1,1,0,0,0,1,1,0,Politician
Science_PCB,82,72,95,58,50,,,,,,,,,0,0,1,0,0,0,1,0,0,0,0,0,1,1,1,1,Chartered Accountant
Arts,,,,78,,,,,,57,57,97,89,0,1,1,1,1,0,0,1,1,0,0,0,0,0,1,0,Entrepreneur
Science_PCM,86,62,,51,92,79,,,,,,,,0,0,0,0,0,1,0,0,0,0,0,1,1,1,1,0,Scientist
Science_PCM,70,61,,86,63,99,,,,,,,,1,0,1,0,0,1,0,0,1,1,0,0,0,0,0,0,Artist
Commerce,,,,69,,52,98,100,57,,,,,1,1,0,0,0,1,0,0,0,1,1,1,0,0,0,0,Athlete
Arts,,,,73,,,,,,84,65,81,86,1,0,1,1,1,1,0,1,1,1,1,0,1,1,1,1,Artist
Science_PCM,99,51,,75,98,75,,,,,,,,0,1,1,0,0,0,0,0,1,1,0,0,0,1,1,0,Chartered Accountant
Science_PCM,56,94,,77,74,70,,,,,,,,1,0,1,1,0,0,1,1,1,1,1,0,1,1,1,1,Artist
Commerce,,,,66,,74,87,68,99,,,,,0,1,0,0,0,0,1,1,1,1,0,1,0,0,1,1,Politician
Commerce,,,,70,,67,79,63,69,,,,,0,1,1,1,0,1,1,1,0,0,0,1,0,1,0,1,Artist
Science_PCB,58,68,63,80,88,,,,,,,,,1,0,1,0,1,1,1,1,1,0,1,1,0,1,0,0,Chartered Accountant
Arts,,,,72,,,,,,73,94,92,63,1,0,0,1,0,1,1,0,0,1,0,0,1,0,0,0,Scientist
Science_PCB,56,60,77,56,78,,,,,,,,,1,1,1,0,0,1,0,1,0,1,1,1,0,0,1,0,Artist
Arts,,,,57,,,,,,89,61,62,80,0,0,0,1,1,1,1,0,1,0,0,0,0,0,1,0,Software Developer
Commerce,,,,91,,71,89,70,64,,,,,1,0,1,0,1,0,0,0,0,1,1,0,0,1,0,1,Politician
Science_PCB,71,68,82,91,93,,,,,,,,,1,1,1,0,0,1,0,0,0,0,0,1,0,1,1,0,Teacher
Arts,,,,61,,,,,,69,84,57,85,0,1,1,0,1,0,1,0,0,1,0,1,1,0,1,1,Teacher
Commerce,,,,64,,97,99,68,90,,,,,1,1,0,0,1,1,1,0,0,0,0,1,1,0,0,0,Teacher
Arts,,,,80,,,,,,88,78,73,51,1,0,1,1,1,1,1,1,1,1,0,0,0,1,0,1,Engineer
Arts,,,,54,,,,,,90,95,89,62,1,0,1,0,0,1,0,1,1,1,0,1,1,1,1,0,Doctor
Science_PCM,65,60,,97,63,58,,,,,,,,1,1,1,0,1,1,1,0,1,0,0,0,1,1,1,1,Engineer
Science_PCB,72,55,74,88,80,,,,,,,,,0,0,0,0,1,1,1,0,0,0,0,0,1,1,1,0,Engineer
Commerce,,,,99,,60,69,98,73,,,,,0,1,1,0,0,1,1,0,0,0,0,1,1,0,1,0,Entrepreneur
Arts,,,,76,,,,,,85,81,60,57,1,1,1,0,1,0,1,1,0,1,1,0,1,1,1,0,Doctor
Science_PCB,99,75,51,79,68,,,,,,,,,1,1,1,0,0,0,1,0,1,1,1,0,0,0,1,0,Engineer
Arts,,,,85,,,,,,56,56,95,97,0,1,1,1,1,0,1,1,1,0,0,1,1,1,0,0,Artist
Science_PCM,50,60,,92,83,57,,,,,,,,0,0,1,0,1,0,0,1,1,0,1,0,0,1,0,1,Chartered Accountant
Science_PCM,100,56,,79,74,93,,,,,,,,1,0,0,1,0,0,1,1,0,1,0,1,1,0,0,1,Engineer
Science_PCB,91,91,73,64,93,,,,,,,,,1,0,1,0,0,1,0,1,1,0,1,0,0,1,0,0,Entrepreneur
Science_PCM,55,53,,93,73,71,,,,,,,,1,0,1,0,0,0,0,0,1,1,1,0,0,0,0,0,Artist
Science_PCM,56,57,,94,52,51,,,,,,,,1,0,1,1,0,1,0,1,0,1,0,1,0,0,0,0,Politician
Science_PCM,90,80,,51,99,53,,,,,,,,1,1,0,1,0,1,0,1,1,1,0,1,0,1,1,0,Engineer
Science_PCB,52,79,53,59,51,,,,,,,,,0,1,0,0,0,0,1,0,1,1,0,0,0,0,1,1,Politician
Science_PCM,64,99,,83,57,52,,,,,,,,0,0,1,0,0,1,1,0,1,0,1,0,0,0,0,0,Politician
Arts,,,,96,,,,,,94,52,61,91,1,1,1,1,1,1,0,1,1,1,1,1,1,0,0,0,Doctor
Commerce,,,,78,,92,73,56,54,,,,,0,1,0,0,1,1,0,1,1,0,0,0,1,1,1,1,Chartered Accountant
Science_PCB,99,59,77,65,58,,,,,,,,,0,0,0,0,1,0,1,1,0,0,1,1,0,1,1,0,Scientist
Arts,,,,76,,,,,,76,88,80,71,1,1,0,0,0,0,1,1,1,1,0,1,1,1,0,0,Politician
Arts,,,,55,,,,,,100,52,64,79,1,0,1,0,0,1,1,0,0,0,0,0,0,0,0,1,Doctor
Arts,,,,57,,,,,,91,76,91,64,0,0,0,1,1,1,0,0,0,1,0,1,0,0,0,0,Athlete
Science_PCM,56,73,,85,83,99,,,,,,,,1,0,0,1,1,0,1,1,1,1,1,1,1,1,0,1,Teacher
Science_PCB,97,73,69,85,82,,,,,,,,,0,0,1,0,0,0,1,1,0,1,0,1,1,0,1,1,Athlete
Science_PCM,78,91,,73,80,54,,,,,,,,0,0,1,1,1,0,0,1,1,0,1,0,1,1,1,1,Teacher
Arts,,,,82,,,,,,67,78,99,88,1,0,0,0,1,1,1,0,0,1,1,0,0,0,0,1,Engineer
Arts,,,,70,,,,,,54,66,67,87,0,0,0,1,1,0,0,1,1,1,1,0,1,1,0,0,Artist
Commerce,,,,80,,64,81,58,67,,,,,1,1,0,1,1,0,0,1,1,0,0,0,0,1,1,1,Software Developer
Science_PCB,53,51,80,57,82,,,,,,,,,1,1,1,1,0,1,1,1,1,1,0,0,1,1,0,1,Chartered Accountant
Arts,,,,71,,,,,,73,83,72,89,1,1,1,0,1,0,0,1,0,1,1,1,1,1,1,0,Doctor
Science_PCB,51,84,86,78,97,,,,,,,,,0,1,1,0,1,1,1,0,1,0,1,1,1,1,0,0,Chartered Accountant
Science_PCB,52,53,78,63,69,,,,,,,,,1,1,1,1,0,0,1,1,0,0,0,0,0,0,1,0,Entrepreneur
Science_PCB,87,73,73,50,60,,,,,,,,,0,0,0,0,1,1,1,1,1,0,0,1,0,1,1,0,Artist
Commerce,,,,67,,87,62,72,91,,,,,0,0,1,1,1,1,0,0,1,0,0,1,1,0,1,0,Doctor
Science_PCM,57,95,,71,60,64,,,,,,,,0,0,0,0,0,1,1,1,1,1,0,1,1,1,1,1,Artist
Science_PCM,66,82,,73,55,59,,,,,,,,1,0,1,0,1,0,1,0,0,0,0,1,0,1,1,1,Entrepreneur
Commerce,,,,72,,71,53,68,58,,,,,0,0,0,1,0,0,1,0,1,1,1,0,1,1,0,1,Politician
Science_PCB,72,90,57,63,87,,,,,,,,,1,1,1,0,1,1,1,0,1,1,0,0,1,0,0,1,Chartered Accountant
Commerce,,,,90,,73,93,66,71,,,,,0,0,0,0,1,1,1,0,1,0,0,1,1,1,0,1,Teacher
Science_PCB,65,100,59,82,71,,,,,,,,,0,1,0,0,1,0,1,1,0,1,1,0,0,1,1,1,Software Developer
Science_PCM,64,69,,94,84,66,,,,,,,,1,0,1,0,0,0,1,1,0,1,0,0,0,1,0,1,Engineer
Science_PCB,85,70,59,57,91,,,,,,,,,0,0,0,0,0,0,1,1,0,0,0,1,0,1,1,1,Politician
Commerce,,,,97,,88,88,91,90,,,,,1,0,1,1,1,1,1,1,0,0,0,0,1,1,1,0,Scientist
Science_PCB,68,85,80,72,65,,,,,,,,,0,1,1,1,0,0,1,0,0,1,1,0,1,1,1,1,Chartered Accountant
Commerce,,,,67,,63,57,65,96,,,,,0,0,0,1,1,1,0,0,1,0,1,1,0,0,0,1,Software Developer
Arts,,,,92,,,,,,96,64,62,94,0,0,1,0,0,1,0,0,0,0,0,1,1,1,0,1,Chartered Accountant
Science_PCM,57,82,,86,92,88,,,,,,,,1,0,1,0,1,0,1,1,1,0,1,0,1,0,0,0,Software Developer
Science_PCB,62,69,74,50,100,,,,,,,,,0,0,0,1,1,0,0,1,1,0,0,0,1,0,1,0,Entrepreneur
Commerce,,,,72,,55,91,93,67,,,,,1,1,1,0,0,1,1,0,1,1,0,1,1,0,0,1,Engineer
Arts,,,,87,,,,,,72,58,62,99,0,1,1,0,0,1,1,0,1,1,1,1,0,0,0,0,Entrepreneur
Commerce,,,,99,,87,62,79,69,,,,,0,0,0,0,0,1,1,1,1,0,1,1,0,1,1,0,Scientist
Science_PCM,97,50,,65,80,90,,,,,,,,1,1,1,0,1,0,0,1,1,0,0,0,1,0,0,0,Engineer
Science_PCM,58,78,,65,58,96,,,,,,,,0,0,1,0,0,0,0,1,1,0,0,1,1,1,1,1,Artist
Science_PCM,80,87,,74,91,53,,,,,,,,0,1,1,0,1,1,0,0,0,0,0,1,0,1,1,0,Entrepreneur
Science_PCM,93,99,,69,94,78,,,,,,,,0,0,1,0,0,1,1,0,1,0,0,0,0,0,0,0,Entrepreneur
Science_PCM,97,70,,94,99,79,,,,,,,,0,1,1,1,0,1,0,1,1,1,0,1,1,0,0,1,Scientist
Arts,,,,64,,,,,,93,68,62,77,1,1,0,0,1,0,0,1,0,0,0,1,0,0,0,1,Teacher
Arts,,,,92,,,,,,89,98,73,81,1,0,0,1,0,0,0,1,1,0,1,1,0,1,0,0,Engineer
Arts,,,,79,,,,,,84,84,71,57,1,1,0,1,0,0,1,1,0,1,1,1,0,0,0,0,Scientist
Science_PCB,77,84,52,84,81,,,,,,,,,0,1,1,0,1,1,1,0,1,0,1,0,1,1,1,1,Scientist
Science_PCM,51,66,,84,83,93,,,,,,,,1,0,0,0,1,0,1,0,1,1,0,1,0,0,0,0,Athlete
Science_PCM,67,96,,87,76,59,,,,,,,,1,0,0,0,1,1,0,0,1,0,0,0,0,0,0,1,Chartered Accountant
Commerce,,,,81,,93,69,93,87,,,,,1,0,1,0,0,1,0,1,0,1,0,0,0,0,1,1,Teacher
Science_PCM,94,78,,56,63,74,,,,,,,,1,1,1,0,1,1,0,1,0,1,1,0,1,0,1,0,Artist
Science_PCB,59,91,72,79,95,,,,,,,,,1,0,1,1,1,1,0,0,1,0,1,0,0,0,0,0,Software Developer
Commerce,,,,78,,90,66,92,59,,,,,0,0,1,1,0,0,1,1,0,1,1,1,1,0,1,1,Software Developer
Science_PCB,92,91,68,91,68,,,,,,,,,0,1,1,1,0,0,0,0,0,0,1,1,1,0,1,0,Athlete
Commerce,,,,63,,72,81,69,79,,,,,1,1,0,0,0,1,1,1,1,0,0,0,0,0,1,1,Entrepreneur
Science_PCB,98,72,95,69,61,,,,,,,,,0,1,0,0,0,1,1,0,1,1,0,0,1,0,0,0,Politician
Arts,,,,53,,,,,,56,82,100,98,1,0,0,1,1,0,1,1,0,0,0,0,1,0,1,1,Artist
Science_PCB,94,96,66,92,75,,,,,,,,,0,0,0,1,1,0,0,0,0,0,1,1,0,0,1,1,Artist
Arts,,,,71,,,,,,89,61,93,90,0,0,0,0,1,0,0,1,0,0,0,1,1,1,1,0,Scientist
Science_PCM,76,50,,95,94,100,,,,,,,,0,0,0,0,0,0,0,0,0,1,0,0,0,1,0,0,Teacher
Science_PCM,74,88,,66,53,86,,,,,,,,0,1,0,0,1,0,0,1,1,1,0,1,1,1,0,0,Entrepreneur
Science_PCM,90,58,,91,70,61,,,,,,,,1,0,0,1,1,0,1,1,0,0,0,0,1,0,0,0,Engineer
Science_PCM,74,99,,62,88,89,,,,,,,,1,0,0,1,1,0,0,1,0,0,1,0,1,1,1,0,Artist
Commerce,,,,78,,70,63,87,83,,,,,0,1,0,1,1,0,0,0,0,0,0,0,0,0,1,1,Entrepreneur
Science_PCB,92,61,87,83,80,,,,,,,,,1,0,0,0,1,0,1,0,0,1,0,1,0,0,0,1,Chartered Accountant
Commerce,,,,59,,86,67,83,62,,,,,0,1,1,0,1,0,1,1,1,1,1,0,1,0,0,1,Engineer
Commerce,,,,56,,68,54,74,55,,,,,0,1,1,1,0,1,0,0,1,0,0,1,0,1,0,1,Politician
Science_PCM,74,63,,56,75,81,,,,,,,,1,1,1,0,0,0,0,1,1,1,1,0,0,1,0,0,Software Developer
Commerce,,,,63,,58,52,76,59,,,,,0,0,0,0,1,0,1,0,0,1,0,0,0,1,1,1,Chartered Accountant
Science_PCM,91,74,,57,88,58,,,,,,,,0,1,1,1,0,0,0,0,1,1,0,0,0,1,0,0,Politician
Arts,,,,88,,,,,,76,85,85,78,1,1,0,0,1,1,0,1,1,1,0,0,1,1,1,1,Chartered Accountant
Arts,,,,58,,,,,,91,69,90,99,0,1,0,1,1,0,1,1,1,1,0,0,1,0,0,1,Doctor
Science_PCM,62,65,,86,50,82,,,,,,,,1,0,1,0,0,0,1,0,1,0,0,1,1,1,0,1,Engineer
Science_PCB,85,67,54,60,100,,,,,,,,,1,1,1,0,0,0,0,1,1,1,0,0,0,0,0,0,Entrepreneur
Arts,,,,95,,,,,,85,88,56,63,0,0,0,0,0,0,0,0,0,0,0,0,0,1,0,1,Artist
Commerce,,,,90,,78,67,50,69,,,,,0,1,0,1,1,0,1,1,1,1,0,0,1,1,0,1,Doctor
Arts,,,,98,,,,,,88,73,52,58,0,1,0,0,0,1,1,0,1,0,1,1,0,0,1,0,Chartered Accountant
Science_PCM,99,62,,72,74,70,,,,,,,,0,0,0,0,1,0,0,1,1,0,0,0,1,0,1,0,Software Developer
Commerce,,,,74,,70,63,88,96,,,,,0,0,1,0,0,1,0,0,0,1,0,1,1,0,1,1,Chartered Accountant
Science_PCM,87,72,,79,98,77,,,,,,,,0,1,1,1,0,1,1,1,1,0,0,0,1,0,0,0,Chartered Accountant
Science_PCM,87,85,,60,83,60,,,,,,,,0,1,0,1,1,1,0,0,1,0,1,1,1,1,1,1,Artist
Commerce,,,,89,,95,55,98,67,,,,,0,1,1,0,0,0,1,0,0,0,1,1,0,0,1,1,Artist
Science_PCM,92,63,,85,85,55,,,,,,,,1,0,1,0,1,1,0,1,1,0,0,1,0,0,1,1,Engineer
Commerce,,,,74,,68,90,72,92,,,,,1,1,1,0,0,0,1,1,1,1,0,1,0,0,1,0,Engineer
Commerce,,,,65,,91,57,71,87,,,,,1,1,1,0,1,1,1,1,1,0,1,1,1,0,1,0,Athlete
Science_PCB,96,79,57,68,96,,,,,,,,,0,1,0,0,0,1,0,1,1,1,0,0,1,0,1,0,Artist
Science_PCB,51,79,55,56,98,,,,,,,,,1,1,0,1,1,1,0,1,0,1,1,0,1,1,1,0,Software Developer
Arts,,,,77,,,,,,77,98,84,61,1,1,1,1,0,0,0,1,1,0,1,1,1,0,1,1,Chartered Accountant
Commerce,,,,56,,74,61,93,53,,,,,0,0,0,0,0,0,1,1,1,1,0,1,1,1,1,1,Entrepreneur
Commerce,,,,81,,57,75,77,63,,,,,1,0,0,0,0,1,0,0,1,1,0,1,0,0,1,1,Engineer
Science_PCB,51,98,74,62,82,,,,,,,,,1,1,1,0,1,1,1,1,1,0,1,1,0,1,1,0,Chartered Accountant
Science_PCM,96,53,,68,57,97,,,,,,,,0,1,0,1,1,1,1,0,0,1,0,1,1,0,0,0,Teacher
Science_PCM,62,55,,81,93,84,,,,,,,,0,0,0,0,1,0,0,1,0,0,1,1,1,1,0,0,Athlete
Arts,,,,55,,,,,,53,94,89,87,1,0,0,1,1,1,1,1,0,0,1,0,0,1,0,1,Politician
Science_PCB,89,61,72,65,86,,,,,,,,,0,1,0,0,0,0,0,0,0,1,1,0,1,0,1,1,Software Developer
Science_PCM,72,98,,84,97,77,,,,,,,,0,1,0,1,0,1,0,0,0,0,1,1,0,1,1,0,Doctor
Science_PCM,100,51,,75,56,86,,,,,,,,0,0,0,0,1,0,0,1,1,0,0,0,0,0,0,1,Artist
Commerce,,,,75,,87,81,63,74,,,,,1,0,0,0,0,0,1,1,0,1,1,1,0,0,1,1,Entrepreneur
Science_PCM,67,67,,70,87,81,,,,,,,,1,1,0,1,0,1,0,0,1,1,0,0,0,1,0,0,Engineer
Commerce,,,,57,,83,93,72,50,,,,,1,1,1,0,0,1,0,0,0,1,1,1,0,0,1,1,Teacher
Science_PCB,56,80,99,91,86,,,,,,,,,1,0,1,0,1,0,0,1,1,0,1,1,0,1,1,1,Artist
Science_PCB,94,72,83,99,68,,,,,,,,,1,1,0,0,1,0,0,0,1,0,0,0,0,0,0,1,Politician
Commerce,,,,93,,87,68,52,79,,,,,1,0,1,0,0,0,0,1,0,0,0,1,0,0,1,0,Entrepreneur
Arts,,,,60,,,,,,68,99,93,98,0,1,1,0,1,1,1,1,0,0,0,0,0,1,0,0,Politician
Science_PCM,96,73,,100,55,74,,,,,,,,0,0,0,0,1,1,1,1,1,1,0,0,1,0,1,1,Chartered Accountant
Science_PCM,78,78,,81,61,85,,,,,,,,0,0,0,1,0,0,1,1,1,1,1,1,0,1,0,1,Software Developer
Commerce,,,,57,,89,62,71,97,,,,,1,0,0,0,0,1,1,0,1,0,0,1,0,1,1,1,Chartered Accountant
Arts,,,,71,,,,,,55,95,72,72,1,0,0,1,1,1,1,1,0,0,1,1,0,0,1,0,Teacher
Science_PCM,78,84,,92,92,98,,,,,,,,0,1,1,1,1,1,1,1,1,0,0,1,0,1,0,0,Software Developer
Science_PCM,96,95,,69,54,73,,,,,,,,1,0,0,1,0,1,1,1,1,1,0,0,1,0,0,0,Artist
Science_PCB,95,86,63,80,92,,,,,,,,,1,1,0,1,1,0,1,0,0,0,0,1,1,0,1,1,Athlete
Science_PCB,71,87,84,69,80,,,,,,,,,1,1,0,0,0,1,1,1,0,1,1,0,1,1,1,1,Engineer
Arts,,,,67,,,,,,82,64,97,72,1,1,0,0,0,0,1,0,0,1,1,0,1,1,1,1,Politician
Science_PCM,71,67,,71,75,51,,,,,,,,0,1,0,0,1,0,1,1,0,1,0,1,0,1,1,0,Engineer
Science_PCM,79,52,,73,69,64,,,,,,,,1,0,1,0,0,0,0,1,1,1,1,0,0,1,1,0,Engineer
Commerce,,,,78,,63,59,60,97,,,,,1,0,1,1,0,1,1,1,1,1,0,1,1,0,0,1,Software Developer
Commerce,,,,81,,95,73,80,57,,,,,1,1,1,1,0,1,0,1,1,0,1,1,1,1,0,1,Artist
Arts,,,,70,,,,,,88,72,66,93,0,1,0,1,1,0,1,1,1,1,0,0,1,1,0,1,Teacher
Science_PCB,65,97,62,56,89,,,,,,,,,0,1,1,0,0,0,0,0,0,1,1,0,0,0,0,0,Software Developer
Arts,,,,82,,,,,,72,72,96,98,1,1,0,0,0,1,0,0,1,0,1,1,1,1,1,1,Doctor
Arts,,,,54,,,,,,52,72,77,54,1,0,0,1,0,0,1,1,0,0,0,0,1,1,1,0,Teacher
Science_PCB,76,58,85,51,89,,,,,,,,,0,0,0,1,1,0,0,0,0,0,1,1,1,0,0,1,Athlete
Science_PCM,59,94,,86,69,57,,,,,,,,1,1,0,1,0,0,0,0,0,1,1,0,1,1,1,0,Athlete
Science_PCM,72,68,,65,74,92,,,,,,,,0,0,0,0,0,1,1,0,0,0,0,0,1,0,0,1,Athlete
Science_PCM,60,82,,83,99,82,,,,,,,,1,0,1,1,0,1,1,0,0,0,0,0,1,0,0,1,Doctor
Science_PCB,56,90,83,57,92,,,,,,,,,1,0,1,1,0,0,1,1,1,1,0,1,0,1,1,1,Entrepreneur
Commerce,,,,57,,54,78,88,73,,,,,0,1,1,1,0,1,1,1,1,1,1,0,1,1,0,0,Scientist
Commerce,,,,73,,81,75,73,87,,,,,1,1,0,1,1,0,1,1,1,0,1,0,1,1,0,1,Politician
Science_PCB,60,54,83,81,95,,,,,,,,,1,1,0,0,1,1,0,1,1,0,1,0,1,0,1,1,Athlete
Science_PCM,53,53,,61,68,94,,,,,,,,0,1,1,0,0,0,1,0,1,1,1,1,1,0,1,1,Athlete
Arts,,,,77,,,,,,78,92,93,96,1,0,0,1,1,0,0,0,1,1,1,1,0,0,1,1,Engineer
Science_PCB,98,54,84,82,97,,,,,,,,,1,1,0,0,0,1,1,0,0,1,0,0,1,0,1,0,Doctor
Science_PCB,64,96,81,59,52,,,,,,,,,1,1,1,1,1,1,1,1,1,1,0,1,0,0,1,1,Doctor
Arts,,,,63,,,,,,70,74,59,55,1,1,1,0,1,0,1,0,1,1,1,0,0,1,1,1,Artist
Arts,,,,94,,,,,,81,56,86,96,1,0,0,0,1,1,0,1,0,1,1,0,0,1,1,1,Doctor
Science_PCM,55,89,,98,81,81,,,,,,,,1,1,0,0,1,0,0,0,0,1,0,1,0,1,0,0,Chartered Accountant
Arts,,,,82,,,,,,77,51,100,80,0,1,1,0,0,1,0,1,1,1,0,1,0,1,0,0,Doctor
Commerce,,,,77,,89,92,100,69,,,,,1,1,1,0,1,1,0,0,0,0,0,1,1,1,1,0,Software Developer
Science_PCB,87,79,94,88,72,,,,,,,,,1,1,0,0,0,1,0,1,1,1,0,0,0,1,0,1,Teacher
Commerce,,,,100,,96,98,71,93,,,,,0,1,1,1,0,0,1,1,1,0,1,0,1,1,1,0,Athlete
Arts,,,,89,,,,,,73,88,100,72,1,1,1,0,1,0,1,1,1,1,1,1,0,1,0,1,Scientist
Commerce,,,,99,,59,74,61,89,,,,,0,1,0,1,1,0,1,0,1,1,0,1,0,1,0,0,Entrepreneur
Science_PCM,88,74,,90,86,96,,,,,,,,1,0,1,0,1,0,1,1,1,0,1,1,1,0,1,0,Scientist
Science_PCM,65,96,,61,88,64,,,,,,,,0,1,0,1,1,1,1,0,1,0,0,0,0,0,1,1,Scientist
Science_PCB,78,78,61,72,91,,,,,,,,,0,0,1,1,0,1,1,1,0,1,0,0,1,1,1,1,Scientist
Arts,,,,91,,,,,,80,92,94,86,0,0,1,0,0,0,0,0,0,1,0,0,0,1,0,0,Scientist
Science_PCB,54,87,68,96,90,,,,,,,,,1,1,1,0,1,1,1,1,0,0,1,0,1,0,1,0,Teacher
Arts,,,,85,,,,,,67,83,51,57,0,1,0,1,0,0,1,1,1,0,1,1,0,0,1,1,Chartered Accountant
Arts,,,,91,,,,,,79,57,89,85,1,0,0,1,1,0,1,0,0,1,0,0,0,0,0,0,Artist
Commerce,,,,95,,83,94,52,54,,,,,0,1,1,0,1,0,1,1,1,0,1,0,0,0,0,0,Teacher
Science_PCM,55,68,,80,99,96,,,,,,,,0,0,0,1,1,0,1,1,0,0,0,0,1,1,1,0,Engineer
Commerce,,,,81,,98,82,100,72,,,,,0,1,1,0,1,0,0,1,0,1,0,0,0,0,1,0,Chartered Accountant
Arts,,,,76,,,,,,100,61,54,55,0,1,1,1,0,0,0,0,1,0,1,1,0,0,0,1,Chartered Accountant
Commerce,,,,54,,71,81,95,70,,,,,0,1,0,1,0,1,1,0,0,0,0,0,0,0,1,0,Software Developer
Science_PCB,61,72,64,81,63,,,,,,,,,0,0,1,1,1,1,0,0,1,0,1,1,1,0,0,0,Software Developer
Arts,,,,98,,,,,,53,97,54,82,1,1,0,1,0,0,1,0,1,1,1,1,1,1,1,0,Engineer
Science_PCB,72,86,94,74,65,,,,,,,,,1,0,0,0,0,1,0,1,1,0,0,1,0,0,1,1,Entrepreneur
Science_PCM,79,87,,62,75,62,,,,,,,,0,0,1,0,1,1,0,1,1,0,1,0,1,1,1,0,Chartered Accountant
Science_PCM,87,90,,56,88,72,,,,,,,,0,1,0,0,0,1,1,0,0,1,1,1,1,1,1,0,Politician
Arts,,,,56,,,,,,95,68,56,91,0,0,1,1,0,1,1,1,1,0,0,0,1,1,0,0,Politician
Science_PCB,75,66,76,86,79,,,,,,,,,1,1,0,1,1,0,0,1,1,1,1,1,1,0,0,1,Doctor
Science_PCB,54,54,95,72,53,,,,,,,,,1,0,0,1,0,1,0,0,1,0,0,1,1,1,1,1,Politician
Commerce,,,,96,,100,62,81,77,,,,,0,1,1,0,0,1,1,1,1,1,0,1,0,1,0,0,Teacher
Commerce,,,,53,,62,56,64,75,,,,,1,1,1,1,0,0,1,1,0,0,1,0,0,0,1,0,Athlete
Science_PCB,94,65,85,53,92,,,,,,,,,1,0,1,1,1,1,1,0,0,0,1,0,0,1,0,0,Artist
Science_PCM,76,100,,58,79,53,,,,,,,,1,1,1,1,1,1,0,1,0,0,1,1,0,0,0,0,Teacher
Commerce,,,,87,,60,64,53,67,,,,,1,0,0,1,0,1,0,1,0,0,0,1,0,0,0,1,Artist
Science_PCM,75,87,,97,89,96,,,,,,,,0,0,1,1,1,0,0,1,1,1,1,1,0,1,1,1,Teacher
Science_PCB,64,72,98,95,78,,,,,,,,,1,0,0,0,1,1,1,0,1,1,1,0,0,1,0,1,Chartered Accountant
Science_PCB,88,87,78,73,79,,,,,,,,,0,0,0,0,0,1,0,0,1,1,1,0,1,0,1,1,Artist
Science_PCM,53,71,,73,70,80,,,,,,,,1,1,1,1,0,0,0,0,0,0,0,0,1,0,0,1,Doctor
Arts,,,,73,,,,,,73,92,84,99,1,1,0,1,1,0,0,0,0,0,0,1,0,1,1,1,Politician
Science_PCM,75,57,,67,93,81,,,,,,,,0,1,0,0,0,1,1,0,0,0,1,1,1,1,1,0,Entrepreneur
Science_PCM,51,86,,57,95,72,,,,,,,,1,0,1,0,1,0,1,1,0,1,1,0,0,0,1,0,Artist
Science_PCB,80,52,54,59,51,,,,,,,,,1,1,0,0,0,1,0,0,1,0,0,0,1,1,0,1,Chartered Accountant
Science_PCM,97,56,,86,75,55,,,,,,,,1,1,1,1,0,1,1,1,1,0,1,1,0,0,1,1,Software Developer
Arts,,,,70,,,,,,53,93,57,66,0,0,1,1,1,1,1,0,0,0,0,1,0,0,1,0,Entrepreneur
Arts,,,,58,,,,,,59,85,91,91,1,0,0,1,1,0,0,0,1,0,0,1,1,1,0,0,Entrepreneur
Arts,,,,62,,,,,,53,65,98,73,0,0,0,0,0,0,1,0,0,1,1,1,1,1,1,1,Chartered Accountant
Science_PCM,80,69,,89,94,67,,,,,,,,0,0,0,1,1,0,0,0,1,0,1,1,0,1,0,1,Athlete
Commerce,,,,52,,72,83,63,95,,,,,1,1,0,0,0,1,0,0,1,0,0,1,1,0,0,0,Software Developer
Arts,,,,91,,,,,,96,97,75,99,0,1,1,1,1,1,1,0,0,0,0,0,0,1,1,1,Scientist
Commerce,,,,69,,60,99,51,85,,,,,1,1,1,0,0,1,1,1,1,1,1,0,0,1,1,1,Engineer
Arts,,,,59,,,,,,55,87,94,84,0,1,0,1,0,1,0,1,0,0,1,1,1,1,0,0,Entrepreneur
Commerce,,,,75,,96,52,56,73,,,,,0,0,1,1,0,0,0,0,0,1,1,0,0,1,1,1,Chartered Accountant
Science_PCM,68,62,,93,58,85,,,,,,,,1,1,0,1,0,0,1,0,1,1,1,1,0,1,1,0,Software Developer
Commerce,,,,82,,94,80,57,92,,,,,1,0,0,1,0,0,0,0,1,0,1,1,0,0,0,0,Athlete
Commerce,,,,63,,62,100,99,66,,,,,0,1,1,0,0,1,0,0,0,0,1,0,1,0,0,1,Engineer
Commerce,,,,67,,56,99,95,86,,,,,0,1,0,0,1,0,1,0,1,0,0,0,1,1,1,0,Teacher
Science_PCM,60,52,,65,77,71,,,,,,,,0,0,1,1,0,1,0,0,1,0,1,0,0,1,0,0,Doctor
Arts,,,,58,,,,,,67,86,78,79,1,1,0,1,0,0,1,0,1,1,1,1,0,0,0,1,Doctor
Science_PCB,98,67,89,77,96,,,,,,,,,0,0,1,1,1,1,0,0,1,0,0,0,0,0,0,0,Entrepreneur
Science_PCB,60,54,76,84,99,,,,,,,,,0,1,1,1,1,0,0,1,1,0,1,1,1,0,1,0,Artist
Arts,,,,63,,,,,,95,84,55,70,1,1,0,0,1,0,1,1,0,0,0,1,0,0,1,1,Software Developer
Commerce,,,,81,,52,96,80,74,,,,,1,1,1,0,0,1,1,1,0,0,0,1,1,1,1,0,Chartered Accountant
Arts,,,,84,,,,,,97,64,88,82,1,0,0,1,0,0,0,1,0,1,0,0,1,1,0,0,Artist
Science_PCM,57,84,,76,71,95,,,,,,,,1,1,0,0,1,1,1,0,1,1,1,0,0,0,0,1,Engineer
Commerce,,,,51,,82,71,58,59,,,,,0,1,1,0,0,1,1,0,0,1,1,1,1,0,1,0,Artist
Commerce,,,,73,,70,74,73,82,,,,,0,0,1,0,0,1,0,0,1,0,0,0,0,1,0,1,Artist
Science_PCB,61,75,63,72,53,,,,,,,,,0,0,0,0,0,1,1,1,1,0,1,1,0,1,1,1,Teacher
Science_PCB,90,99,92,69,69,,,,,,,,,0,1,1,1,0,1,1,1,0,0,1,0,0,0,0,1,Artist
Science_PCM,51,56,,71,51,75,,,,,,,,0,1,1,1,1,1,1,0,1,0,1,0,1,0,1,0,Chartered Accountant
Arts,,,,60,,,,,,51,81,76,73,0,0,0,0,1,1,1,0,0,0,1,0,0,0,0,1,Teacher
Science_PCB,75,65,80,51,60,,,,,,,,,1,0,0,1,1,0,1,0,1,1,0,1,0,0,0,1,Chartered Accountant
Science_PCB,72,95,92,84,60,,,,,,,,,1,1,1,1,0,0,1,1,0,1,1,0,0,0,0,1,Scientist
Science_PCB,50,74,84,88,50,,,,,,,,,1,1,0,1,1,0,0,0,1,0,1,0,0,1,0,1,Artist
Science_PCB,54,63,62,60,67,,,,,,,,,0,1,0,0,1,0,0,0,0,1,1,0,0,0,1,0,Chartered Accountant
Science_PCM,85,58,,58,59,69,,,,,,,,1,1,0,1,1,0,1,1,1,1,1,1,1,0,0,0,Athlete
Commerce,,,,64,,96,56,89,77,,,,,0,0,1,0,1,0,1,0,1,0,0,0,1,1,0,0,Artist
Arts,,,,66,,,,,,95,88,70,91,1,0,1,0,0,1,1,0,1,1,1,1,1,0,0,0,Athlete
Arts,,,,61,,,,,,54,58,90,54,0,0,0,1,0,1,0,0,1,0,1,1,1,0,1,0,Teacher
Science_PCM,81,61,,91,59,88,,,,,,,,0,1,0,0,1,0,1,0,1,0,0,0,0,1,0,1,Software Developer
Science_PCM,70,98,,72,66,73,,,,,,,,0,1,1,1,1,1,1,1,1,1,1,0,0,0,0,0,Entrepreneur
Commerce,,,,59,,81,67,90,97,,,,,1,1,0,0,1,0,1,0,1,0,1,0,0,0,1,1,Artist
Commerce,,,,55,,53,60,53,87,,,,,1,1,0,0,1,0,0,0,1,0,1,0,0,1,1,0,Athlete
Science_PCB,75,98,58,99,93,,,,,,,,,1,1,1,1,0,0,1,1,1,0,1,1,1,1,1,1,Scientist
Science_PCB,57,60,78,77,78,,,,,,,,,0,1,1,0,1,0,0,1,0,1,0,1,0,1,0,0,Scientist
Arts,,,,66,,,,,,52,68,53,53,0,1,0,1,1,1,1,0,1,0,1,0,1,1,1,0,Entrepreneur
Science_PCB,83,91,62,51,95,,,,,,,,,1,0,0,1,1,1,0,1,1,0,1,0,0,1,1,1,Chartered Accountant
Science_PCM,91,80,,79,79,91,,,,,,,,1,0,1,1,1,1,1,1,0,1,1,1,0,0,1,0,Engineer
Science_PCM,59,57,,54,68,83,,,,,,,,0,0,0,1,1,1,0,0,1,1,0,1,0,0,0,1,Entrepreneur
Commerce,,,,64,,60,91,85,81,,,,,0,0,1,0,0,0,0,1,0,1,1,0,0,1,1,1,Artist
Commerce,,,,90,,68,51,76,81,,,,,1,0,0,1,0,0,1,1,1,1,0,1,0,1,1,0,Scientist
Science_PCB,59,74,95,54,72,,,,,,,,,1,0,1,0,1,0,0,1,0,1,0,0,1,0,1,0,Politician
Commerce,,,,71,,65,81,75,86,,,,,0,0,0,1,0,1,0,0,1,0,1,0,0,0,0,0,Athlete
Science_PCB,64,59,74,97,50,,,,,,,,,1,0,1,1,0,1,0,0,1,1,0,0,1,1,0,0,Engineer
Science_PCM,80,82,,59,60,69,,,,,,,,0,1,0,1,1,1,0,1,1,0,1,0,1,0,0,1,Teacher
Commerce,,,,99,,61,53,55,64,,,,,1,0,0,0,1,0,1,0,0,1,1,1,1,1,1,0,Software Developer
Science_PCM,74,78,,76,89,67,,,,,,,,1,0,1,1,0,0,1,1,1,1,0,0,0,1,0,1,Doctor
Commerce,,,,77,,73,58,90,93,,,,,0,1,1,0,0,0,1,0,0,1,1,0,0,1,0,1,Artist
Science_PCB,60,92,50,78,80,,,,,,,,,0,0,0,1,0,1,1,0,0,0,1,1,1,1,1,1,Doctor
Science_PCM,71,97,,89,56,91,,,,,,,,1,1,0,0,0,1,0,1,0,0,0,1,0,1,0,1,Doctor
Science_PCM,78,79,,97,96,63,,,,,,,,0,0,1,0,1,0,1,1,1,0,0,1,0,1,0,1,Athlete
Arts,,,,76,,,,,,97,88,73,89,1,1,0,1,0,0,1,1,1,0,0,1,1,0,1,0,Software Developer
Science_PCB,81,58,75,98,76,,,,,,,,,0,0,1,1,0,1,0,0,0,0,1,0,1,0,1,1,Scientist
Arts,,,,59,,,,,,74,76,81,84,0,1,1,0,0,1,0,0,1,1,0,1,0,1,1,1,Politician
Commerce,,,,77,,66,98,81,99,,,,,1,0,0,1,1,1,0,0,1,1,0,0,0,0,0,1,Athlete
Science_PCB,99,51,53,67,50,,,,,,,,,1,1,0,0,0,0,0,1,1,0,0,1,0,0,0,0,Teacher
Science_PCM,100,87,,61,55,85,,,,,,,,1,1,0,1,1,0,0,1,1,1,1,0,1,1,1,1,Artist
Science_PCB,74,57,84,83,63,,,,,,,,,1,0,1,1,1,1,1,1,1,0,0,1,1,0,1,0,Entrepreneur
Science_PCM,99,74,,63,79,80,,,,,,,,0,0,0,0,0,0,0,1,1,1,1,1,0,1,1,1,Chartered Accountant
Commerce,,,,91,,91,50,99,72,,,,,0,0,1,1,0,0,1,1,1,0,0,0,0,1,1,0,Engineer
Science_PCB,67,85,72,92,91,,,,,,,,,0,0,0,1,1,1,1,1,1,1,0,1,0,0,0,1,Engineer
Commerce,,,,56,,71,58,61,78,,,,,0,1,0,0,1,0,0,1,1,0,0,1,0,1,1,1,Entrepreneur
Science_PCB,65,66,86,95,74,,,,,,,,,1,0,1,0,1,0,1,0,0,0,1,0,0,0,0,0,Artist
Arts,,,,66,,,,,,50,62,92,66,0,1,0,0,1,1,1,0,1,1,1,1,0,0,1,1,Engineer
Science_PCM,70,59,,73,62,79,,,,,,,,0,1,1,0,1,1,1,0,1,0,1,1,1,1,0,0,Chartered Accountant
Arts,,,,96,,,,,,71,60,63,52,1,0,1,0,1,1,1,1,1,1,1,1,1,0,1,0,Artist
Science_PCM,99,50,,95,71,57,,,,,,,,0,0,0,0,1,1,1,0,0,1,0,0,1,0,0,1,Engineer
Science_PCM,73,97,,64,78,84,,,,,,,,1,1,0,0,1,1,0,1,0,0,1,0,1,1,0,0,Doctor
Commerce,,,,62,,93,96,51,57,,,,,0,0,1,0,1,0,0,1,1,0,1,1,1,0,1,0,Chartered Accountant
Commerce,,,,62,,85,83,86,99,,,,,0,0,0,1,0,0,1,1,1,0,1,1,0,0,1,0,Software Developer
Commerce,,,,87,,52,84,71,60,,,,,0,0,0,1,1,0,0,0,0,1,0,1,1,1,0,0,Teacher
Arts,,,,70,,,,,,94,60,56,93,0,1,0,1,0,1,1,1,1,1,0,1,0,1,1,1,Doctor
Science_PCB,100,66,80,97,63,,,,,,,,,0,0,1,1,0,0,0,0,1,0,0,0,0,1,0,1,Engineer
Arts,,,,54,,,,,,98,67,78,92,0,0,1,0,0,0,1,0,1,1,0,1,1,1,1,0,Teacher
Science_PCB,58,98,80,70,60,,,,,,,,,0,1,1,1,0,1,0,0,0,0,1,1,0,0,1,1,Artist
Science_PCB,69,90,56,82,84,,,,,,,,,0,0,0,1,1,0,1,0,0,0,0,0,0,1,1,1,Politician
Commerce,,,,74,,75,51,100,85,,,,,1,1,0,0,0,0,1,1,0,0,1,1,1,0,1,0,Doctor
Commerce,,,,92,,79,72,58,76,,,,,0,0,0,0,0,1,1,0,0,1,0,1,0,1,1,0,Artist
Science_PCM,60,54,,97,89,69,,,,,,,,1,1,0,0,1,1,0,1,0,1,0,0,0,1,0,1,Scientist
Arts,,,,94,,,,,,72,72,68,55,1,0,0,1,0,0,0,1,0,0,0,1,1,1,0,1,Doctor
Science_PCM,60,76,,56,52,60,,,,,,,,0,0,1,0,0,1,1,0,0,1,1,1,0,1,1,0,Engineer
Commerce,,,,84,,78,59,91,58,,,,,1,1,1,0,0,1,1,0,1,1,0,1,1,1,1,1,Artist
Science_PCM,94,59,,86,96,80,,,,,,,,0,1,0,0,0,0,1,0,0,1,0,0,1,0,0,1,Software Developer
Arts,,,,70,,,,,,75,53,71,87,0,0,0,0,0,1,1,0,0,0,0,1,0,1,1,0,Chartered Accountant
Commerce,,,,59,,68,92,78,61,,,,,1,0,0,1,0,1,1,1,1,0,1,1,0,0,1,1,Software Developer
Commerce,,,,57,,73,79,55,53,,,,,1,1,0,0,0,0,0,1,0,1,1,1,0,1,0,1,Athlete
Science_PCB,99,51,71,80,50,,,,,,,,,0,1,1,1,0,1,0,1,1,1,1,0,1,1,1,1,Artist
Science_PCM,94,75,,95,96,75,,,,,,,,1,0,0,1,0,0,1,1,1,0,1,1,0,1,0,1,Teacher
Commerce,,,,98,,67,69,56,76,,,,,1,0,1,0,0,0,0,1,0,0,0,0,1,1,1,0,Engineer
Science_PCB,54,70,88,66,63,,,,,,,,,0,1,1,0,0,0,0,1,0,0,1,0,0,1,1,0,Chartered Accountant
Science_PCM,51,69,,94,85,97,,,,,,,,1,1,1,0,0,0,1,1,1,0,1,0,0,1,1,0,Politician
Science_PCM,99,81,,99,56,78,,,,,,,,1,1,0,0,0,0,0,1,1,1,0,1,1,0,0,0,Entrepreneur
Arts,,,,66,,,,,,75,56,71,51,1,0,1,1,0,0,0,1,1,1,1,0,0,0,0,0,Entrepreneur
Arts,,,,68,,,,,,100,56,63,97,0,1,0,0,1,1,1,1,0,1,1,1,1,0,1,0,Politician
Arts,,,,54,,,,,,99,91,72,94,1,1,0,0,1,1,0,1,0,0,0,1,0,1,0,1,Entrepreneur
Commerce,,,,94,,99,58,90,77,,,,,0,1,1,0,1,1,0,0,1,0,1,0,1,1,0,1,Chartered Accountant
Science_PCB,100,90,88,84,72,,,,,,,,,1,1,0,1,0,0,0,1,0,1,0,0,0,1,0,0,Doctor
Arts,,,,85,,,,,,86,94,98,75,1,1,0,1,1,0,1,1,0,0,1,1,1,1,1,0,Artist
Arts,,,,55,,,,,,84,53,97,93,0,0,0,1,1,1,1,1,1,0,0,1,1,0,0,1,Engineer
Commerce,,,,52,,76,76,60,87,,,,,1,1,0,1,1,1,1,0,0,1,0,0,1,0,0,0,Entrepreneur
Science_PCB,96,50,78,69,96,,,,,,,,,0,0,1,0,0,0,0,0,0,1,0,1,1,1,0,0,Politician
Arts,,,,64,,,,,,71,72,87,73,1,0,0,0,0,1,0,0,1,0,1,0,1,0,0,1,Software Developer
Science_PCM,95,94,,89,59,97,,,,,,,,0,1,0,0,0,1,1,0,1,0,1,0,0,1,0,0,Software Developer
Arts,,,,87,,,,,,72,92,57,88,0,0,0,0,0,1,1,1,1,1,1,1,0,1,1,0,Entrepreneur
Science_PCM,60,60,,70,59,94,,,,,,,,0,1,0,0,1,0,1,1,1,0,0,1,1,1,0,0,Software Developer
Commerce,,,,99,,92,97,52,95,,,,,0,1,1,0,0,1,0,1,1,0,1,0,1,0,0,1,Teacher
Science_PCM,84,58,,71,65,99,,,,,,,,0,1,0,1,0,0,1,1,1,1,1,1,0,0,1,0,Entrepreneur
Arts,,,,82,,,,,,57,55,58,62,1,1,0,0,0,1,1,1,0,1,0,1,0,1,0,1,Chartered Accountant
Commerce,,,,55,,90,68,88,98,,,,,0,0,1,1,0,0,1,0,0,1,1,1,1,1,1,1,Doctor
Arts,,,,53,,,,,,74,64,73,80,1,1,0,1,0,1,1,0,1,1,0,1,0,0,0,0,Politician
Science_PCM,60,96,,86,87,81,,,,,,,,0,0,1,0,1,1,0,0,1,1,1,1,1,1,1,1,Software Developer
Commerce,,,,82,,92,69,99,70,,,,,0,1,1,0,1,0,1,0,1,1,0,1,0,1,0,1,Scientist
Commerce,,,,61,,51,83,64,80,,,,,1,0,0,0,1,1,1,0,1,0,1,0,1,0,0,0,Politician
Science_PCB,70,79,99,62,62,,,,,,,,,1,0,1,0,0,1,0,0,0,0,0,1,1,0,1,1,Politician
Arts,,,,91,,,,,,88,100,89,50,0,0,1,0,1,0,1,1,1,1,0,1,0,0,0,1,Teacher
Science_PCB,68,78,90,78,75,,,,,,,,,1,0,0,1,1,0,1,0,1,1,1,0,0,0,0,1,Teacher
Arts,,,,67,,,,,,97,53,53,89,1,0,1,1,1,0,1,1,0,1,0,1,1,0,0,1,Software Developer
Arts,,,,58,,,,,,74,97,56,79,0,1,1,1,0,0,0,0,0,1,1,0,1,1,0,0,Teacher
Commerce,,,,53,,51,70,51,57,,,,,1,0,0,1,1,1,0,1,0,0,0,0,1,0,0,1,Scientist
Commerce,,,,80,,88,91,60,78,,,,,1,0,0,0,0,0,0,1,1,0,0,1,1,1,0,0,Athlete
Science_PCM,75,93,,81,53,65,,,,,,,,1,0,0,0,0,0,1,1,1,1,0,0,1,1,1,1,Entrepreneur
Science_PCM,55,93,,60,84,97,,,,,,,,1,0,1,1,0,0,1,1,1,1,0,0,0,1,0,0,Politician
Science_PCM,60,64,,62,76,80,,,,,,,,0,0,1,0,1,0,0,0,1,0,1,0,0,1,1,1,Chartered Accountant
Science_PCM,65,67,,59,76,50,,,,,,,,0,0,1,1,1,0,0,1,0,1,0,1,0,1,1,1,Artist
Science_PCM,79,93,,98,61,87,,,,,,,,0,1,0,0,0,0,0,0,1,1,1,0,1,1,1,0,Scientist
Science_PCM,67,82,,82,91,89,,,,,,,,0,1,0,1,0,0,0,1,0,1,1,1,1,1,1,0,Scientist
Science_PCM,93,78,,53,70,61,,,,,,,,0,0,0,1,0,0,0,1,0,0,1,1,1,1,1,1,Engineer
Science_PCB,92,59,89,84,89,,,,,,,,,1,1,1,1,1,0,1,0,0,1,1,1,0,0,1,1,Doctor
Science_PCM,84,79,,65,55,56,,,,,,,,0,1,0,0,1,0,1,1,0,1,0,1,0,1,1,1,Artist
Science_PCM,74,51,,69,96,72,,,,,,,,0,0,0,1,1,1,0,0,0,1,0,1,1,0,1,1,Doctor
Commerce,,,,93,,60,98,74,79,,,,,0,1,0,0,1,1,1,1,0,0,0,0,1,1,1,1,Scientist
Science_PCB,58,96,61,92,54,,,,,,,,,1,1,0,0,1,1,0,1,1,1,0,1,1,1,1,0,Doctor
Commerce,,,,75,,66,90,89,56,,,,,1,0,1,0,0,0,1,1,1,0,1,1,1,1,1,1,Politician
Science_PCB,53,91,89,58,99,,,,,,,,,1,0,1,1,0,0,1,1,1,0,1,1,1,0,1,1,Engineer
Science_PCM,88,58,,60,65,50,,,,,,,,0,1,1,1,1,0,1,1,1,0,1,1,1,1,1,0,Teacher
Science_PCB,94,95,83,65,53,,,,,,,,,0,1,1,1,0,0,1,1,1,1,1,1,1,1,0,1,Entrepreneur
Science_PCB,82,76,63,78,52,,,,,,,,,1,0,1,1,0,1,0,0,0,0,1,0,0,1,0,1,Software Developer
Science_PCM,93,89,,67,77,76,,,,,,,,0,0,0,1,0,1,0,1,0,1,0,1,0,0,1,1,Entrepreneur
Science_PCM,55,60,,70,85,57,,,,,,,,1,1,1,1,0,1,0,1,0,1,1,1,1,1,1,1,Teacher
Arts,,,,90,,,,,,72,51,50,76,1,0,1,0,0,1,1,0,0,0,0,0,0,1,1,0,Artist
Commerce,,,,61,,95,94,94,97,,,,,1,1,0,1,1,0,1,0,0,0,0,0,1,1,1,1,Software Developer
Science_PCM,88,67,,80,67,80,,,,,,,,1,0,1,0,1,0,1,0,0,1,1,1,0,1,0,0,Artist
Science_PCM,64,92,,55,74,83,,,,,,,,0,0,1,1,0,0,1,1,1,1,1,1,0,0,0,1,Software Developer
Science_PCB,81,68,97,81,74,,,,,,,,,1,1,0,1,1,0,0,1,0,1,1,0,1,0,1,0,Engineer
Science_PCM,59,65,,56,64,51,,,,,,,,0,1,1,0,0,1,0,1,0,1,0,0,1,1,1,0,Entrepreneur
Science_PCB,95,99,68,74,67,,,,,,,,,1,0,0,1,0,1,1,1,0,0,1,1,1,0,0,1,Doctor
Commerce,,,,72,,74,72,69,90,,,,,0,0,0,1,1,1,1,1,0,1,0,1,0,0,1,0,Chartered Accountant
Arts,,,,57,,,,,,96,87,87,61,0,1,1,0,1,1,1,1,0,1,1,1,0,0,1,0,Artist
Science_PCB,81,70,67,95,98,,,,,,,,,0,0,0,1,1,1,0,1,1,1,0,1,0,1,1,0,Chartered Accountant
Science_PCM,100,91,,67,82,62,,,,,,,,1,1,0,1,0,1,0,1,1,0,0,1,0,1,1,0,Teacher
Arts,,,,97,,,,,,89,70,77,55,0,0,0,1,0,0,1,1,1,0,0,0,0,0,0,0,Teacher
Science_PCB,72,85,61,59,97,,,,,,,,,1,0,1,1,0,0,0,0,0,1,0,0,1,1,0,1,Software Developer
Arts,,,,55,,,,,,98,59,82,89,0,1,1,1,1,0,1,0,0,0,0,1,0,0,1,0,Politician
Arts,,,,79,,,,,,64,58,88,72,1,0,1,1,0,0,1,1,1,0,1,0,1,1,0,1,Politician
Arts,,,,77,,,,,,64,60,75,66,0,0,0,0,0,1,1,0,0,0,1,0,0,1,0,1,Software Developer
Arts,,,,77,,,,,,77,60,78,83,0,1,0,1,1,1,1,0,1,1,1,1,0,0,1,1,Athlete
Commerce,,,,91,,72,97,100,86,,,,,0,1,0,1,0,0,0,0,1,1,0,1,0,0,0,0,Doctor
Commerce,,,,84,,72,51,95,66,,,,,1,0,0,1,0,0,0,0,1,1,1,1,0,1,1,1,Politician
Science_PCM,55,71,,96,69,51,,,,,,,,0,0,0,0,1,0,1,1,0,0,1,0,1,0,1,1,Teacher
Arts,,,,98,,,,,,79,92,97,93,1,0,1,1,1,1,1,1,0,1,1,0,0,0,1,0,Teacher
Commerce,,,,56,,57,86,73,51,,,,,0,1,0,0,1,1,1,0,0,0,1,0,0,1,0,1,Software Developer
Science_PCM,68,70,,58,65,63,,,,,,,,1,0,1,1,1,0,1,0,1,0,1,1,0,0,1,0,Chartered Accountant
Science_PCM,61,79,,60,86,75,,,,,,,,1,0,1,1,0,0,1,0,0,1,1,0,0,1,1,0,Politician
Commerce,,,,79,,88,99,50,77,,,,,1,0,0,0,1,0,0,0,1,0,0,0,0,0,1,0,Teacher
Arts,,,,62,,,,,,89,76,65,97,1,0,0,1,0,0,1,0,0,0,0,1,0,1,0,0,Chartered Accountant
Science_PCB,51,55,60,65,88,,,,,,,,,0,0,1,1,0,0,0,0,1,0,0,0,0,1,1,1,Scientist
Commerce,,,,100,,65,89,64,92,,,,,1,1,0,0,0,1,0,1,0,0,1,1,0,1,1,1,Doctor
Arts,,,,59,,,,,,88,71,52,60,0,0,1,1,1,1,1,0,1,1,0,0,1,0,1,0,Politician
Arts,,,,99,,,,,,98,95,98,78,1,1,1,1,1,1,0,0,1,0,1,1,0,1,0,1,Artist
Science_PCM,81,87,,95,62,51,,,,,,,,0,1,1,0,0,0,1,1,1,0,1,1,1,0,0,0,Doctor
Commerce,,,,99,,74,100,96,86,,,,,1,0,1,0,1,1,1,0,1,1,1,1,0,0,0,0,Teacher
Science_PCM,58,51,,57,76,100,,,,,,,,1,0,1,0,0,1,0,0,0,0,1,0,1,0,0,0,Teacher
Science_PCB,71,80,97,57,54,,,,,,,,,0,1,0,0,1,1,1,1,1,1,0,0,1,0,0,0,Entrepreneur
Commerce,,,,62,,72,68,88,91,,,,,1,0,0,1,1,0,0,1,1,1,0,0,0,1,1,1,Software Developer
Commerce,,,,68,,64,83,93,91,,,,,1,0,0,1,1,0,0,0,1,1,1,1,1,1,1,0,Teacher
Commerce,,,,89,,84,52,80,88,,,,,1,1,0,1,1,0,0,0,1,0,0,0,0,1,0,1,Artist
Commerce,,,,60,,68,63,69,78,,,,,1,0,0,0,0,0,0,1,0,1,0,0,1,0,1,0,Chartered Accountant
Commerce,,,,71,,62,56,72,68,,,,,1,1,1,0,1,0,1,0,0,1,1,1,1,1,0,0,Doctor
Science_PCB,94,78,60,75,81,,,,,,,,,0,0,1,0,1,1,1,1,1,1,0,1,1,1,1,1,Doctor
Science_PCM,74,72,,90,96,63,,,,,,,,1,1,1,1,0,0,0,1,0,0,0,0,0,1,1,1,Scientist
Commerce,,,,68,,100,79,97,82,,,,,0,0,0,0,1,1,0,1,1,0,0,0,1,1,1,1,Software Developer
Commerce,,,,55,,76,50,90,87,,,,,1,1,0,1,1,1,1,0,0,0,1,0,1,1,0,0,Engineer
Commerce,,,,56,,76,50,60,99,,,,,0,1,1,0,0,0,1,0,0,0,1,1,1,1,0,0,Scientist
Science_PCB,53,71,72,62,50,,,,,,,,,1,1,0,0,1,1,1,1,0,0,0,0,0,0,0,0,Doctor
Arts,,,,65,,,,,,79,74,90,74,1,1,0,1,0,0,1,0,1,0,0,1,0,0,1,1,Doctor
Commerce,,,,94,,52,85,96,71,,,,,0,0,1,1,0,1,0,0,0,0,1,1,1,0,0,1,Chartered Accountant
Science_PCM,55,76,,57,75,51,,,,,,,,1,1,1,1,1,1,0,0,1,1,0,0,1,0,1,1,Doctor
Science_PCM,93,90,,77,54,86,,,,,,,,1,1,0,0,0,0,0,0,0,0,1,0,1,0,0,0,Scientist
Arts,,,,61,,,,,,57,56,91,60,0,0,0,1,0,1,1,1,1,0,0,1,1,1,0,0,Doctor
Arts,,,,58,,,,,,95,58,89,98,0,0,1,0,1,1,0,0,0,0,1,0,0,1,1,1,Entrepreneur
Science_PCB,84,91,86,50,71,,,,,,,,,1,1,0,1,0,1,1,0,0,0,0,0,0,1,0,0,Scientist
Science_PCM,62,83,,90,73,94,,,,,,,,1,1,0,0,1,0,1,0,1,1,1,1,0,1,1,0,Entrepreneur
Science_PCB,81,56,87,97,70,,,,,,,,,1,1,0,0,0,1,1,1,0,1,0,0,1,1,1,1,Scientist
Arts,,,,91,,,,,,68,85,50,93,1,1,1,0,1,1,0,1,0,1,1,0,1,1,0,0,Scientist
Commerce,,,,69,,53,80,78,87,,,,,1,0,1,0,1,0,1,0,1,1,0,0,1,1,0,0,Doctor
Science_PCB,69,100,72,81,60,,,,,,,,,1,0,1,0,1,1,0,1,0,0,1,0,0,1,1,1,Doctor
Science_PCB,72,93,89,57,60,,,,,,,,,0,1,0,0,0,1,0,1,0,0,1,1,1,0,0,1,Software Developer
Science_PCB,95,60,70,83,61,,,,,,,,,0,1,0,1,0,1,0,1,1,1,1,0,1,0,0,1,Engineer
Science_PCB,57,79,68,53,51,,,,,,,,,0,0,1,0,1,0,0,1,1,1,1,0,0,1,0,1,Teacher
Commerce,,,,61,,52,59,59,83,,,,,0,1,1,0,1,1,0,1,0,1,0,0,0,0,0,1,Artist
Arts,,,,62,,,,,,74,54,88,90,0,1,1,1,0,0,0,1,0,1,0,1,1,0,0,1,Scientist
Commerce,,,,100,,84,66,86,58,,,,,0,1,1,1,0,1,1,0,0,0,1,1,1,1,1,1,Chartered Accountant
Arts,,,,65,,,,,,95,65,93,94,0,0,0,0,0,0,0,1,1,0,0,0,0,1,0,0,Engineer
Science_PCB,97,86,92,73,72,,,,,,,,,1,0,0,1,0,1,0,0,1,1,0,0,1,1,0,0,Artist
Science_PCB,85,74,81,52,76,,,,,,,,,0,1,1,0,0,1,1,0,1,0,1,1,1,1,1,0,Doctor
Science_PCM,64,84,,96,51,63,,,,,,,,0,1,0,0,1,1,1,0,0,0,1,0,0,1,1,0,Teacher
Science_PCM,83,72,,66,77,59,,,,,,,,1,0,1,0,1,1,0,0,1,1,0,1,1,0,0,0,Entrepreneur
Arts,,,,95,,,,,,76,54,86,89,0,0,1,0,0,1,0,1,0,1,0,0,1,0,0,0,Chartered Accountant
Commerce,,,,64,,58,57,94,56,,,,,1,1,1,0,0,1,0,0,0,0,0,1,1,1,1,0,Athlete
Arts,,,,90,,,,,,63,88,81,57,0,0,1,1,0,0,0,1,0,0,1,1,0,0,0,0,Scientist
Science_PCM,97,66,,85,58,63,,,,,,,,1,0,0,0,0,0,0,1,0,0,1,1,1,0,1,1,Athlete
Arts,,,,54,,,,,,55,53,63,83,0,0,1,1,0,1,1,1,1,1,1,0,0,0,0,0,Software Developer
Science_PCM,59,60,,74,53,98,,,,,,,,1,0,0,0,1,1,1,1,0,1,0,0,1,1,1,1,Software Developer
Arts,,,,51,,,,,,88,55,73,96,0,0,1,1,0,1,1,1,0,1,1,1,0,0,1,0,Engineer
Science_PCB,59,54,93,66,88,,,,,,,,,1,1,1,1,0,0,1,1,0,0,0,1,0,0,1,0,Doctor
Science_PCM,72,76,,51,69,85,,,,,,,,0,1,0,1,1,0,1,1,1,1,1,1,0,1,0,1,Teacher
Commerce,,,,86,,60,65,56,53,,,,,0,1,1,1,0,1,1,1,0,0,0,0,1,0,0,1,Scientist
Science_PCB,66,61,57,82,73,,,,,,,,,1,1,1,1,0,1,0,0,0,0,1,1,0,1,1,1,Politician
Science_PCB,100,62,80,57,71,,,,,,,,,0,1,1,0,1,0,1,1,0,0,0,1,1,1,0,1,Athlete
Commerce,,,,51,,74,72,62,100,,,,,1,0,1,0,0,1,1,0,1,0,1,0,1,0,0,0,Software Developer
Commerce,,,,53,,70,71,76,74,,,,,1,1,0,0,0,0,0,0,1,1,0,1,0,1,0,0,Scientist
Science_PCB,54,86,65,74,98,,,,,,,,,0,1,0,1,1,0,0,1,1,0,1,0,0,0,0,1,Chartered Accountant
Commerce,,,,63,,53,59,72,57,,,,,1,0,1,0,0,0,0,0,0,0,0,1,0,1,0,1,Athlete
Science_PCB,89,80,58,80,73,,,,,,,,,0,0,1,0,0,1,0,0,1,1,0,1,1,1,1,0,Teacher
Commerce,,,,69,,56,95,57,59,,,,,0,1,1,1,1,0,0,1,1,1,1,0,1,1,0,0,Teacher
Arts,,,,62,,,,,,86,63,79,84,1,1,0,0,0,1,1,1,0,0,1,0,1,1,0,0,Athlete
Arts,,,,93,,,,,,60,96,56,59,0,1,1,1,0,1,1,1,0,1,0,0,0,0,1,1,Politician
Commerce,,,,72,,99,83,77,62,,,,,1,1,0,1,1,1,1,0,0,1,1,1,1,1,1,0,Chartered Accountant
Science_PCM,68,76,,95,100,55,,,,,,,,0,1,0,0,1,0,1,0,0,0,1,1,0,0,1,0,Entrepreneur
Science_PCM,79,57,,61,100,86,,,,,,,,1,1,1,1,0,1,1,0,1,1,1,1,1,0,1,0,Entrepreneur
Arts,,,,68,,,,,,75,78,53,91,0,1,1,1,0,0,0,1,0,1,1,0,1,1,1,1,Entrepreneur
Science_PCB,58,64,93,81,61,,,,,,,,,1,0,1,1,1,0,0,0,0,0,1,1,1,1,0,1,Scientist
Science_PCM,56,90,,83,63,95,,,,,,,,0,1,1,0,0,1,0,0,0,0,0,0,0,0,0,1,Athlete
Commerce,,,,53,,78,58,68,78,,,,,1,1,0,0,1,0,1,0,0,1,1,1,0,0,1,1,Teacher
Science_PCM,82,74,,79,74,73,,,,,,,,0,0,0,0,1,1,0,0,0,0,0,1,0,0,1,1,Software Developer
Commerce,,,,73,,72,58,69,70,,,,,0,0,1,0,0,1,1,0,1,1,0,1,0,0,0,1,Software Developer
Science_PCB,93,74,54,66,97,,,,,,,,,0,0,0,0,1,0,1,1,1,1,0,1,0,0,1,0,Scientist
Arts,,,,95,,,,,,65,79,68,95,1,1,1,1,0,1,1,0,0,0,0,0,0,0,0,0,Athlete
Science_PCM,50,53,,58,73,67,,,,,,,,1,1,1,0,0,1,0,1,0,0,1,0,1,0,1,0,Engineer
Commerce,,,,96,,58,66,64,93,,,,,0,1,1,0,0,1,1,1,1,0,1,0,1,1,0,0,Scientist
Commerce,,,,80,,87,91,87,60,,,,,1,0,1,0,0,0,1,1,0,1,1,0,1,1,0,1,Doctor
Science_PCB,73,79,65,93,98,,,,,,,,,1,1,0,0,0,0,0,1,0,1,1,0,0,1,1,1,Engineer
Science_PCB,54,62,68,67,67,,,,,,,,,0,0,0,1,0,1,1,1,1,0,1,1,1,1,1,1,Software Developer
Science_PCB,82,51,78,70,57,,,,,,,,,1,0,0,0,1,0,0,1,1,1,0,1,1,0,1,1,Athlete
Science_PCM,98,92,,94,58,70,,,,,,,,1,1,1,1,0,0,0,0,0,1,0,1,1,1,0,1,Doctor
Science_PCB,96,84,60,74,52,,,,,,,,,1,1,0,1,1,0,0,0,1,0,0,0,1,1,0,0,Chartered Accountant
Science_PCM,68,99,,68,70,75,,,,,,,,1,0,0,0,1,0,0,0,0,0,1,0,1,0,0,1,Chartered Accountant
Arts,,,,100,,,,,,51,66,97,52,1,1,1,1,1,1,1,0,1,1,1,0,0,1,0,1,Politician
Commerce,,,,56,,72,87,64,92,,,,,1,1,1,0,0,1,0,1,1,1,0,0,1,1,1,0,Engineer
Science_PCB,73,60,91,55,66,,,,,,,,,1,0,1,1,0,1,0,0,0,0,1,1,0,0,1,0,Artist
Arts,,,,86,,,,,,51,77,89,67,1,0,1,1,1,0,0,1,1,0,1,1,0,0,0,1,Athlete
Commerce,,,,91,,72,80,99,60,,,,,1,1,1,1,0,0,0,0,0,0,1,1,1,1,0,1,Engineer
Science_PCM,90,90,,73,67,88,,,,,,,,0,1,0,0,1,1,0,0,1,1,0,0,1,1,0,1,Doctor
Science_PCM,60,73,,86,85,74,,,,,,,,0,0,0,1,0,1,1,0,1,1,0,0,1,1,0,1,Doctor
Science_PCM,95,68,,82,82,90,,,,,,,,0,0,1,1,1,0,1,1,1,1,0,0,0,1,0,0,Politician
Science_PCM,83,67,,71,88,66,,,,,,,,1,0,1,0,0,1,1,0,1,0,0,0,0,1,0,1,Politician
Science_PCM,78,94,,81,87,76,,,,,,,,1,1,0,1,1,0,1,0,0,1,0,1,0,1,0,1,Software Developer
Science_PCM,62,60,,94,52,85,,,,,,,,1,1,1,0,0,0,1,0,0,0,0,0,1,1,1,1,Teacher
Science_PCB,92,77,66,50,55,,,,,,,,,0,0,0,1,0,0,1,1,1,1,0,0,0,1,1,1,Teacher
Commerce,,,,88,,87,60,67,74,,,,,0,1,0,0,1,1,0,1,0,1,1,0,0,1,1,1,Teacher
Arts,,,,94,,,,,,70,71,59,80,0,1,1,0,0,0,0,1,1,0,1,1,0,1,1,1,Athlete
Arts,,,,79,,,,,,79,50,72,51,1,0,0,0,1,1,0,1,1,0,0,1,1,0,1,0,Scientist
Arts,,,,88,,,,,,67,76,51,70,1,1,1,0,1,0,0,0,1,1,0,0,0,0,0,1,Athlete
Science_PCM,90,78,,63,70,65,,,,,,,,1,0,1,1,0,1,0,0,0,0,1,0,0,0,0,1,Scientist
Arts,,,,61,,,,,,70,97,67,93,1,0,0,0,0,0,0,1,0,1,1,1,0,1,1,1,Scientist
Science_PCB,89,66,61,77,96,,,,,,,,,0,0,0,1,0,1,1,1,1,0,1,1,0,0,0,0,Doctor
Science_PCB,91,62,71,80,78,,,,,,,,,0,1,1,0,1,0,1,1,0,1,0,0,0,1,0,1,Scientist
Arts,,,,63,,,,,,97,70,62,68,0,0,0,0,1,1,1,0,0,0,0,0,1,0,0,1,Software Developer
Commerce,,,,71,,82,89,79,56,,,,,1,0,0,1,0,0,0,0,1,0,1,0,0,1,1,1,Doctor
Commerce,,,,98,,100,63,82,97,,,,,1,1,1,1,1,0,1,0,0,1,1,1,0,1,0,0,Software Developer
Arts,,,,70,,,,,,63,86,51,68,0,1,0,0,1,0,1,1,0,0,0,1,1,1,1,1,Athlete
Commerce,,,,88,,54,78,64,86,,,,,0,1,0,0,0,1,1,1,1,0,0,1,1,1,1,0,Engineer
Science_PCB,52,87,58,100,79,,,,,,,,,0,1,1,1,1,0,0,1,1,1,1,0,1,1,0,0,Teacher
Science_PCM,77,94,,58,73,73,,,,,,,,0,0,0,0,1,0,0,1,1,0,0,0,1,1,0,0,Entrepreneur
Science_PCB,100,98,60,51,56,,,,,,,,,1,0,0,1,1,1,1,0,0,0,1,1,1,1,1,0,Software Developer
Science_PCB,93,77,68,77,78,,,,,,,,,1,0,0,0,1,1,1,0,0,1,0,0,0,1,0,1,Politician
Commerce,,,,61,,93,54,61,73,,,,,0,1,1,1,1,1,1,0,0,0,1,1,0,0,0,1,Artist
Arts,,,,73,,,,,,65,89,98,77,0,0,1,0,1,0,1,1,0,1,1,1,1,0,1,0,Engineer
Arts,,,,64,,,,,,54,93,100,98,0,1,1,0,1,0,0,1,0,1,0,1,0,0,1,1,Scientist
Science_PCB,69,83,89,77,63,,,,,,,,,1,1,1,1,0,1,0,1,1,1,0,1,1,1,0,1,Chartered Accountant
Arts,,,,71,,,,,,56,57,94,82,1,1,0,0,0,1,1,0,0,0,1,0,0,0,1,1,Scientist
Science_PCB,60,70,56,87,90,,,,,,,,,0,1,0,0,1,0,0,0,0,1,1,1,0,1,1,1,Athlete
Science_PCB,50,76,87,84,50,,,,,,,,,0,0,0,1,0,0,0,0,1,1,0,1,0,1,1,1,Engineer
Arts,,,,88,,,,,,65,75,89,72,0,0,1,1,0,0,0,1,1,0,1,0,0,1,1,0,Entrepreneur
Arts,,,,55,,,,,,70,93,100,53,0,1,1,0,0,1,1,0,0,1,1,0,0,1,1,1,Entrepreneur
Arts,,,,54,,,,,,91,53,94,79,0,0,1,1,1,1,1,0,1,1,0,0,0,1,1,0,Entrepreneur
Science_PCB,68,65,70,71,60,,,,,,,,,0,1,1,0,1,0,0,0,0,1,0,1,1,0,0,1,Software Developer
Science_PCM,67,63,,96,95,80,,,,,,,,1,0,1,1,1,0,1,1,0,1,0,1,0,0,0,0,Chartered Accountant
Science_PCB,59,59,66,70,64,,,,,,,,,0,0,1,0,0,0,0,0,1,0,1,1,0,0,1,0,Doctor
Science_PCM,67,66,,76,51,78,,,,,,,,0,1,1,1,1,0,0,1,1,0,0,1,0,0,0,0,Engineer
Arts,,,,81,,,,,,83,91,62,85,0,0,1,1,1,1,0,1,0,1,1,1,0,1,0,1,Entrepreneur
Arts,,,,61,,,,,,81,69,94,85,0,0,0,1,1,1,0,1,0,0,1,0,1,0,1,1,Politician
Arts,,,,68,,,,,,94,89,93,62,1,0,0,0,0,0,0,0,0,1,1,0,1,1,1,0,Doctor
Arts,,,,90,,,,,,64,73,52,91,1,1,1,0,1,1,0,1,0,1,1,0,0,1,0,1,Athlete
Commerce,,,,92,,61,77,54,96,,,,,0,0,0,0,0,1,1,1,1,0,1,0,1,0,1,1,Engineer
Science_PCM,80,76,,84,75,91,,,,,,,,0,1,0,1,1,1,1,0,0,1,0,0,0,1,0,0,Athlete
Science_PCB,55,99,78,86,96,,,,,,,,,0,0,0,1,0,1,1,0,0,0,1,1,1,0,1,0,Scientist
Science_PCB,67,58,98,52,79,,,,,,,,,0,1,1,1,1,0,1,1,0,0,0,0,1,1,0,0,Athlete
Arts,,,,84,,,,,,52,67,83,52,1,0,1,0,1,1,1,1,0,0,0,0,0,0,1,0,Entrepreneur
Commerce,,,,60,,59,89,95,79,,,,,0,1,1,1,0,0,1,1,0,1,0,1,0,1,0,1,Scientist
Commerce,,,,100,,76,56,93,84,,,,,1,1,1,1,1,0,0,1,1,0,1,0,0,0,1,1,Engineer
Arts,,,,93,,,,,,79,84,69,90,1,0,0,0,1,1,1,0,0,0,0,1,0,0,1,1,Doctor
Arts,,,,71,,,,,,62,62,92,60,1,1,1,0,1,0,1,1,0,0,0,1,1,0,1,0,Entrepreneur
Science_PCM,64,65,,98,86,50,,,,,,,,0,1,0,0,1,1,1,1,1,0,1,0,0,0,0,0,Chartered Accountant
Science_PCM,64,50,,92,63,72,,,,,,,,0,0,0,1,0,1,1,1,1,1,0,1,0,1,0,0,Doctor
Science_PCB,95,74,97,87,100,,,,,,,,,0,1,0,0,0,0,1,1,1,1,0,0,0,0,0,0,Scientist
Arts,,,,92,,,,,,64,67,75,57,1,1,0,0,1,0,0,0,0,1,0,0,1,0,0,0,Artist
Arts,,,,83,,,,,,96,67,96,96,1,0,1,1,0,0,1,0,1,1,1,0,1,0,1,0,Scientist
Commerce,,,,95,,60,59,55,68,,,,,1,0,1,1,1,1,0,1,1,1,0,1,0,0,0,1,Teacher
Science_PCB,65,93,55,92,89,,,,,,,,,0,1,0,1,1,1,0,1,1,1,1,1,0,1,0,0,Entrepreneur
Commerce,,,,88,,96,99,70,65,,,,,0,0,0,0,1,1,0,0,1,1,1,1,0,1,0,0,Artist
Commerce,,,,63,,78,72,54,61,,,,,1,0,1,1,0,0,0,0,0,1,1,1,0,1,0,0,Athlete
Science_PCM,70,84,,69,74,53,,,,,,,,0,1,1,1,0,0,1,0,0,0,0,0,1,1,1,1,Engineer
Science_PCM,58,53,,94,91,54,,,,,,,,1,1,1,0,0,0,1,1,0,1,0,0,0,0,1,0,Engineer
Science_PCM,94,100,,90,65,75,,,,,,,,0,1,1,1,1,0,0,1,0,0,1,0,0,0,0,1,Teacher
Arts,,,,59,,,,,,70,76,64,88,1,0,1,0,0,0,0,1,0,1,1,1,1,0,0,0,Chartered Accountant
Arts,,,,67,,,,,,69,89,57,91,1,0,1,0,0,1,0,0,0,0,1,1,1,1,1,0,Entrepreneur
Commerce,,,,53,,94,82,87,76,,,,,1,1,1,1,0,0,0,0,0,1,1,0,1,0,0,0,Doctor
Science_PCB,95,59,55,98,80,,,,,,,,,0,0,1,0,0,0,0,1,1,1,0,0,1,0,1,0,Athlete
Science_PCM,67,74,,58,79,93,,,,,,,,1,0,1,0,1,0,1,1,0,0,0,0,1,0,1,0,Teacher
Commerce,,,,94,,62,99,94,54,,,,,0,0,0,0,1,1,1,1,1,1,1,1,1,0,1,0,Scientist
Science_PCM,64,98,,69,74,91,,,,,,,,1,1,1,1,1,0,1,0,1,1,0,0,1,1,1,0,Athlete
Commerce,,,,62,,60,88,67,93,,,,,1,1,0,0,1,1,0,1,0,1,1,1,1,0,1,1,Chartered Accountant
Commerce,,,,96,,66,97,61,94,,,,,0,0,0,1,0,0,0,1,1,1,1,1,0,1,0,1,Scientist
Commerce,,,,70,,63,58,93,69,,,,,1,0,1,1,0,0,1,0,0,0,0,0,1,1,0,0,Engineer
Science_PCM,56,56,,100,91,91,,,,,,,,0,1,1,1,1,0,0,1,1,1,1,1,0,0,1,0,Politician
Science_PCB,62,93,93,75,70,,,,,,,,,1,0,0,1,1,1,0,0,1,1,1,0,1,0,1,0,Teacher
Science_PCB,63,67,57,63,50,,,,,,,,,1,1,0,0,0,1,0,1,0,0,1,0,0,1,0,1,Entrepreneur
Science_PCB,87,77,50,79,77,,,,,,,,,0,1,1,0,0,1,0,1,0,1,1,1,0,1,0,0,Teacher
Arts,,,,57,,,,,,64,87,83,78,1,1,1,0,0,0,1,0,1,1,1,0,1,0,1,0,Software Developer
Science_PCB,55,80,66,87,64,,,,,,,,,1,1,1,0,1,0,1,0,0,1,0,0,1,1,1,0,Artist
Science_PCB,69,72,61,66,51,,,,,,,,,1,0,1,0,1,1,0,1,1,1,0,0,1,1,1,0,Doctor
Commerce,,,,69,,73,96,71,99,,,,,0,0,0,1,1,0,0,1,0,0,1,0,0,0,0,1,Doctor
Commerce,,,,85,,100,50,50,95,,,,,0,0,0,1,1,1,1,1,1,0,0,0,0,1,1,0,Chartered Accountant
Arts,,,,84,,,,,,56,80,79,91,0,0,1,1,1,0,0,1,0,0,1,0,1,0,0,1,Engineer
Science_PCM,53,84,,90,96,58,,,,,,,,1,0,1,0,0,0,1,1,0,1,0,0,1,1,0,1,Engineer
Science_PCB,63,85,94,97,92,,,,,,,,,1,0,0,1,1,0,0,1,0,1,1,1,0,1,1,1,Entrepreneur
Science_PCB,86,97,85,61,69,,,,,,,,,0,0,1,1,0,0,0,1,0,1,1,1,0,1,0,0,Athlete
Science_PCM,59,60,,89,100,70,,,,,,,,0,1,0,0,0,1,1,0,1,0,0,0,0,0,1,0,Politician
Arts,,,,75,,,,,,57,75,78,64,1,1,1,0,0,0,1,0,1,1,1,0,1,0,0,1,Athlete
Commerce,,,,59,,97,69,99,94,,,,,1,1,0,1,1,0,1,1,1,1,0,0,1,1,1,0,Politician
Commerce,,,,98,,51,51,51,69,,,,,1,0,0,1,0,0,0,0,0,0,1,1,1,0,1,1,Athlete
Commerce,,,,98,,63,82,64,95,,,,,0,0,0,0,0,1,0,1,1,1,1,1,1,1,1,1,Athlete
Commerce,,,,76,,59,80,97,80,,,,,0,0,0,0,0,1,0,0,0,0,1,0,0,1,1,0,Chartered Accountant
Arts,,,,72,,,,,,95,52,70,97,0,0,1,1,0,1,0,0,0,1,1,0,0,0,0,0,Engineer
Science_PCB,54,60,83,100,66,,,,,,,,,1,1,0,1,0,1,1,0,1,0,1,0,1,1,1,1,Scientist
Science_PCM,71,70,,94,70,76,,,,,,,,0,0,0,1,1,0,0,0,1,0,1,1,1,1,1,1,Politician
Science_PCM,96,85,,63,80,63,,,,,,,,1,1,1,1,0,0,0,1,1,0,0,0,0,0,1,1,Software Developer
Arts,,,,68,,,,,,90,98,50,89,0,1,1,1,1,0,0,0,1,1,0,1,1,1,0,1,Chartered Accountant
Science_PCB,60,80,92,77,86,,,,,,,,,0,1,1,0,0,0,1,0,0,0,0,1,0,1,0,1,Scientist
Science_PCM,63,78,,78,82,95,,,,,,,,1,0,1,1,0,1,0,0,0,1,1,1,1,0,0,1,Artist
Commerce,,,,88,,87,69,61,66,,,,,0,0,0,0,1,1,1,1,1,0,0,1,0,0,1,1,Engineer
Commerce,,,,80,,70,80,58,82,,,,,1,0,1,0,0,0,0,1,0,0,0,0,1,1,0,1,Artist
Science_PCB,95,84,83,91,67,,,,,,,,,1,0,0,0,1,1,0,0,0,0,0,1,0,1,1,1,Engineer
Science_PCM,95,70,,61,59,71,,,,,,,,0,0,1,0,1,0,0,0,0,0,1,1,0,0,1,0,Software Developer
Science_PCB,95,60,93,62,50,,,,,,,,,1,1,1,0,1,0,1,0,1,0,1,0,0,1,1,1,Chartered Accountant
Science_PCM,79,94,,51,51,87,,,,,,,,1,1,0,0,0,1,1,1,0,1,1,0,1,0,0,1,Engineer
Commerce,,,,75,,94,88,95,57,,,,,0,1,1,1,1,0,1,0,1,1,1,1,1,0,0,0,Chartered Accountant
Science_PCM,53,72,,80,96,52,,,,,,,,0,1,0,1,1,1,0,0,0,0,1,1,0,1,0,0,Doctor
Arts,,,,99,,,,,,93,59,65,66,0,1,0,1,1,0,1,1,1,0,0,1,1,1,0,0,Artist
Commerce,,,,57,,96,91,54,93,,,,,1,0,0,1,0,1,0,1,1,0,0,1,0,1,1,1,Engineer
Science_PCB,89,55,93,58,65,,,,,,,,,1,0,0,1,0,1,1,1,0,1,1,0,1,1,1,0,Artist
Science_PCM,71,83,,90,87,61,,,,,,,,1,0,0,0,0,1,1,0,1,0,0,0,1,1,0,1,Engineer
Science_PCB,77,54,61,78,53,,,,,,,,,1,0,0,1,1,0,1,1,1,0,1,0,1,1,0,0,Entrepreneur
Science_PCM,88,99,,87,74,67,,,,,,,,1,1,1,1,1,1,0,0,0,1,1,1,0,1,0,1,Entrepreneur
Science_PCB,57,86,81,57,70,,,,,,,,,1,1,1,0,0,0,0,1,0,0,0,1,0,1,1,0,Chartered Accountant
Science_PCM,50,59,,61,93,88,,,,,,,,0,1,0,0,0,0,1,1,1,1,1,1,0,0,1,0,Software Developer
Arts,,,,97,,,,,,98,87,78,72,0,0,0,1,1,0,0,1,0,1,1,0,0,1,0,1,Chartered Accountant
Arts,,,,65,,,,,,93,75,74,56,0,0,1,0,0,1,1,1,1,1,0,0,1,1,1,1,Artist
Science_PCB,71,75,77,55,75,,,,,,,,,1,0,1,1,1,0,0,1,1,1,1,0,1,1,1,1,Teacher
Commerce,,,,63,,96,90,83,94,,,,,1,0,0,1,0,1,0,1,1,1,0,1,0,0,0,1,Athlete
Science_PCM,95,62,,67,94,86,,,,,,,,1,1,1,1,0,0,1,1,0,0,1,0,1,0,1,0,Engineer
Science_PCB,81,58,53,90,99,,,,,,,,,0,1,0,1,0,0,0,0,0,0,1,0,1,0,1,1,Engineer
Commerce,,,,66,,100,77,80,67,,,,,0,1,1,1,1,0,1,1,0,0,0,1,1,0,1,0,Software Developer
Science_PCB,78,66,69,61,69,,,,,,,,,1,1,0,0,1,0,0,0,0,1,1,1,1,0,1,1,Doctor
Arts,,,,65,,,,,,97,76,73,58,0,0,0,1,0,0,0,0,0,1,1,1,0,1,0,1,Artist
Science_PCM,67,87,,79,79,83,,,,,,,,1,0,1,0,0,0,0,0,1,0,1,0,1,1,0,1,Engineer
Science_PCM,55,75,,95,78,65,,,,,,,,1,1,0,1,0,1,0,1,1,0,0,0,1,0,0,1,Doctor
Science_PCM,82,84,,98,74,97,,,,,,,,1,1,0,1,1,1,1,0,1,1,0,0,1,1,0,0,Athlete
Arts,,,,81,,,,,,78,54,71,85,0,1,0,1,1,1,0,1,0,1,0,0,0,0,0,1,Scientist
Science_PCM,69,54,,71,77,61,,,,,,,,1,1,0,0,0,1,0,1,0,1,1,1,1,0,0,0,Teacher
Commerce,,,,66,,72,54,89,81,,,,,0,1,0,1,0,0,1,1,1,1,1,1,0,1,0,1,Engineer
Science_PCM,97,98,,50,53,75,,,,,,,,0,1,1,1,0,0,1,1,0,1,1,0,1,0,0,0,Politician
Science_PCM,58,97,,68,60,61,,,,,,,,1,0,1,1,0,0,1,0,1,1,1,0,0,1,1,1,Engineer
Arts,,,,53,,,,,,95,78,89,68,1,1,1,0,0,0,0,1,0,1,1,0,0,1,1,1,Doctor
Arts,,,,68,,,,,,98,57,72,62,0,0,1,0,1,1,0,0,1,0,0,0,1,0,0,0,Engineer
Arts,,,,90,,,,,,86,66,81,81,0,1,0,0,0,0,0,1,1,1,1,1,0,1,0,0,Teacher
Commerce,,,,66,,67,62,96,67,,,,,0,0,0,1,1,1,0,0,0,0,0,1,0,0,0,1,Scientist
Science_PCB,92,63,52,54,80,,,,,,,,,0,1,1,1,1,0,0,0,0,0,1,1,1,0,0,1,Software Developer
Commerce,,,,89,,90,71,83,53,,,,,0,1,1,1,1,1,0,0,1,1,0,0,0,1,1,1,Engineer
Science_PCB,90,57,94,89,66,,,,,,,,,0,1,0,0,1,1,0,1,0,0,1,0,0,0,0,1,Politician
Arts,,,,92,,,,,,62,57,75,97,0,1,0,0,1,0,1,1,1,1,1,0,0,1,1,0,Athlete
Science_PCB,99,68,63,76,79,,,,,,,,,1,0,0,1,0,0,1,1,1,0,1,1,1,1,1,0,Scientist
Science_PCB,50,65,82,99,98,,,,,,,,,0,1,1,1,1,0,0,0,1,1,1,1,0,0,1,0,Chartered Accountant
Science_PCM,94,66,,83,98,68,,,,,,,,0,1,0,1,0,1,0,1,1,0,1,1,1,0,0,1,Entrepreneur
Science_PCM,52,58,,77,52,50,,,,,,,,1,0,1,0,0,0,1,0,1,1,1,0,0,0,1,0,Teacher
Science_PCB,89,100,67,61,67,,,,,,,,,0,0,1,1,0,0,1,0,0,0,1,0,0,1,1,0,Athlete
Science_PCB,91,81,94,95,86,,,,,,,,,0,0,0,1,0,1,0,1,0,1,0,1,0,1,1,0,Athlete
